crossing_candidate_id,lat,lon,utm_x,utm_y,raw_event_count,osm_way_count,osm_way_ids,osm_highway,osm_ref,osm_name,motor_vehicle_access_class,member_access_classes,restriction_evidence,road_hierarchy,corridor_continuity,materiality_screen,documentary_inventory_match,current_gateway_match,known_gateway_id,overlap_boundary_geometry,dedup_cluster_diameter_m,dedup_mixed_motorability,dedup_review_flag,notes
GEO_0001,46.26887413881664,12.320952981493182,755894.468967932,5129283.6664285865,1,1,136614954,path,,Troi de Moliesa,NON_MOTOR_VEHICLE,NON_MOTOR_VEHICLE,highway=path; name=Troi de Moliesa,VERY_LOW,TO_BE_RECONCILED,RESTRICTED_NOT_MODELLABLE,TO_BE_RECONCILED,TO_BE_RECONCILED,,False,0.0,False,False,
GEO_0002,46.26958290206509,12.32126721387331,755915.3786603212,5129363.428084181,1,1,481549315,path,,Troi de Sant'Antoni,NON_MOTOR_VEHICLE,NON_MOTOR_VEHICLE,highway=path; name=Troi de Sant'Antoni; surface=ground,VERY_LOW,TO_BE_RECONCILED,RESTRICTED_NOT_MODELLABLE,TO_BE_RECONCILED,TO_BE_RECONCILED,,False,0.0,False,False,
GEO_0003,46.26983069093596,12.32138754808113,755923.4958746945,5129391.347222421,1,1,310870424,path,,Troi dei Sambughi,NON_MOTOR_VEHICLE,NON_MOTOR_VEHICLE,highway=path; name=Troi dei Sambughi,VERY_LOW,TO_BE_RECONCILED,RESTRICTED_NOT_MODELLABLE,TO_BE_RECONCILED,TO_BE_RECONCILED,,False,0.0,False,False,
GEO_0004,46.26760051877449,12.321626691027765,755952.3131697983,5129144.338988915,1,1,25286566,primary,SR251,San Antonio,OPEN_ORDINARY,OPEN_ORDINARY,highway=primary; ref=SR251; name=San Antonio; surface=asphalt; maxheight=default,HIGH,TO_BE_RECONCILED,CORE_CANDIDATE,TO_BE_RECONCILED,TO_BE_RECONCILED,,False,0.0,False,False,
GEO_0005,46.26713299789901,12.32194690815649,755979.1652841191,5129093.430369196,1,1,1482200628,service,,,OPEN_LOCAL,OPEN_LOCAL,highway=service,VERY_LOW,TO_BE_RECONCILED,MINOR_LIKELY_EXCLUDABLE,TO_BE_RECONCILED,TO_BE_RECONCILED,,False,0.0,False,False,
GEO_0006,46.26687394697072,12.322123464357684,755993.9766958442,5129065.219381854,1,1,373623003,path,,Ferrata della Memoria,NON_MOTOR_VEHICLE,NON_MOTOR_VEHICLE,highway=path; name=Ferrata della Memoria; bicycle=no,VERY_LOW,TO_BE_RECONCILED,RESTRICTED_NOT_MODELLABLE,TO_BE_RECONCILED,TO_BE_RECONCILED,,False,0.0,False,False,
GEO_0007,46.2724555979548,12.322495178988067,755996.6037326418,5129686.564369424,1,1,1159440922,path,,,NON_MOTOR_VEHICLE,NON_MOTOR_VEHICLE,highway=path,VERY_LOW,TO_BE_RECONCILED,RESTRICTED_NOT_MODELLABLE,TO_BE_RECONCILED,TO_BE_RECONCILED,,False,0.0,False,False,
GEO_0008,46.26270174381356,12.32202240655624,756005.6312244225,5128601.34469823,1,1,61052538,path,,,NON_MOTOR_VEHICLE,NON_MOTOR_VEHICLE,highway=path,VERY_LOW,TO_BE_RECONCILED,RESTRICTED_NOT_MODELLABLE,TO_BE_RECONCILED,TO_BE_RECONCILED,,False,0.0,False,False,
GEO_0009,46.26563159267123,12.322319929973146,756014.9047837517,5128927.823909853,1,1,100974766,service,,,PRIVATE,PRIVATE,highway=service; access=private; tracktype=grade3,VERY_LOW,TO_BE_RECONCILED,RESTRICTED_NOT_MODELLABLE,TO_BE_RECONCILED,TO_BE_RECONCILED,,False,0.0,False,False,
GEO_0010,46.27414714216091,12.323406487167546,756058.9294759608,5129877.447670217,2,1,1158444212,path,,,NON_MOTOR_VEHICLE,NON_MOTOR_VEHICLE,highway=path,VERY_LOW,TO_BE_RECONCILED,RESTRICTED_NOT_MODELLABLE,TO_BE_RECONCILED,TO_BE_RECONCILED,,False,62.61,False,False,
GEO_0011,46.26078279427048,12.322843376473969,756077.8382587782,5128390.795516323,1,1,61052538,path,,,NON_MOTOR_VEHICLE,NON_MOTOR_VEHICLE,highway=path,VERY_LOW,TO_BE_RECONCILED,RESTRICTED_NOT_MODELLABLE,TO_BE_RECONCILED,TO_BE_RECONCILED,,False,0.0,False,False,
GEO_0012,46.27568273665658,12.324432951387069,756130.8498601364,5130051.377549651,1,1,106451208,path,,,NON_MOTOR_VEHICLE,NON_MOTOR_VEHICLE,highway=path; surface=ground,VERY_LOW,TO_BE_RECONCILED,RESTRICTED_NOT_MODELLABLE,TO_BE_RECONCILED,TO_BE_RECONCILED,,False,0.0,False,False,
GEO_0013,46.278186504721795,12.326614964147515,756287.2691986719,5130336.615422488,1,1,1158444210,path,,,NON_MOTOR_VEHICLE,NON_MOTOR_VEHICLE,highway=path; surface=ground,VERY_LOW,TO_BE_RECONCILED,RESTRICTED_NOT_MODELLABLE,TO_BE_RECONCILED,TO_BE_RECONCILED,,False,0.0,False,False,
GEO_0014,46.28063495045463,12.328667493886421,756433.9564304568,5130615.292128753,1,1,34656214,path,,,NON_MOTOR_VEHICLE,NON_MOTOR_VEHICLE,highway=path; surface=ground,VERY_LOW,TO_BE_RECONCILED,RESTRICTED_NOT_MODELLABLE,TO_BE_RECONCILED,TO_BE_RECONCILED,,False,0.0,False,False,
GEO_0015,46.2854341471395,12.34079535804796,757345.7197999994,5131187.846209245,1,1,34656214,path,,,NON_MOTOR_VEHICLE,NON_MOTOR_VEHICLE,highway=path; surface=ground,VERY_LOW,TO_BE_RECONCILED,RESTRICTED_NOT_MODELLABLE,TO_BE_RECONCILED,TO_BE_RECONCILED,,False,0.0,False,False,
GEO_0016,46.240032281476374,12.339829964853985,757484.0481657448,5126140.38962726,3,1,61052541,path,,,NON_MOTOR_VEHICLE,NON_MOTOR_VEHICLE,highway=path,VERY_LOW,TO_BE_RECONCILED,RESTRICTED_NOT_MODELLABLE,TO_BE_RECONCILED,TO_BE_RECONCILED,,False,35.405,False,False,
GEO_0017,46.28698182638536,12.34280027171043,757492.8934750592,5131366.317574848,2,1,1200756188,path,,,NON_MOTOR_VEHICLE,NON_MOTOR_VEHICLE,highway=path; surface=ground,VERY_LOW,TO_BE_RECONCILED,RESTRICTED_NOT_MODELLABLE,TO_BE_RECONCILED,TO_BE_RECONCILED,,False,0.398,False,False,
GEO_0018,46.28799943295903,12.344043871264343,757583.9068899467,5131483.422674791,1,1,1158444211,path,,,NON_MOTOR_VEHICLE,NON_MOTOR_VEHICLE,highway=path; surface=ground,VERY_LOW,TO_BE_RECONCILED,RESTRICTED_NOT_MODELLABLE,TO_BE_RECONCILED,TO_BE_RECONCILED,,False,0.0,False,False,
GEO_0019,46.240416868871364,12.342275847196435,757670.8017651621,5126191.0691765165,5,2,375012164|375012168,path,,,NON_MOTOR_VEHICLE,NON_MOTOR_VEHICLE,highway=path,VERY_LOW,TO_BE_RECONCILED,RESTRICTED_NOT_MODELLABLE,TO_BE_RECONCILED,TO_BE_RECONCILED,,False,147.784,False,False,
GEO_0020,46.28961392310796,12.344252521388222,757592.4012936393,5131663.47795069,2,1,1158444211,path,,,NON_MOTOR_VEHICLE,NON_MOTOR_VEHICLE,highway=path; surface=ground,VERY_LOW,TO_BE_RECONCILED,RESTRICTED_NOT_MODELLABLE,TO_BE_RECONCILED,TO_BE_RECONCILED,,False,25.376,False,False,
GEO_0021,46.29362815024938,12.349493866043469,757977.2287362851,5132126.540311093,1,1,237522833,path,,,NON_MOTOR_VEHICLE,NON_MOTOR_VEHICLE,highway=path,VERY_LOW,TO_BE_RECONCILED,RESTRICTED_NOT_MODELLABLE,TO_BE_RECONCILED,TO_BE_RECONCILED,,False,0.0,False,False,
GEO_0022,46.239071694440675,12.346805257135927,758026.2895385391,5126056.353356417,1,1,1112221874,path,,,NON_MOTOR_VEHICLE,NON_MOTOR_VEHICLE,highway=path,VERY_LOW,TO_BE_RECONCILED,RESTRICTED_NOT_MODELLABLE,TO_BE_RECONCILED,TO_BE_RECONCILED,,False,0.0,False,False,
GEO_0023,46.31881416710501,12.353060000019441,758133.3358509503,5134936.440904811,1,1,242948670,path,,,NON_MOTOR_VEHICLE,NON_MOTOR_VEHICLE,highway=path,VERY_LOW,TO_BE_RECONCILED,RESTRICTED_NOT_MODELLABLE,TO_BE_RECONCILED,TO_BE_RECONCILED,,False,0.0,False,False,
GEO_0024,46.30532093501151,12.353040859030324,758195.3761186659,5133437.221522961,2,1,396512647,path,,,NON_MOTOR_VEHICLE,NON_MOTOR_VEHICLE,highway=path,VERY_LOW,TO_BE_RECONCILED,RESTRICTED_NOT_MODELLABLE,TO_BE_RECONCILED,TO_BE_RECONCILED,,False,10.107,False,False,
GEO_0025,46.31661662343457,12.355178886770164,758306.80121162,5134699.197893025,4,1,242948670,path,,,NON_MOTOR_VEHICLE,NON_MOTOR_VEHICLE,highway=path,VERY_LOW,TO_BE_RECONCILED,RESTRICTED_NOT_MODELLABLE,TO_BE_RECONCILED,TO_BE_RECONCILED,,False,290.2,False,False,
GEO_0026,46.30884735438499,12.35485627349278,758318.5546136608,5133834.945218957,5,1,396512648,path,,,NON_MOTOR_VEHICLE,NON_MOTOR_VEHICLE,highway=path,VERY_LOW,TO_BE_RECONCILED,RESTRICTED_NOT_MODELLABLE,TO_BE_RECONCILED,TO_BE_RECONCILED,,False,239.269,False,False,
GEO_0027,46.29868184182534,12.354498122867774,758338.8436173165,5132704.344574115,1,1,837298199,path,,,NON_MOTOR_VEHICLE,NON_MOTOR_VEHICLE,highway=path,VERY_LOW,TO_BE_RECONCILED,RESTRICTED_NOT_MODELLABLE,TO_BE_RECONCILED,TO_BE_RECONCILED,,False,0.0,False,False,
GEO_0028,46.234311721375875,12.354510190132464,758642.6693847693,5125552.620966235,1,1,1112221876,path,,,NON_MOTOR_VEHICLE,NON_MOTOR_VEHICLE,highway=path,VERY_LOW,TO_BE_RECONCILED,RESTRICTED_NOT_MODELLABLE,TO_BE_RECONCILED,TO_BE_RECONCILED,,False,0.0,False,False,
GEO_0029,46.2340927005765,12.3546175444294,758651.9764015668,5125528.637388597,1,1,106081665,path,,,NON_MOTOR_VEHICLE,NON_MOTOR_VEHICLE,highway=path,VERY_LOW,TO_BE_RECONCILED,RESTRICTED_NOT_MODELLABLE,TO_BE_RECONCILED,TO_BE_RECONCILED,,False,0.0,False,False,
GEO_0030,46.32482266936264,12.363329694164712,758895.5267299553,5135637.560841259,1,1,236065230,path,397,,NON_MOTOR_VEHICLE,NON_MOTOR_VEHICLE,highway=path; ref=397,VERY_LOW,TO_BE_RECONCILED,RESTRICTED_NOT_MODELLABLE,TO_BE_RECONCILED,TO_BE_RECONCILED,,False,0.0,False,False,
GEO_0031,46.23029875262659,12.358805445059538,758992.7266716638,5125120.793869816,1,1,1056582387,path,,,NON_MOTOR_VEHICLE,NON_MOTOR_VEHICLE,highway=path,VERY_LOW,TO_BE_RECONCILED,RESTRICTED_NOT_MODELLABLE,TO_BE_RECONCILED,TO_BE_RECONCILED,,False,0.0,False,False,
GEO_0032,46.325551944087955,12.370075336853684,759411.300665828,5135740.678677062,1,1,236065218,path,,,NON_MOTOR_VEHICLE,NON_MOTOR_VEHICLE,highway=path,VERY_LOW,TO_BE_RECONCILED,RESTRICTED_NOT_MODELLABLE,TO_BE_RECONCILED,TO_BE_RECONCILED,,False,0.0,False,False,
GEO_0033,46.32718457863117,12.372791221338147,759612.6124539449,5135930.978741661,1,1,236065218,path,,,NON_MOTOR_VEHICLE,NON_MOTOR_VEHICLE,highway=path,VERY_LOW,TO_BE_RECONCILED,RESTRICTED_NOT_MODELLABLE,TO_BE_RECONCILED,TO_BE_RECONCILED,,False,0.0,False,False,
GEO_0034,46.22833846164516,12.367692893327972,759687.2465173525,5124932.080235238,1,1,1056582390,path,,,NON_MOTOR_VEHICLE,NON_MOTOR_VEHICLE,highway=path,VERY_LOW,TO_BE_RECONCILED,RESTRICTED_NOT_MODELLABLE,TO_BE_RECONCILED,TO_BE_RECONCILED,,False,0.0,False,False,
GEO_0035,46.32887026209524,12.374241003993976,759716.2130299225,5136123.023382407,2,1,236065218,path,,,NON_MOTOR_VEHICLE,NON_MOTOR_VEHICLE,highway=path,VERY_LOW,TO_BE_RECONCILED,RESTRICTED_NOT_MODELLABLE,TO_BE_RECONCILED,TO_BE_RECONCILED,,False,42.413,False,False,
GEO_0036,46.32967154430996,12.383200387746378,760401.9759890847,5136241.496581368,2,1,236065218,path,,,NON_MOTOR_VEHICLE,NON_MOTOR_VEHICLE,highway=path,VERY_LOW,TO_BE_RECONCILED,RESTRICTED_NOT_MODELLABLE,TO_BE_RECONCILED,TO_BE_RECONCILED,,False,136.831,False,False,
GEO_0037,46.223173592741624,12.377355849576434,760456.7859279835,5124389.953190708,1,1,1178734638,path,,,NON_MOTOR_VEHICLE,NON_MOTOR_VEHICLE,highway=path,VERY_LOW,TO_BE_RECONCILED,RESTRICTED_NOT_MODELLABLE,TO_BE_RECONCILED,TO_BE_RECONCILED,,False,0.0,False,False,
GEO_0038,46.32896801165458,12.386353898692327,760648.0311175566,5136173.714225821,2,1,236065218,path,,,NON_MOTOR_VEHICLE,NON_MOTOR_VEHICLE,highway=path,VERY_LOW,TO_BE_RECONCILED,RESTRICTED_NOT_MODELLABLE,TO_BE_RECONCILED,TO_BE_RECONCILED,,False,65.136,False,False,
GEO_0039,46.32964671935103,12.390165900840497,760938.1944779229,5136261.686055376,5,1,236065218,path,,,NON_MOTOR_VEHICLE,NON_MOTOR_VEHICLE,highway=path,VERY_LOW,TO_BE_RECONCILED,RESTRICTED_NOT_MODELLABLE,TO_BE_RECONCILED,TO_BE_RECONCILED,,False,75.756,False,False,
GEO_0040,46.32987817900608,12.392657740458542,761128.8762826794,5136295.62297768,1,1,35550316,path,,,NON_MOTOR_VEHICLE,NON_MOTOR_VEHICLE,highway=path,VERY_LOW,TO_BE_RECONCILED,RESTRICTED_NOT_MODELLABLE,TO_BE_RECONCILED,TO_BE_RECONCILED,,False,0.0,False,False,
GEO_0041,46.33039149850238,12.408187079001156,762321.6297356565,5136404.024096964,1,1,1259454435,path,,,NON_MOTOR_VEHICLE,NON_MOTOR_VEHICLE,highway=path,VERY_LOW,TO_BE_RECONCILED,RESTRICTED_NOT_MODELLABLE,TO_BE_RECONCILED,TO_BE_RECONCILED,,False,0.0,False,False,
GEO_0042,46.21489488496979,12.402315631451563,762421.0335900043,5123552.484477569,1,1,623373357,path,,,NON_MOTOR_VEHICLE,NON_MOTOR_VEHICLE,highway=path,VERY_LOW,TO_BE_RECONCILED,RESTRICTED_NOT_MODELLABLE,TO_BE_RECONCILED,TO_BE_RECONCILED,,False,0.0,False,False,
GEO_0043,46.329153895996086,12.410572561512023,762511.153363283,5136274.433044836,2,1,211971477,path,,,NON_MOTOR_VEHICLE,NON_MOTOR_VEHICLE,highway=path,VERY_LOW,TO_BE_RECONCILED,RESTRICTED_NOT_MODELLABLE,TO_BE_RECONCILED,TO_BE_RECONCILED,,False,101.916,False,False,
GEO_0044,46.209106069776205,12.403156474609318,762513.494893653,5122912.114553717,3,1,623402375,path,,,NON_MOTOR_VEHICLE,NON_MOTOR_VEHICLE,highway=path,VERY_LOW,TO_BE_RECONCILED,RESTRICTED_NOT_MODELLABLE,TO_BE_RECONCILED,TO_BE_RECONCILED,,False,69.625,False,False,
GEO_0045,46.208321082783385,12.40423465457747,762600.4046566741,5122828.470870574,1,1,623402374,path,,,NON_MOTOR_VEHICLE,NON_MOTOR_VEHICLE,highway=path,VERY_LOW,TO_BE_RECONCILED,RESTRICTED_NOT_MODELLABLE,TO_BE_RECONCILED,TO_BE_RECONCILED,,False,0.0,False,False,
GEO_0046,46.2178644249217,12.40503039048986,762616.2407071015,5123891.399206863,1,1,1415390135,path,,,NON_MOTOR_VEHICLE,NON_MOTOR_VEHICLE,highway=path,VERY_LOW,TO_BE_RECONCILED,RESTRICTED_NOT_MODELLABLE,TO_BE_RECONCILED,TO_BE_RECONCILED,,False,0.0,False,False,
GEO_0047,46.21787806941166,12.405641578194379,762663.3116793903,5123894.940162827,1,1,989872194,path,,,NON_MOTOR_VEHICLE,NON_MOTOR_VEHICLE,highway=path,VERY_LOW,TO_BE_RECONCILED,RESTRICTED_NOT_MODELLABLE,TO_BE_RECONCILED,TO_BE_RECONCILED,,False,0.0,False,False,
GEO_0048,46.20757047135506,12.405510239886246,762702.3799497092,5122749.301670553,1,1,1079976093,path,,,NON_MOTOR_VEHICLE,NON_MOTOR_VEHICLE,highway=path,VERY_LOW,TO_BE_RECONCILED,RESTRICTED_NOT_MODELLABLE,TO_BE_RECONCILED,TO_BE_RECONCILED,,False,0.0,False,False,
GEO_0049,46.33733198886661,12.416427699416719,762922.5593821652,5137202.496845713,1,1,850208009,path,,Via Comune,NON_MOTOR_VEHICLE,NON_MOTOR_VEHICLE,highway=path; name=Via Comune,VERY_LOW,TO_BE_RECONCILED,RESTRICTED_NOT_MODELLABLE,TO_BE_RECONCILED,TO_BE_RECONCILED,,False,0.0,False,False,
GEO_0050,46.04143353264078,12.39901218256898,762991.4067976272,5104269.687808655,1,1,871473418,track,,,AGRICULTURAL_TRACK,AGRICULTURAL_TRACK,highway=track; tracktype=grade4; smoothness=horrible; surface=ground,VERY_LOW,TO_BE_RECONCILED,RESTRICTED_NOT_MODELLABLE,TO_BE_RECONCILED,TO_BE_RECONCILED,,False,0.0,False,False,
GEO_0051,46.338969619456385,12.418292091420579,763058.1697605338,5137390.642610044,1,1,850208003,path,,Via Comune,NON_MOTOR_VEHICLE,NON_MOTOR_VEHICLE,highway=path; name=Via Comune,VERY_LOW,TO_BE_RECONCILED,RESTRICTED_NOT_MODELLABLE,TO_BE_RECONCILED,TO_BE_RECONCILED,,False,0.0,False,False,
GEO_0052,46.207747062147014,12.411231810924722,763142.87822968,5122787.89557119,1,1,623373353,path,,,NON_MOTOR_VEHICLE,NON_MOTOR_VEHICLE,highway=path,VERY_LOW,TO_BE_RECONCILED,RESTRICTED_NOT_MODELLABLE,TO_BE_RECONCILED,TO_BE_RECONCILED,,False,0.0,False,False,
GEO_0053,46.03885327544263,12.401560566775222,763200.8395881532,5103991.452448856,1,1,392224968,secondary,SP422,Via del Cansiglio,OPEN_ORDINARY,OPEN_ORDINARY,highway=secondary; ref=SP422; name=Via del Cansiglio; surface=asphalt,MEDIUM,TO_BE_RECONCILED,SECONDARY_BUT_POSSIBLY_MATERIAL,TO_BE_RECONCILED,TO_BE_RECONCILED,,False,0.0,False,False,
GEO_0054,46.04197637702751,12.40222480812062,763237.3854744069,5104340.6302103335,1,1,877599582,path,,,NON_MOTOR_VEHICLE,NON_MOTOR_VEHICLE,highway=path; surface=ground,VERY_LOW,TO_BE_RECONCILED,RESTRICTED_NOT_MODELLABLE,TO_BE_RECONCILED,TO_BE_RECONCILED,,False,0.0,False,False,
GEO_0055,46.35335173286177,12.422570520016452,763318.2582773874,5139002.794795771,1,1,436378212,path,,,NON_MOTOR_VEHICLE,NON_MOTOR_VEHICLE,highway=path,VERY_LOW,TO_BE_RECONCILED,RESTRICTED_NOT_MODELLABLE,TO_BE_RECONCILED,TO_BE_RECONCILED,,False,0.0,False,False,
GEO_0056,46.04230274357013,12.403716009708914,763351.2056296829,5104381.828228146,1,1,871473417,track,,,AGRICULTURAL_TRACK,AGRICULTURAL_TRACK,highway=track; tracktype=grade4; smoothness=very_horrible; surface=ground,VERY_LOW,TO_BE_RECONCILED,RESTRICTED_NOT_MODELLABLE,TO_BE_RECONCILED,TO_BE_RECONCILED,,False,0.0,False,False,
GEO_0057,46.20828347724458,12.41441288625683,763385.6879235036,5122858.055858777,2,1,623373348,path,,,NON_MOTOR_VEHICLE,NON_MOTOR_VEHICLE,highway=path,VERY_LOW,TO_BE_RECONCILED,RESTRICTED_NOT_MODELLABLE,TO_BE_RECONCILED,TO_BE_RECONCILED,,False,49.649,False,False,
GEO_0058,46.04683147566882,12.405261075593417,763449.1925198324,5104890.092689242,1,1,880975443,path,,,NON_MOTOR_VEHICLE,NON_MOTOR_VEHICLE,highway=path; surface=ground,VERY_LOW,TO_BE_RECONCILED,RESTRICTED_NOT_MODELLABLE,TO_BE_RECONCILED,TO_BE_RECONCILED,,False,0.0,False,False,
GEO_0059,46.0459764959162,12.405220701593338,763450.138060221,5104794.970021341,1,1,927212006,track,,,AGRICULTURAL_TRACK,AGRICULTURAL_TRACK,highway=track; node_barrier=gate,VERY_LOW,TO_BE_RECONCILED,RESTRICTED_NOT_MODELLABLE,TO_BE_RECONCILED,TO_BE_RECONCILED,,False,0.0,False,False,
GEO_0060,46.03630196400501,12.404687753737427,763454.9384639229,5103718.35711928,1,1,988336482,service,,,OPEN_LOCAL,OPEN_LOCAL,highway=service; service=driveway; surface=asphalt,VERY_LOW,TO_BE_RECONCILED,MINOR_LIKELY_EXCLUDABLE,TO_BE_RECONCILED,TO_BE_RECONCILED,,False,0.0,False,False,
GEO_0061,46.044317750570166,12.405305533995731,763464.5951776977,5104610.963367634,1,1,871473412,path,,,NON_MOTOR_VEHICLE,NON_MOTOR_VEHICLE,highway=path; surface=ground,VERY_LOW,TO_BE_RECONCILED,RESTRICTED_NOT_MODELLABLE,TO_BE_RECONCILED,TO_BE_RECONCILED,,False,0.0,False,False,
GEO_0062,46.04917370331882,12.405731240029914,763474.4164738895,5105151.874135149,2,1,880975443,path,,,NON_MOTOR_VEHICLE,NON_MOTOR_VEHICLE,highway=path; surface=ground,VERY_LOW,TO_BE_RECONCILED,RESTRICTED_NOT_MODELLABLE,TO_BE_RECONCILED,TO_BE_RECONCILED,,False,12.38,False,False,
GEO_0063,46.050640305814845,12.406252006371465,763507.7200427963,5105316.540957428,1,1,880975443,path,,,NON_MOTOR_VEHICLE,NON_MOTOR_VEHICLE,highway=path; surface=ground,VERY_LOW,TO_BE_RECONCILED,RESTRICTED_NOT_MODELLABLE,TO_BE_RECONCILED,TO_BE_RECONCILED,,False,0.0,False,False,
GEO_0064,46.03570951014182,12.40544916613785,763516.6733790413,5103655.0583206555,1,1,392224968,secondary,SP422,Via del Cansiglio,OPEN_ORDINARY,OPEN_ORDINARY,highway=secondary; ref=SP422; name=Via del Cansiglio; surface=asphalt,MEDIUM,TO_BE_RECONCILED,SECONDARY_BUT_POSSIBLY_MATERIAL,TO_BE_RECONCILED,TO_BE_RECONCILED,,False,0.0,False,False,
GEO_0065,46.05141412573167,12.406632879629731,763533.4986229937,5105403.7755819345,1,1,927212004,track,,,AGRICULTURAL_TRACK,AGRICULTURAL_TRACK,highway=track; tracktype=grade2,VERY_LOW,TO_BE_RECONCILED,RESTRICTED_NOT_MODELLABLE,TO_BE_RECONCILED,TO_BE_RECONCILED,,False,0.0,False,False,
GEO_0066,46.03527744454823,12.405929620601903,763555.9061121825,5103608.648008189,1,1,1138637505,path,,,NON_MOTOR_VEHICLE,NON_MOTOR_VEHICLE,highway=path; surface=ground,VERY_LOW,TO_BE_RECONCILED,RESTRICTED_NOT_MODELLABLE,TO_BE_RECONCILED,TO_BE_RECONCILED,,False,0.0,False,False,
GEO_0067,46.034915541376684,12.406540269894474,763604.8797598619,5103570.46463091,1,1,82078320,secondary,SP422,Via del Cansiglio,OPEN_ORDINARY,OPEN_ORDINARY,highway=secondary; ref=SP422; name=Via del Cansiglio; surface=asphalt,MEDIUM,TO_BE_RECONCILED,SECONDARY_BUT_POSSIBLY_MATERIAL,TO_BE_RECONCILED,TO_BE_RECONCILED,,False,0.0,False,False,
GEO_0068,46.03475599197418,12.406931026051376,763635.8755291547,5103554.034130882,1,1,247789045,path,,,NON_MOTOR_VEHICLE,NON_MOTOR_VEHICLE,highway=path,VERY_LOW,TO_BE_RECONCILED,RESTRICTED_NOT_MODELLABLE,TO_BE_RECONCILED,TO_BE_RECONCILED,,False,0.0,False,False,
GEO_0069,46.05669136484398,12.40891722256929,763685.0596549553,5105997.65688777,2,1,81191670,path,,,NON_MOTOR_VEHICLE,NON_MOTOR_VEHICLE,highway=path; surface=ground,VERY_LOW,TO_BE_RECONCILED,RESTRICTED_NOT_MODELLABLE,TO_BE_RECONCILED,TO_BE_RECONCILED,,False,112.177,False,False,
GEO_0070,46.058074846408736,12.409418226470752,763717.2180304171,5106153.025036835,1,1,880975444,path,,,NON_MOTOR_VEHICLE,NON_MOTOR_VEHICLE,highway=path; surface=ground,VERY_LOW,TO_BE_RECONCILED,RESTRICTED_NOT_MODELLABLE,TO_BE_RECONCILED,TO_BE_RECONCILED,,False,0.0,False,False,
GEO_0071,46.208287933793954,12.41977456915723,763799.2429913338,5122876.377561248,4,1,623373348,path,,,NON_MOTOR_VEHICLE,NON_MOTOR_VEHICLE,highway=path,VERY_LOW,TO_BE_RECONCILED,RESTRICTED_NOT_MODELLABLE,TO_BE_RECONCILED,TO_BE_RECONCILED,,False,158.036,False,False,
GEO_0072,46.05914654567626,12.409982354435323,763755.742682338,5106273.963657088,1,1,81191665,path,,,NON_MOTOR_VEHICLE,NON_MOTOR_VEHICLE,highway=path; surface=ground,VERY_LOW,TO_BE_RECONCILED,RESTRICTED_NOT_MODELLABLE,TO_BE_RECONCILED,TO_BE_RECONCILED,,False,0.0,False,False,
GEO_0073,46.03090455066835,12.411218113814572,763985.9637848412,5103140.360398013,4,3,82078320|247789044|247789054,path|secondary|track,SP422,Via del Cansiglio,OPEN_ORDINARY,AGRICULTURAL_TRACK|NON_MOTOR_VEHICLE|OPEN_ORDINARY,highway=path; surface=earth || highway=secondary; ref=SP422; name=Via del Cansiglio; surface=asphalt || highway=track; tracktype=grade2,MEDIUM,TO_BE_RECONCILED,SECONDARY_BUT_POSSIBLY_MATERIAL,TO_BE_RECONCILED,TO_BE_RECONCILED,,False,160.872,True,True,
GEO_0074,46.05988499060891,12.416525901280824,764258.3248526696,5106377.741276334,4,2,871498353|873454407,path|track,,,AGRICULTURAL_TRACK,AGRICULTURAL_TRACK|NON_MOTOR_VEHICLE,highway=path; surface=ground || highway=track; tracktype=grade2; surface=unpaved,VERY_LOW,TO_BE_RECONCILED,RESTRICTED_NOT_MODELLABLE,TO_BE_RECONCILED,TO_BE_RECONCILED,,False,126.699,False,False,
GEO_0075,46.02685683702145,12.415276695679681,764319.3490875544,5102704.13933255,1,1,807264587,tertiary,SP61,Via Cansiglio,OPEN_ORDINARY,OPEN_ORDINARY,highway=tertiary; ref=SP61; name=Via Cansiglio; surface=asphalt,MEDIUM,TO_BE_RECONCILED,SECONDARY_BUT_POSSIBLY_MATERIAL,TO_BE_RECONCILED,TO_BE_RECONCILED,,False,0.0,False,False,
GEO_0076,46.060737987855326,12.417422196984402,764323.5728574151,5106475.490392168,1,1,850040905,path,,Troi delli larghetti,NON_MOTOR_VEHICLE,NON_MOTOR_VEHICLE,highway=path; name=Troi delli larghetti; tracktype=grade4; smoothness=very_bad; surface=ground; node_barrier=log,VERY_LOW,TO_BE_RECONCILED,RESTRICTED_NOT_MODELLABLE,TO_BE_RECONCILED,TO_BE_RECONCILED,,False,0.0,False,False,
GEO_0077,46.019638759017646,12.415445803586906,764366.8780683816,5101902.770202567,6,3,854706576|900149816|1165909643,path|tertiary|track,SP61,Via Cansiglio,OPEN_ORDINARY,AGRICULTURAL_TRACK|NON_MOTOR_VEHICLE|OPEN_ORDINARY,highway=path || highway=tertiary; ref=SP61; name=Via Cansiglio; surface=asphalt || highway=track; tracktype=grade2; smoothness=bad; surface=gravel; node_barrier=lift_gate,MEDIUM,TO_BE_RECONCILED,SECONDARY_BUT_POSSIBLY_MATERIAL,TO_BE_RECONCILED,TO_BE_RECONCILED,,False,187.115,True,True,
GEO_0078,46.023393492958505,12.415985047083236,764390.6971533671,5102321.715049911,1,1,900149816,tertiary,SP61,Via Cansiglio,OPEN_ORDINARY,OPEN_ORDINARY,highway=tertiary; ref=SP61; name=Via Cansiglio; surface=asphalt,MEDIUM,TO_BE_RECONCILED,SECONDARY_BUT_POSSIBLY_MATERIAL,TO_BE_RECONCILED,TO_BE_RECONCILED,,False,0.0,False,False,
GEO_0079,46.0227035922585,12.416262896914773,764415.4940012387,5102245.990572111,2,1,925832734,track,,vms9,AGRICULTURAL_TRACK,AGRICULTURAL_TRACK,highway=track; name=vms9; foot=yes; smoothness=impassable; surface=ground,VERY_LOW,TO_BE_RECONCILED,RESTRICTED_NOT_MODELLABLE,TO_BE_RECONCILED,TO_BE_RECONCILED,,False,29.03,False,False,
GEO_0080,46.35702173208749,12.437823877392917,764473.9964272988,5139461.44508682,1,1,180751024,path,,,NON_MOTOR_VEHICLE,NON_MOTOR_VEHICLE,highway=path; access=yes; motor_vehicle=no; surface=gravel,VERY_LOW,TO_BE_RECONCILED,RESTRICTED_NOT_MODELLABLE,TO_BE_RECONCILED,TO_BE_RECONCILED,,False,0.0,False,False,
GEO_0081,46.01788829068133,12.41673668851281,764475.1476068757,5101712.584256235,1,1,996494581,track,,,AGRICULTURAL_TRACK,AGRICULTURAL_TRACK,highway=track; tracktype=grade5; smoothness=very_horrible; surface=ground,VERY_LOW,TO_BE_RECONCILED,RESTRICTED_NOT_MODELLABLE,TO_BE_RECONCILED,TO_BE_RECONCILED,,False,0.0,False,False,
GEO_0082,46.01416883175933,12.417891850996371,764582.318378068,5101303.1931719845,2,1,988336478,track,,,AGRICULTURAL_TRACK,AGRICULTURAL_TRACK,highway=track; tracktype=grade5; smoothness=very_horrible; surface=ground,VERY_LOW,TO_BE_RECONCILED,RESTRICTED_NOT_MODELLABLE,TO_BE_RECONCILED,TO_BE_RECONCILED,,False,10.513,False,False,
GEO_0083,46.012146701378256,12.417950778722064,764596.5340312368,5101078.729995034,1,1,867983479,unclassified,,,OPEN_LOCAL,OPEN_LOCAL,highway=unclassified; surface=gravel,LOW,TO_BE_RECONCILED,MINOR_LIKELY_EXCLUDABLE,TO_BE_RECONCILED,TO_BE_RECONCILED,,False,0.0,False,False,
GEO_0084,46.06486194155475,12.421458025224354,764615.9883521472,5106947.095335107,1,1,72325064,track,,"Strada della Candaglia, Sentiero A e B",RESTRICTED,RESTRICTED,"highway=track; name=Strada della Candaglia, Sentiero A e B; access=forestry; motor_vehicle=no; motorcar=no; bicycle=yes; foot=yes; tracktype=grade2; smoothness=bad; surface=gravel",VERY_LOW,TO_BE_RECONCILED,RESTRICTED_NOT_MODELLABLE,TO_BE_RECONCILED,TO_BE_RECONCILED,,False,0.0,False,False,
GEO_0085,46.01540350302714,12.418546510495869,764627.0982629994,5101442.543359898,1,1,900149816,tertiary,SP61,Via Cansiglio,OPEN_ORDINARY,OPEN_ORDINARY,highway=tertiary; ref=SP61; name=Via Cansiglio; surface=asphalt,MEDIUM,TO_BE_RECONCILED,SECONDARY_BUT_POSSIBLY_MATERIAL,TO_BE_RECONCILED,TO_BE_RECONCILED,,False,0.0,False,False,
GEO_0086,46.01038252034805,12.418453729482113,764643.8913883211,5100884.402260188,1,1,1156290468,track,,,AGRICULTURAL_TRACK,AGRICULTURAL_TRACK,highway=track,VERY_LOW,TO_BE_RECONCILED,RESTRICTED_NOT_MODELLABLE,TO_BE_RECONCILED,TO_BE_RECONCILED,,False,0.0,False,False,
GEO_0087,46.00940045267035,12.418809261335662,764676.1037701983,5100776.477244272,3,3,412981937|825925600|1429589827,path|unclassified,,,OPEN_LOCAL,NON_MOTOR_VEHICLE|OPEN_LOCAL,highway=path || highway=path; bicycle=yes; foot=yes; surface=dirt || highway=unclassified; bicycle=yes; foot=yes; surface=asphalt,LOW,TO_BE_RECONCILED,MINOR_LIKELY_EXCLUDABLE,TO_BE_RECONCILED,TO_BE_RECONCILED,,False,8.11,True,True,
GEO_0088,46.00853920981158,12.418803785003117,764679.7923616369,5100680.774771928,1,1,562193434,path,,,NON_MOTOR_VEHICLE,NON_MOTOR_VEHICLE,highway=path; motor_vehicle=no; bicycle=no; surface=ground,VERY_LOW,TO_BE_RECONCILED,RESTRICTED_NOT_MODELLABLE,TO_BE_RECONCILED,TO_BE_RECONCILED,,False,0.0,False,False,
GEO_0089,46.00778808039116,12.418839053126849,764686.1093879964,5100597.441502616,1,1,825925601,path,,,NON_MOTOR_VEHICLE,NON_MOTOR_VEHICLE,highway=path; bicycle=no; foot=yes; surface=ground,VERY_LOW,TO_BE_RECONCILED,RESTRICTED_NOT_MODELLABLE,TO_BE_RECONCILED,TO_BE_RECONCILED,,False,0.0,False,False,
GEO_0090,46.007478948759505,12.41922489725501,764717.4564531419,5100564.380838947,1,1,457403208,path,,,NON_MOTOR_VEHICLE,NON_MOTOR_VEHICLE,highway=path; bicycle=no; foot=yes; surface=ground,VERY_LOW,TO_BE_RECONCILED,RESTRICTED_NOT_MODELLABLE,TO_BE_RECONCILED,TO_BE_RECONCILED,,False,0.0,False,False,
GEO_0091,46.007245401332206,12.41960858275513,764748.2757302601,5100539.710556538,1,1,882459502,path,,,NON_MOTOR_VEHICLE,NON_MOTOR_VEHICLE,highway=path; bicycle=no; surface=ground,VERY_LOW,TO_BE_RECONCILED,RESTRICTED_NOT_MODELLABLE,TO_BE_RECONCILED,TO_BE_RECONCILED,,False,0.0,False,False,
GEO_0092,46.20888578889851,12.43424696625253,764912.7014955408,5122991.057877642,4,1,623373348,path,,,NON_MOTOR_VEHICLE,NON_MOTOR_VEHICLE,highway=path,VERY_LOW,TO_BE_RECONCILED,RESTRICTED_NOT_MODELLABLE,TO_BE_RECONCILED,TO_BE_RECONCILED,,False,134.907,False,False,
GEO_0093,46.0058576828562,12.420764965966848,764844.4300283337,5100389.384042915,2,1,457403208,path,,,NON_MOTOR_VEHICLE,NON_MOTOR_VEHICLE,highway=path; bicycle=no; foot=yes; surface=ground,VERY_LOW,TO_BE_RECONCILED,RESTRICTED_NOT_MODELLABLE,TO_BE_RECONCILED,TO_BE_RECONCILED,,False,6.654,False,False,
GEO_0094,46.00093168366259,12.423461367739867,765076.7361935497,5099851.085583219,6,2,412982589|457403208,path,VAR Lamar,,NON_MOTOR_VEHICLE,NON_MOTOR_VEHICLE,highway=path; bicycle=no; foot=yes; surface=ground || highway=path; ref=VAR Lamar; bicycle=no,VERY_LOW,TO_BE_RECONCILED,RESTRICTED_NOT_MODELLABLE,TO_BE_RECONCILED,TO_BE_RECONCILED,,False,278.968,False,False,
GEO_0095,46.07642836428587,12.427968119456793,765064.0204560787,5108253.83286895,1,1,802910460,track,,,RESTRICTED,RESTRICTED,highway=track; access=forestry; motorcar=no; bicycle=yes; foot=yes; tracktype=grade2,VERY_LOW,TO_BE_RECONCILED,RESTRICTED_NOT_MODELLABLE,TO_BE_RECONCILED,TO_BE_RECONCILED,,False,0.0,False,False,
GEO_0096,45.99888918446494,12.423735673301099,765107.7401640844,5099625.077748723,1,1,1167734205,track,,,AGRICULTURAL_TRACK,AGRICULTURAL_TRACK,highway=track; bicycle=yes; tracktype=grade4; surface=ground,VERY_LOW,TO_BE_RECONCILED,RESTRICTED_NOT_MODELLABLE,TO_BE_RECONCILED,TO_BE_RECONCILED,,False,0.0,False,False,
GEO_0097,45.99791085345308,12.424656190917933,765183.6942696413,5099519.45304166,2,1,457403209,path,,,NON_MOTOR_VEHICLE,NON_MOTOR_VEHICLE,highway=path; bicycle=no; foot=yes; surface=ground,VERY_LOW,TO_BE_RECONCILED,RESTRICTED_NOT_MODELLABLE,TO_BE_RECONCILED,TO_BE_RECONCILED,,False,143.983,False,False,
GEO_0098,45.956130579052136,12.422384438437598,765207.3979609587,5094870.104190015,3,2,384092448|386858442,residential|secondary,,,OPEN_ORDINARY,OPEN_LOCAL|OPEN_ORDINARY,highway=residential || highway=secondary; surface=asphalt,MEDIUM,TO_BE_RECONCILED,SECONDARY_BUT_POSSIBLY_MATERIAL,TO_BE_RECONCILED,TO_BE_RECONCILED,,False,35.29,False,False,
GEO_0099,45.95579822072138,12.422679666516656,765231.8623049681,5094834.1627961,1,1,169589999,residential,,Via San Pietro,OPEN_LOCAL,OPEN_LOCAL,highway=residential; name=Via San Pietro,LOW,TO_BE_RECONCILED,MINOR_LIKELY_EXCLUDABLE,TO_BE_RECONCILED,TO_BE_RECONCILED,,False,0.0,False,False,
GEO_0100,46.36020912618856,12.448330461517974,765266.7862305676,5139850.768552264,1,1,180750983,path,,,NON_MOTOR_VEHICLE,NON_MOTOR_VEHICLE,highway=path,VERY_LOW,TO_BE_RECONCILED,RESTRICTED_NOT_MODELLABLE,TO_BE_RECONCILED,TO_BE_RECONCILED,,False,0.0,False,False,
GEO_0101,45.96378500713708,12.423713482507011,765273.8112188315,5095724.93572184,1,1,39743469,residential,,Via Borgo Fontana,OPEN_LOCAL,OPEN_LOCAL,highway=residential; name=Via Borgo Fontana; surface=asphalt,LOW,TO_BE_RECONCILED,MINOR_LIKELY_EXCLUDABLE,TO_BE_RECONCILED,TO_BE_RECONCILED,,False,0.0,False,False,
GEO_0102,45.96364866453011,12.423769772539966,765278.8239718529,5095709.975688277,1,1,1487309811,residential,,Via Col Alt,OPEN_LOCAL,OPEN_LOCAL,highway=residential; name=Via Col Alt; surface=asphalt,LOW,TO_BE_RECONCILED,MINOR_LIKELY_EXCLUDABLE,TO_BE_RECONCILED,TO_BE_RECONCILED,,False,0.0,False,False,
GEO_0103,45.95745936485162,12.42341414586514,765280.8408575631,5095021.162155712,1,1,242803442,residential,,Via Col Alt,OPEN_LOCAL,OPEN_LOCAL,highway=residential; name=Via Col Alt; surface=asphalt,LOW,TO_BE_RECONCILED,MINOR_LIKELY_EXCLUDABLE,TO_BE_RECONCILED,TO_BE_RECONCILED,,False,0.0,False,False,
GEO_0104,45.95975870751677,12.423639842559984,765287.3436305237,5095277.370126919,1,1,135436349,unclassified,,Strada delle Orelle,OPEN_LOCAL,OPEN_LOCAL,highway=unclassified; name=Strada delle Orelle; tracktype=grade2; surface=unpaved,LOW,TO_BE_RECONCILED,MINOR_LIKELY_EXCLUDABLE,TO_BE_RECONCILED,TO_BE_RECONCILED,,False,0.0,False,False,
GEO_0105,45.959489354003296,12.423654733622284,765289.7843941045,5095247.494691928,1,1,242803449,track,,,AGRICULTURAL_TRACK,AGRICULTURAL_TRACK,highway=track; surface=unpaved,VERY_LOW,TO_BE_RECONCILED,RESTRICTED_NOT_MODELLABLE,TO_BE_RECONCILED,TO_BE_RECONCILED,,False,0.0,False,False,
GEO_0106,45.95935082061748,12.42367254560912,765291.826443638,5095232.163048887,1,1,242803442,residential,,Via Col Alt,OPEN_LOCAL,OPEN_LOCAL,highway=residential; name=Via Col Alt; surface=asphalt,LOW,TO_BE_RECONCILED,MINOR_LIKELY_EXCLUDABLE,TO_BE_RECONCILED,TO_BE_RECONCILED,,False,0.0,False,False,
GEO_0107,45.98009813131232,12.426272792720216,765394.0834304299,5097545.850494519,1,1,825925590,unclassified,,,OPEN_LOCAL,OPEN_LOCAL,highway=unclassified; bicycle=yes; foot=yes; surface=asphalt,LOW,TO_BE_RECONCILED,MINOR_LIKELY_EXCLUDABLE,TO_BE_RECONCILED,TO_BE_RECONCILED,,False,0.0,False,False,
GEO_0108,45.976471759574295,12.426128533167159,765400.2542598082,5097142.480334433,1,1,331393396,track,,,AGRICULTURAL_TRACK,AGRICULTURAL_TRACK,highway=track,VERY_LOW,TO_BE_RECONCILED,RESTRICTED_NOT_MODELLABLE,TO_BE_RECONCILED,TO_BE_RECONCILED,,False,0.0,False,False,
GEO_0109,45.98900854360803,12.427461135142009,765443.4881759137,5098539.759557407,3,1,1155757603,path,,,NON_MOTOR_VEHICLE,NON_MOTOR_VEHICLE,highway=path,VERY_LOW,TO_BE_RECONCILED,RESTRICTED_NOT_MODELLABLE,TO_BE_RECONCILED,TO_BE_RECONCILED,,False,112.93,False,False,
GEO_0110,45.98379822330246,12.42699927305132,765432.6505526376,5097959.352929828,1,1,390436217,unclassified,,,OPEN_LOCAL,OPEN_LOCAL,highway=unclassified,LOW,TO_BE_RECONCILED,MINOR_LIKELY_EXCLUDABLE,TO_BE_RECONCILED,TO_BE_RECONCILED,,False,0.0,False,False,
GEO_0111,45.969589502014315,12.426152906074066,765435.0565322349,5096377.944759318,1,1,114391084,unclassified,,Strada dei Broli,OPEN_LOCAL,OPEN_LOCAL,highway=unclassified; name=Strada dei Broli,LOW,TO_BE_RECONCILED,MINOR_LIKELY_EXCLUDABLE,TO_BE_RECONCILED,TO_BE_RECONCILED,,False,0.0,False,False,
GEO_0112,45.98412051838594,12.427057501649632,765435.6183043933,5097995.354083096,1,1,457328279,path,,,NON_MOTOR_VEHICLE,NON_MOTOR_VEHICLE,highway=path,VERY_LOW,TO_BE_RECONCILED,RESTRICTED_NOT_MODELLABLE,TO_BE_RECONCILED,TO_BE_RECONCILED,,False,0.0,False,False,
GEO_0113,45.9957618419549,12.428043690840058,765456.2771559242,5099291.994085782,3,2,424191059|457403209,path,,,NON_MOTOR_VEHICLE,NON_MOTOR_VEHICLE,highway=path; bicycle=no; foot=yes; surface=ground,VERY_LOW,TO_BE_RECONCILED,RESTRICTED_NOT_MODELLABLE,TO_BE_RECONCILED,TO_BE_RECONCILED,,False,38.813,False,False,
GEO_0114,45.985397260144225,12.427205002829542,765440.9331384008,5098137.691907694,1,1,334469878,unclassified,,,OPEN_LOCAL,OPEN_LOCAL,highway=unclassified; bicycle=yes; foot=yes; surface=asphalt,LOW,TO_BE_RECONCILED,MINOR_LIKELY_EXCLUDABLE,TO_BE_RECONCILED,TO_BE_RECONCILED,,False,0.0,False,False,
GEO_0115,45.96913478448581,12.426416980553238,765457.6891664414,5096328.306431312,2,1,463888554,track,,,AGRICULTURAL_TRACK,AGRICULTURAL_TRACK,highway=track,VERY_LOW,TO_BE_RECONCILED,RESTRICTED_NOT_MODELLABLE,TO_BE_RECONCILED,TO_BE_RECONCILED,,False,51.978,False,False,
GEO_0116,46.2084270529416,12.442320922919304,765537.6963008333,5122967.102085067,4,1,623373347,path,,,NON_MOTOR_VEHICLE,NON_MOTOR_VEHICLE,highway=path,VERY_LOW,TO_BE_RECONCILED,RESTRICTED_NOT_MODELLABLE,TO_BE_RECONCILED,TO_BE_RECONCILED,,False,200.917,False,False,
GEO_0117,45.97415129127551,12.426719290860934,765457.1145316178,5096886.647018111,1,1,433331857,unclassified,,Via Faidel,OPEN_LOCAL,OPEN_LOCAL,highway=unclassified; name=Via Faidel; bicycle=yes; foot=yes; surface=asphalt,LOW,TO_BE_RECONCILED,MINOR_LIKELY_EXCLUDABLE,TO_BE_RECONCILED,TO_BE_RECONCILED,,False,0.0,False,False,
GEO_0118,45.99548266213848,12.42803959761104,765457.2966064138,5099260.963544431,1,1,825925598,unclassified,,,OPEN_LOCAL,OPEN_LOCAL,highway=unclassified; bicycle=yes; foot=yes; surface=asphalt,LOW,TO_BE_RECONCILED,MINOR_LIKELY_EXCLUDABLE,TO_BE_RECONCILED,TO_BE_RECONCILED,,False,0.0,False,False,
GEO_0119,45.967300153188546,12.426785604974967,765495.0216043297,5096125.70896257,2,1,39743577,residential,,Via San Paolo,OPEN_LOCAL,OPEN_LOCAL,highway=residential; name=Via San Paolo; surface=asphalt,LOW,TO_BE_RECONCILED,MINOR_LIKELY_EXCLUDABLE,TO_BE_RECONCILED,TO_BE_RECONCILED,,False,93.257,False,False,
GEO_0120,45.9944286596948,12.428252694658347,765478.84327075,5099144.574888747,1,1,825925597,unclassified,,,OPEN_LOCAL,OPEN_LOCAL,highway=unclassified; bicycle=yes; foot=yes; surface=asphalt,LOW,TO_BE_RECONCILED,MINOR_LIKELY_EXCLUDABLE,TO_BE_RECONCILED,TO_BE_RECONCILED,,False,0.0,False,False,
GEO_0121,45.98777472843847,12.427872409880404,765481.2439239377,5098404.054773984,1,1,1155757602,path,,,NON_MOTOR_VEHICLE,NON_MOTOR_VEHICLE,highway=path,VERY_LOW,TO_BE_RECONCILED,RESTRICTED_NOT_MODELLABLE,TO_BE_RECONCILED,TO_BE_RECONCILED,,False,0.0,False,False,
GEO_0122,46.081361290729156,12.433676190646219,765481.68537838,5108820.943860605,1,1,854991835,path,,,NON_MOTOR_VEHICLE,NON_MOTOR_VEHICLE,highway=path,VERY_LOW,TO_BE_RECONCILED,RESTRICTED_NOT_MODELLABLE,TO_BE_RECONCILED,TO_BE_RECONCILED,,False,0.0,False,False,
GEO_0123,45.9908836773867,12.428095907074244,765483.6715027369,5098750.204394778,1,1,97213837,track,,,AGRICULTURAL_TRACK,AGRICULTURAL_TRACK,highway=track; bicycle=yes; foot=yes; node_barrier=lift_gate,VERY_LOW,TO_BE_RECONCILED,RESTRICTED_NOT_MODELLABLE,TO_BE_RECONCILED,TO_BE_RECONCILED,,False,0.0,False,False,
GEO_0124,45.98732525342449,12.427888307731187,765484.6263596165,5098354.171188809,1,1,334469878,unclassified,,,OPEN_LOCAL,OPEN_LOCAL,highway=unclassified; bicycle=yes; foot=yes; surface=asphalt,LOW,TO_BE_RECONCILED,MINOR_LIKELY_EXCLUDABLE,TO_BE_RECONCILED,TO_BE_RECONCILED,,False,0.0,False,False,
GEO_0125,45.94701703383919,12.426135904189119,765541.664478722,5093870.097474577,2,2,135435968|209307843,track|unclassified,,Via Torricella|Via dei Baroz,OPEN_LOCAL,AGRICULTURAL_TRACK|OPEN_LOCAL,highway=track; name=Via dei Baroz; tracktype=grade2; surface=gravel || highway=unclassified; name=Via Torricella,LOW,TO_BE_RECONCILED,MINOR_LIKELY_EXCLUDABLE,TO_BE_RECONCILED,TO_BE_RECONCILED,,False,1.936,True,True,
GEO_0126,46.195546889875835,12.443599469854416,765698.47118283,5121540.366354991,2,1,353589770,path,,,NON_MOTOR_VEHICLE,NON_MOTOR_VEHICLE,highway=path,VERY_LOW,TO_BE_RECONCILED,RESTRICTED_NOT_MODELLABLE,TO_BE_RECONCILED,TO_BE_RECONCILED,,False,11.367,False,False,
GEO_0127,46.20586352191101,12.44452002783881,765719.6995379564,5122689.654722434,2,1,353589772,path,,,NON_MOTOR_VEHICLE,NON_MOTOR_VEHICLE,highway=path,VERY_LOW,TO_BE_RECONCILED,RESTRICTED_NOT_MODELLABLE,TO_BE_RECONCILED,TO_BE_RECONCILED,,False,121.856,False,False,
GEO_0128,46.20315304214512,12.444327311488621,765717.9165729389,5122387.867672834,1,1,353589772,path,,,NON_MOTOR_VEHICLE,NON_MOTOR_VEHICLE,highway=path,VERY_LOW,TO_BE_RECONCILED,RESTRICTED_NOT_MODELLABLE,TO_BE_RECONCILED,TO_BE_RECONCILED,,False,0.0,False,False,
GEO_0129,46.19309561502083,12.44492975119755,765812.9390851893,5121272.4820900075,3,1,353589770,path,,,NON_MOTOR_VEHICLE,NON_MOTOR_VEHICLE,highway=path,VERY_LOW,TO_BE_RECONCILED,RESTRICTED_NOT_MODELLABLE,TO_BE_RECONCILED,TO_BE_RECONCILED,,False,249.975,False,False,
GEO_0130,46.18537796682144,12.445306075413324,765879.226580017,5120416.294896956,5,1,623819747,path,,,NON_MOTOR_VEHICLE,NON_MOTOR_VEHICLE,highway=path,VERY_LOW,TO_BE_RECONCILED,RESTRICTED_NOT_MODELLABLE,TO_BE_RECONCILED,TO_BE_RECONCILED,,False,224.818,False,False,
GEO_0131,46.20770849921621,12.446407388972807,765856.377458355,5122900.963660543,3,1,353602454,path,,,NON_MOTOR_VEHICLE,NON_MOTOR_VEHICLE,highway=path,VERY_LOW,TO_BE_RECONCILED,RESTRICTED_NOT_MODELLABLE,TO_BE_RECONCILED,TO_BE_RECONCILED,,False,19.705,False,False,
GEO_0132,46.08456352406626,12.439044936725782,765881.3612841642,5109194.669144462,1,1,854991836,path,,,NON_MOTOR_VEHICLE,NON_MOTOR_VEHICLE,highway=path,VERY_LOW,TO_BE_RECONCILED,RESTRICTED_NOT_MODELLABLE,TO_BE_RECONCILED,TO_BE_RECONCILED,,False,0.0,False,False,
GEO_0133,46.18806774762802,12.447093192250255,766004.1450671945,5120721.128231715,1,1,640805955,path,,,NON_MOTOR_VEHICLE,NON_MOTOR_VEHICLE,highway=path,VERY_LOW,TO_BE_RECONCILED,RESTRICTED_NOT_MODELLABLE,TO_BE_RECONCILED,TO_BE_RECONCILED,,False,0.0,False,False,
GEO_0134,46.182549498712106,12.448042349796546,766104.0412548202,5120111.222232147,1,1,1428520826,path,,,NON_MOTOR_VEHICLE,NON_MOTOR_VEHICLE,highway=path; surface=grass,VERY_LOW,TO_BE_RECONCILED,RESTRICTED_NOT_MODELLABLE,TO_BE_RECONCILED,TO_BE_RECONCILED,,False,0.0,False,False,
GEO_0135,46.18337422532012,12.448130674848304,766106.87370705,5120203.147551341,1,1,623821237,path,,,NON_MOTOR_VEHICLE,NON_MOTOR_VEHICLE,highway=path,VERY_LOW,TO_BE_RECONCILED,RESTRICTED_NOT_MODELLABLE,TO_BE_RECONCILED,TO_BE_RECONCILED,,False,0.0,False,False,
GEO_0136,46.08420750181157,12.441951603457724,766107.7867899169,5109164.8466867255,1,1,802902841,track,,,RESTRICTED,RESTRICTED,highway=track; access=forestry; motorcar=no; bicycle=yes; foot=yes; tracktype=grade2,VERY_LOW,TO_BE_RECONCILED,RESTRICTED_NOT_MODELLABLE,TO_BE_RECONCILED,TO_BE_RECONCILED,,False,0.0,False,False,
GEO_0137,46.18299240926908,12.44814164669459,766109.5647338375,5120160.763741296,1,1,623821234,path,,,NON_MOTOR_VEHICLE,NON_MOTOR_VEHICLE,highway=path; surface=ground,VERY_LOW,TO_BE_RECONCILED,RESTRICTED_NOT_MODELLABLE,TO_BE_RECONCILED,TO_BE_RECONCILED,,False,0.0,False,False,
GEO_0138,46.17734976170068,12.452247760149723,766453.7249184973,5119547.638157742,4,1,1395341413,path,,,NON_MOTOR_VEHICLE,NON_MOTOR_VEHICLE,highway=path,VERY_LOW,TO_BE_RECONCILED,RESTRICTED_NOT_MODELLABLE,TO_BE_RECONCILED,TO_BE_RECONCILED,,False,74.55,False,False,
GEO_0139,45.94602770995268,12.439299239139993,766566.5925496579,5093804.164831026,1,1,383951926,residential,,Via Giacomo Matteotti,OPEN_LOCAL,OPEN_LOCAL,highway=residential; name=Via Giacomo Matteotti,LOW,TO_BE_RECONCILED,MINOR_LIKELY_EXCLUDABLE,TO_BE_RECONCILED,TO_BE_RECONCILED,,False,0.0,False,False,
GEO_0140,46.17632034746317,12.45476667898056,766653.1137083736,5119441.732601601,1,1,623819748,path,,,NON_MOTOR_VEHICLE,NON_MOTOR_VEHICLE,highway=path,VERY_LOW,TO_BE_RECONCILED,RESTRICTED_NOT_MODELLABLE,TO_BE_RECONCILED,TO_BE_RECONCILED,,False,0.0,False,False,
GEO_0141,46.17506730086949,12.455519219786025,766717.2599758378,5119305.046523546,1,1,623819748,path,,,NON_MOTOR_VEHICLE,NON_MOTOR_VEHICLE,highway=path,VERY_LOW,TO_BE_RECONCILED,RESTRICTED_NOT_MODELLABLE,TO_BE_RECONCILED,TO_BE_RECONCILED,,False,0.0,False,False,
GEO_0142,46.173955074484596,12.455576759375123,766727.0843254891,5119181.6693026945,2,1,1016935857,path,,,NON_MOTOR_VEHICLE,NON_MOTOR_VEHICLE,highway=path; motor_vehicle=no; bicycle=no,VERY_LOW,TO_BE_RECONCILED,RESTRICTED_NOT_MODELLABLE,TO_BE_RECONCILED,TO_BE_RECONCILED,,False,21.903,False,False,
GEO_0143,46.17208827473616,12.456147192076529,766780.149218317,5118976.182171058,1,1,1016935857,path,,,NON_MOTOR_VEHICLE,NON_MOTOR_VEHICLE,highway=path; motor_vehicle=no; bicycle=no,VERY_LOW,TO_BE_RECONCILED,RESTRICTED_NOT_MODELLABLE,TO_BE_RECONCILED,TO_BE_RECONCILED,,False,0.0,False,False,
GEO_0144,46.170468384206615,12.457780396901736,766914.0552423064,5118801.702802444,1,1,1016935857,path,,,NON_MOTOR_VEHICLE,NON_MOTOR_VEHICLE,highway=path; motor_vehicle=no; bicycle=no,VERY_LOW,TO_BE_RECONCILED,RESTRICTED_NOT_MODELLABLE,TO_BE_RECONCILED,TO_BE_RECONCILED,,False,0.0,False,False,
GEO_0145,46.08888389780441,12.454968342445673,767091.5080623279,5109728.082468067,3,2,304345877|862481663,path|track,,Strada forestale della Candaglia,RESTRICTED,NON_MOTOR_VEHICLE|RESTRICTED,highway=path || highway=track; name=Strada forestale della Candaglia; access=no; motor_vehicle=permit; bicycle=yes; foot=yes; tracktype=grade2; smoothness=intermediate; surface=gravel; node_barrier=lift_gate,VERY_LOW,TO_BE_RECONCILED,RESTRICTED_NOT_MODELLABLE,TO_BE_RECONCILED,TO_BE_RECONCILED,,False,128.3,False,False,
GEO_0146,45.946749618171346,12.446489165663104,767120.3622004392,5093908.462306795,1,1,163830909,residential,,Via Filermo,OPEN_LOCAL,OPEN_LOCAL,highway=residential; name=Via Filermo,LOW,TO_BE_RECONCILED,MINOR_LIKELY_EXCLUDABLE,TO_BE_RECONCILED,TO_BE_RECONCILED,,False,0.0,False,False,
GEO_0147,46.0893952343836,12.456275326257998,767190.0701653501,5109789.287527045,1,1,242927111,path,,,NON_MOTOR_VEHICLE,NON_MOTOR_VEHICLE,highway=path,VERY_LOW,TO_BE_RECONCILED,RESTRICTED_NOT_MODELLABLE,TO_BE_RECONCILED,TO_BE_RECONCILED,,False,0.0,False,False,
GEO_0148,45.94554431166124,12.448251305379836,767262.7305623796,5093780.4663591385,1,1,1136468546,residential,,,OPEN_LOCAL,OPEN_LOCAL,highway=residential,LOW,TO_BE_RECONCILED,MINOR_LIKELY_EXCLUDABLE,TO_BE_RECONCILED,TO_BE_RECONCILED,,False,0.0,False,False,
GEO_0149,46.397426079085626,12.476678971359654,767265.541647437,5144081.225044313,1,1,34664172,path,,,NON_MOTOR_VEHICLE,NON_MOTOR_VEHICLE,highway=path,VERY_LOW,TO_BE_RECONCILED,RESTRICTED_NOT_MODELLABLE,TO_BE_RECONCILED,TO_BE_RECONCILED,,False,0.0,False,False,
GEO_0150,46.16802411662061,12.462682414248063,767304.2886155158,5118546.644910744,3,1,1016935857,path,,,NON_MOTOR_VEHICLE,NON_MOTOR_VEHICLE,highway=path; motor_vehicle=no; bicycle=no,VERY_LOW,TO_BE_RECONCILED,RESTRICTED_NOT_MODELLABLE,TO_BE_RECONCILED,TO_BE_RECONCILED,,False,115.308,False,False,
GEO_0151,46.091349619796404,12.461096305660881,767553.2815476491,5110022.648598677,1,1,242927111,path,,,NON_MOTOR_VEHICLE,NON_MOTOR_VEHICLE,highway=path,VERY_LOW,TO_BE_RECONCILED,RESTRICTED_NOT_MODELLABLE,TO_BE_RECONCILED,TO_BE_RECONCILED,,False,0.0,False,False,
GEO_0152,46.40363443240532,12.482670538772782,767695.7082111249,5144791.282708899,1,1,1199490285,path,,,NON_MOTOR_VEHICLE,NON_MOTOR_VEHICLE,highway=path; bicycle=no,VERY_LOW,TO_BE_RECONCILED,RESTRICTED_NOT_MODELLABLE,TO_BE_RECONCILED,TO_BE_RECONCILED,,False,0.0,False,False,
GEO_0153,46.403854061389566,12.483078522459712,767725.9903805822,5144817.0667299265,1,1,1199490286,path,,,NON_MOTOR_VEHICLE,NON_MOTOR_VEHICLE,highway=path,VERY_LOW,TO_BE_RECONCILED,RESTRICTED_NOT_MODELLABLE,TO_BE_RECONCILED,TO_BE_RECONCILED,,False,0.0,False,False,
GEO_0154,45.94282676984234,12.45627513927878,767897.7119983709,5093505.511359496,1,1,172640124,primary,SS13,Viale Trento,OPEN_ORDINARY,OPEN_ORDINARY,highway=primary; ref=SS13; name=Viale Trento; surface=asphalt,HIGH,TO_BE_RECONCILED,CORE_CANDIDATE,TO_BE_RECONCILED,TO_BE_RECONCILED,,False,0.0,False,False,
GEO_0155,46.16478951436373,12.471125211836116,767971.7286749281,5118215.756459255,4,1,1016935857,path,,,NON_MOTOR_VEHICLE,NON_MOTOR_VEHICLE,highway=path; motor_vehicle=no; bicycle=no,VERY_LOW,TO_BE_RECONCILED,RESTRICTED_NOT_MODELLABLE,TO_BE_RECONCILED,TO_BE_RECONCILED,,False,91.306,False,False,
GEO_0156,46.09828239573651,12.467912003940194,768046.5012417167,5110815.866774529,1,1,377892966,path,,,NON_MOTOR_VEHICLE,NON_MOTOR_VEHICLE,highway=path,VERY_LOW,TO_BE_RECONCILED,RESTRICTED_NOT_MODELLABLE,TO_BE_RECONCILED,TO_BE_RECONCILED,,False,0.0,False,False,
GEO_0157,46.16382563393084,12.4757113921744,768330.4572873751,5118124.168408945,2,1,1016935857,path,,,NON_MOTOR_VEHICLE,NON_MOTOR_VEHICLE,highway=path; motor_vehicle=no; bicycle=no,VERY_LOW,TO_BE_RECONCILED,RESTRICTED_NOT_MODELLABLE,TO_BE_RECONCILED,TO_BE_RECONCILED,,False,85.761,False,False,
GEO_0158,46.42274969120469,12.493175082579398,768409.187105739,5146950.7203015685,1,1,180033513,path,346,Cai 346,NON_MOTOR_VEHICLE,NON_MOTOR_VEHICLE,highway=path; ref=346; name=Cai 346,VERY_LOW,TO_BE_RECONCILED,RESTRICTED_NOT_MODELLABLE,TO_BE_RECONCILED,TO_BE_RECONCILED,,False,0.0,False,False,
GEO_0159,45.93492830892229,12.463494180120666,768495.4063825376,5092652.310427677,1,1,223721120,track,,,AGRICULTURAL_TRACK,AGRICULTURAL_TRACK,highway=track; bicycle=yes; foot=yes; surface=grass,VERY_LOW,TO_BE_RECONCILED,RESTRICTED_NOT_MODELLABLE,TO_BE_RECONCILED,TO_BE_RECONCILED,,False,0.0,False,False,
GEO_0160,45.935634469886516,12.463720559397064,768509.5428246511,5092731.527470681,2,1,200618222,unclassified,,,OPEN_LOCAL,OPEN_LOCAL,highway=unclassified; surface=asphalt,LOW,TO_BE_RECONCILED,MINOR_LIKELY_EXCLUDABLE,TO_BE_RECONCILED,TO_BE_RECONCILED,,False,23.066,False,False,
GEO_0161,45.93706724129147,12.463813791840964,768509.8465815187,5092891.021427115,1,1,743634978,unclassified,,Strada di Vistorta,OPEN_LOCAL,OPEN_LOCAL,highway=unclassified; name=Strada di Vistorta; surface=asphalt,LOW,TO_BE_RECONCILED,MINOR_LIKELY_EXCLUDABLE,TO_BE_RECONCILED,TO_BE_RECONCILED,,False,0.0,False,False,
GEO_0162,45.93584094937874,12.463870849345502,768520.1951822508,5092754.973859568,1,1,136027671,track,,,AGRICULTURAL_TRACK,AGRICULTURAL_TRACK,highway=track; bicycle=yes; foot=yes; surface=grass,VERY_LOW,TO_BE_RECONCILED,RESTRICTED_NOT_MODELLABLE,TO_BE_RECONCILED,TO_BE_RECONCILED,,False,0.0,False,False,
GEO_0163,45.94039349721984,12.464854086476869,768574.4070266671,5093264.073480274,1,1,727213539,path,,,NON_MOTOR_VEHICLE,NON_MOTOR_VEHICLE,highway=path; surface=grass,VERY_LOW,TO_BE_RECONCILED,RESTRICTED_NOT_MODELLABLE,TO_BE_RECONCILED,TO_BE_RECONCILED,,False,0.0,False,False,
GEO_0164,45.940209868129216,12.464896644509018,768578.5934008113,5093243.815972482,1,1,727213538,track,,,AGRICULTURAL_TRACK,AGRICULTURAL_TRACK,highway=track; surface=grass,VERY_LOW,TO_BE_RECONCILED,RESTRICTED_NOT_MODELLABLE,TO_BE_RECONCILED,TO_BE_RECONCILED,,False,0.0,False,False,
GEO_0165,46.16113643382346,12.479474129740003,768634.0358861159,5117838.126182845,1,1,1150390463,path,,,NON_MOTOR_VEHICLE,NON_MOTOR_VEHICLE,highway=path,VERY_LOW,TO_BE_RECONCILED,RESTRICTED_NOT_MODELLABLE,TO_BE_RECONCILED,TO_BE_RECONCILED,,False,0.0,False,False,
GEO_0166,46.10059334273275,12.47723301490086,768755.6785286105,5111104.1147406325,1,1,392094147,path,,Sentiero Croseraz,NON_MOTOR_VEHICLE,NON_MOTOR_VEHICLE,highway=path; name=Sentiero Croseraz,VERY_LOW,TO_BE_RECONCILED,RESTRICTED_NOT_MODELLABLE,TO_BE_RECONCILED,TO_BE_RECONCILED,,False,0.0,False,False,
GEO_0167,46.4145711285535,12.497185601859622,768757.5568889345,5146055.6766091315,1,1,180593129,path,,,NON_MOTOR_VEHICLE,NON_MOTOR_VEHICLE,highway=path,VERY_LOW,TO_BE_RECONCILED,RESTRICTED_NOT_MODELLABLE,TO_BE_RECONCILED,TO_BE_RECONCILED,,False,0.0,False,False,
GEO_0168,46.43116499266012,12.499843045823956,768880.0804576522,5147908.38019007,1,1,614053998,path,,,NON_MOTOR_VEHICLE,NON_MOTOR_VEHICLE,highway=path,VERY_LOW,TO_BE_RECONCILED,RESTRICTED_NOT_MODELLABLE,TO_BE_RECONCILED,TO_BE_RECONCILED,,False,0.0,False,False,
GEO_0169,45.93189639726648,12.469159091274056,768949.2144064005,5092334.581204161,1,1,1436908499,track,,,AGRICULTURAL_TRACK,AGRICULTURAL_TRACK,highway=track; bicycle=yes; foot=yes; surface=grass,VERY_LOW,TO_BE_RECONCILED,RESTRICTED_NOT_MODELLABLE,TO_BE_RECONCILED,TO_BE_RECONCILED,,False,0.0,False,False,
GEO_0170,45.92986554156099,12.472555418190433,769222.3449339962,5092120.42968381,7,2,388126020|388129403,track,,,AGRICULTURAL_TRACK,AGRICULTURAL_TRACK,highway=track,VERY_LOW,TO_BE_RECONCILED,RESTRICTED_NOT_MODELLABLE,TO_BE_RECONCILED,TO_BE_RECONCILED,,False,305.25,False,False,
GEO_0171,46.15831359269059,12.486344167577204,769178.1948519647,5117547.787317827,2,1,1043395510,path,,,NON_MOTOR_VEHICLE,NON_MOTOR_VEHICLE,highway=path; motor_vehicle=no; bicycle=no,VERY_LOW,TO_BE_RECONCILED,RESTRICTED_NOT_MODELLABLE,TO_BE_RECONCILED,TO_BE_RECONCILED,,False,61.318,False,False,
GEO_0172,46.10622385296449,12.485175308067037,769342.0569943585,5111756.57738446,1,1,244588525,path,,,NON_MOTOR_VEHICLE,NON_MOTOR_VEHICLE,highway=path,VERY_LOW,TO_BE_RECONCILED,RESTRICTED_NOT_MODELLABLE,TO_BE_RECONCILED,TO_BE_RECONCILED,,False,0.0,False,False,
GEO_0173,46.44192958988597,12.50754515260317,769418.6477995275,5149130.630041563,1,1,614054271,path,,,NON_MOTOR_VEHICLE,NON_MOTOR_VEHICLE,highway=path,VERY_LOW,TO_BE_RECONCILED,RESTRICTED_NOT_MODELLABLE,TO_BE_RECONCILED,TO_BE_RECONCILED,,False,0.0,False,False,
GEO_0174,46.109448268399014,12.486382403042239,769419.6112303108,5112118.908340138,1,1,850619234,path,,,NON_MOTOR_VEHICLE,NON_MOTOR_VEHICLE,highway=path,VERY_LOW,TO_BE_RECONCILED,RESTRICTED_NOT_MODELLABLE,TO_BE_RECONCILED,TO_BE_RECONCILED,,False,0.0,False,False,
GEO_0175,46.11208369374921,12.48761800586183,769502.2307299365,5112415.900070409,2,1,214611407,path,,,NON_MOTOR_VEHICLE,NON_MOTOR_VEHICLE,highway=path,VERY_LOW,TO_BE_RECONCILED,RESTRICTED_NOT_MODELLABLE,TO_BE_RECONCILED,TO_BE_RECONCILED,,False,33.111,False,False,
GEO_0176,46.11280910603118,12.487932243315013,769522.9716477043,5112497.560800716,1,1,212393970,path,,,NON_MOTOR_VEHICLE,NON_MOTOR_VEHICLE,highway=path,VERY_LOW,TO_BE_RECONCILED,RESTRICTED_NOT_MODELLABLE,TO_BE_RECONCILED,TO_BE_RECONCILED,,False,0.0,False,False,
GEO_0177,46.11352323998791,12.488301096302612,769547.9869686997,5112578.153997905,1,1,1155903463,path,,,NON_MOTOR_VEHICLE,NON_MOTOR_VEHICLE,highway=path,VERY_LOW,TO_BE_RECONCILED,RESTRICTED_NOT_MODELLABLE,TO_BE_RECONCILED,TO_BE_RECONCILED,,False,0.0,False,False,
GEO_0178,45.92754827411252,12.477797200897923,769639.9577216458,5091880.714427121,3,2,388126017|388126019,track,,,AGRICULTURAL_TRACK,AGRICULTURAL_TRACK,highway=track,VERY_LOW,TO_BE_RECONCILED,RESTRICTED_NOT_MODELLABLE,TO_BE_RECONCILED,TO_BE_RECONCILED,,False,78.152,False,False,
GEO_0179,46.124042288186665,12.491748021948402,769762.9257204841,5113758.540263573,1,1,39265653,path,,,NON_MOTOR_VEHICLE,NON_MOTOR_VEHICLE,highway=path,VERY_LOW,TO_BE_RECONCILED,RESTRICTED_NOT_MODELLABLE,TO_BE_RECONCILED,TO_BE_RECONCILED,,False,0.0,False,False,
GEO_0180,46.12450399951111,12.491821491562982,769766.3451851911,5113810.08664737,1,1,39265652,path,,,NON_MOTOR_VEHICLE,NON_MOTOR_VEHICLE,highway=path,VERY_LOW,TO_BE_RECONCILED,RESTRICTED_NOT_MODELLABLE,TO_BE_RECONCILED,TO_BE_RECONCILED,,False,0.0,False,False,
GEO_0181,46.4453355049066,12.513077119423647,769826.7021540203,5149527.932791331,1,1,34653668,path,,,NON_MOTOR_VEHICLE,NON_MOTOR_VEHICLE,highway=path,VERY_LOW,TO_BE_RECONCILED,RESTRICTED_NOT_MODELLABLE,TO_BE_RECONCILED,TO_BE_RECONCILED,,False,0.0,False,False,
GEO_0182,45.92645226386321,12.480559049403503,769859.4013296238,5091768.301960485,2,1,388126019,track,,,AGRICULTURAL_TRACK,AGRICULTURAL_TRACK,highway=track,VERY_LOW,TO_BE_RECONCILED,RESTRICTED_NOT_MODELLABLE,TO_BE_RECONCILED,TO_BE_RECONCILED,,False,52.321,False,False,
GEO_0183,46.11893294900776,12.492483108394747,769844.6860198174,5113193.384235945,1,1,209160795,path,,,NON_MOTOR_VEHICLE,NON_MOTOR_VEHICLE,highway=path,VERY_LOW,TO_BE_RECONCILED,RESTRICTED_NOT_MODELLABLE,TO_BE_RECONCILED,TO_BE_RECONCILED,,False,0.0,False,False,
GEO_0184,46.14971703111524,12.494894469240526,769880.3933392137,5116621.737842038,1,1,1016935856,path,,Raccordo Forcella Sestier,NON_MOTOR_VEHICLE,NON_MOTOR_VEHICLE,highway=path; name=Raccordo Forcella Sestier; motor_vehicle=no; bicycle=no; surface=earth,VERY_LOW,TO_BE_RECONCILED,RESTRICTED_NOT_MODELLABLE,TO_BE_RECONCILED,TO_BE_RECONCILED,,False,0.0,False,False,
GEO_0185,46.12260732268166,12.493460686711913,769902.2508435181,5113604.934755103,1,1,209172514,path,,,NON_MOTOR_VEHICLE,NON_MOTOR_VEHICLE,highway=path,VERY_LOW,TO_BE_RECONCILED,RESTRICTED_NOT_MODELLABLE,TO_BE_RECONCILED,TO_BE_RECONCILED,,False,0.0,False,False,
GEO_0186,46.14672761125852,12.495269928295617,769924.0146471855,5116290.885518012,1,1,380541533,path,,,NON_MOTOR_VEHICLE,NON_MOTOR_VEHICLE,highway=path,VERY_LOW,TO_BE_RECONCILED,RESTRICTED_NOT_MODELLABLE,TO_BE_RECONCILED,TO_BE_RECONCILED,,False,0.0,False,False,
GEO_0187,46.12030147207133,12.493619436818545,769925.7888498587,5113349.2915342115,1,1,1297442304,path,,,NON_MOTOR_VEHICLE,NON_MOTOR_VEHICLE,highway=path,VERY_LOW,TO_BE_RECONCILED,RESTRICTED_NOT_MODELLABLE,TO_BE_RECONCILED,TO_BE_RECONCILED,,False,0.0,False,False,
GEO_0188,46.14553620893551,12.496627061426203,770034.6476101587,5116163.135959685,3,1,1019986425,path,,,NON_MOTOR_VEHICLE,NON_MOTOR_VEHICLE,highway=path,VERY_LOW,TO_BE_RECONCILED,RESTRICTED_NOT_MODELLABLE,TO_BE_RECONCILED,TO_BE_RECONCILED,,False,174.289,False,False,
GEO_0189,46.14107541696137,12.49628132102756,770029.7822127452,5115666.358621046,1,1,380541534,path,,,NON_MOTOR_VEHICLE,NON_MOTOR_VEHICLE,highway=path,VERY_LOW,TO_BE_RECONCILED,RESTRICTED_NOT_MODELLABLE,TO_BE_RECONCILED,TO_BE_RECONCILED,,False,0.0,False,False,
GEO_0190,46.14078418827559,12.49646,770045.0070198353,5115634.610615887,1,1,209329241,path,,,NON_MOTOR_VEHICLE,NON_MOTOR_VEHICLE,highway=path,VERY_LOW,TO_BE_RECONCILED,RESTRICTED_NOT_MODELLABLE,TO_BE_RECONCILED,TO_BE_RECONCILED,,False,0.0,False,False,
GEO_0191,46.14465514076456,12.497550344903656,770110.260549878,5116068.38975052,1,1,380541533,path,,,NON_MOTOR_VEHICLE,NON_MOTOR_VEHICLE,highway=path,VERY_LOW,TO_BE_RECONCILED,RESTRICTED_NOT_MODELLABLE,TO_BE_RECONCILED,TO_BE_RECONCILED,,False,0.0,False,False,
GEO_0192,46.1320844017163,12.496939526874323,770124.6268608958,5114669.683525279,1,1,425775711,path,,,NON_MOTOR_VEHICLE,NON_MOTOR_VEHICLE,highway=path,VERY_LOW,TO_BE_RECONCILED,RESTRICTED_NOT_MODELLABLE,TO_BE_RECONCILED,TO_BE_RECONCILED,,False,0.0,False,False,
GEO_0193,46.13165335742233,12.496923149563223,770125.4716544228,5114621.738177239,1,1,424205530,path,,,NON_MOTOR_VEHICLE,NON_MOTOR_VEHICLE,highway=path,VERY_LOW,TO_BE_RECONCILED,RESTRICTED_NOT_MODELLABLE,TO_BE_RECONCILED,TO_BE_RECONCILED,,False,0.0,False,False,
GEO_0194,46.13127412228445,12.496971993390142,770131.1007307506,5114579.770847555,1,1,425775712,path,,,NON_MOTOR_VEHICLE,NON_MOTOR_VEHICLE,highway=path,VERY_LOW,TO_BE_RECONCILED,RESTRICTED_NOT_MODELLABLE,TO_BE_RECONCILED,TO_BE_RECONCILED,,False,0.0,False,False,
GEO_0195,45.925745093345306,12.486710999016339,770339.8029924617,5091710.596683104,1,1,177034663,tertiary,,Strada Vizze,OPEN_ORDINARY,OPEN_ORDINARY,highway=tertiary; name=Strada Vizze,MEDIUM,TO_BE_RECONCILED,SECONDARY_BUT_POSSIBLY_MATERIAL,TO_BE_RECONCILED,TO_BE_RECONCILED,,False,0.0,False,False,
GEO_0196,45.92600641925489,12.492678878738941,770801.2272060774,5091759.90147236,2,2,31096753|191472388,motorway,A28,Autostrada Portogruaro-Conegliano,OPEN_ORDINARY,OPEN_ORDINARY,highway=motorway; ref=A28; name=Autostrada Portogruaro-Conegliano; surface=asphalt,VERY_HIGH,TO_BE_RECONCILED,CORE_CANDIDATE,TO_BE_RECONCILED,TO_BE_RECONCILED,,False,17.926,False,False,
GEO_0197,45.92568045796658,12.49455955039076,770948.6261894456,5091730.083027851,1,1,83069138,motorway_link,,,OPEN_ORDINARY,OPEN_ORDINARY,highway=motorway_link; surface=asphalt,VERY_HIGH,TO_BE_RECONCILED,CORE_CANDIDATE,TO_BE_RECONCILED,TO_BE_RECONCILED,,False,0.0,False,False,
GEO_0198,46.45018268685032,12.529159916456,771037.8134506396,5150121.561000628,1,1,98338586,primary,SS52,Strada Statale Carnica,OPEN_ORDINARY,OPEN_ORDINARY,highway=primary; ref=SS52; name=Strada Statale Carnica; surface=asphalt,HIGH,TO_BE_RECONCILED,CORE_CANDIDATE,TO_BE_RECONCILED,TO_BE_RECONCILED,,False,0.0,False,False,
GEO_0199,45.92543963111709,12.499657802121368,771345.0761158332,5091720.682346341,3,3,83069145|191475794|233521608,motorway_link|secondary,,Bretella di Sacile Ovest,OPEN_ORDINARY,OPEN_ORDINARY,highway=motorway_link; surface=asphalt || highway=secondary; name=Bretella di Sacile Ovest,VERY_HIGH,TO_BE_RECONCILED,CORE_CANDIDATE,TO_BE_RECONCILED,TO_BE_RECONCILED,,False,114.305,False,False,
GEO_0200,46.4629699709477,12.53327429593949,771290.1884315582,5151556.425731256,1,1,905414404,path,,,NON_MOTOR_VEHICLE,NON_MOTOR_VEHICLE,highway=path,VERY_LOW,TO_BE_RECONCILED,RESTRICTED_NOT_MODELLABLE,TO_BE_RECONCILED,TO_BE_RECONCILED,,False,0.0,False,False,
GEO_0201,45.92458711427649,12.502367831751744,771559.3538394287,5091635.203911133,2,2,1014468563|1050306323,cycleway|tertiary,SP15,Via Francenigo,OPEN_ORDINARY,NON_MOTOR_VEHICLE|OPEN_ORDINARY,highway=cycleway; bicycle=designated; foot=designated; surface=asphalt || highway=tertiary; ref=SP15; name=Via Francenigo; surface=asphalt; maxheight=default,MEDIUM,TO_BE_RECONCILED,SECONDARY_BUT_POSSIBLY_MATERIAL,TO_BE_RECONCILED,TO_BE_RECONCILED,,False,4.367,True,True,
GEO_0202,45.92320173183175,12.505352649410806,771797.548898607,5091491.469823392,2,1,1459673764,track,,,AGRICULTURAL_TRACK,AGRICULTURAL_TRACK,highway=track,VERY_LOW,TO_BE_RECONCILED,RESTRICTED_NOT_MODELLABLE,TO_BE_RECONCILED,TO_BE_RECONCILED,,False,98.903,False,False,
GEO_0203,45.91619895132927,12.505678662556884,771857.0649654301,5090714.5820694445,3,2,83069142|1053638330,footway|secondary,SP44,Via per Sacile,OPEN_ORDINARY,NON_MOTOR_VEHICLE|OPEN_ORDINARY,highway=footway; bicycle=designated; foot=designated; surface=asphalt || highway=secondary; ref=SP44; name=Via per Sacile; surface=asphalt,MEDIUM,TO_BE_RECONCILED,SECONDARY_BUT_POSSIBLY_MATERIAL,TO_BE_RECONCILED,TO_BE_RECONCILED,,False,40.088,True,True,
GEO_0204,45.91557667069921,12.506223552429208,771902.3610982543,5090647.307080756,2,1,1091696764,cycleway,,,NON_MOTOR_VEHICLE,NON_MOTOR_VEHICLE,highway=cycleway; bicycle=designated; foot=designated,VERY_LOW,TO_BE_RECONCILED,RESTRICTED_NOT_MODELLABLE,TO_BE_RECONCILED,TO_BE_RECONCILED,,False,70.308,False,False,
GEO_0205,45.91401611584438,12.507090405915676,771977.2140953788,5090476.890403574,2,1,83069142,secondary,SP44,Via per Sacile,OPEN_ORDINARY,OPEN_ORDINARY,highway=secondary; ref=SP44; name=Via per Sacile; surface=asphalt,MEDIUM,TO_BE_RECONCILED,SECONDARY_BUT_POSSIBLY_MATERIAL,TO_BE_RECONCILED,TO_BE_RECONCILED,,False,53.487,False,False,
GEO_0206,45.91363587372676,12.507357840898251,771999.8128366934,5090435.559015678,1,1,1053638331,cycleway,,,NON_MOTOR_VEHICLE,NON_MOTOR_VEHICLE,highway=cycleway; bicycle=designated; foot=designated; surface=asphalt,VERY_LOW,TO_BE_RECONCILED,RESTRICTED_NOT_MODELLABLE,TO_BE_RECONCILED,TO_BE_RECONCILED,,False,0.0,False,False,
GEO_0207,45.9135404660137,12.507433692439868,772006.1616486986,5090425.218313653,1,1,1053638338,path,,,NON_MOTOR_VEHICLE,NON_MOTOR_VEHICLE,highway=path; bicycle=designated; foot=designated; smoothness=good; surface=wood,VERY_LOW,TO_BE_RECONCILED,RESTRICTED_NOT_MODELLABLE,TO_BE_RECONCILED,TO_BE_RECONCILED,,False,0.0,False,False,
GEO_0208,45.9120456433611,12.508657462989817,772108.3769991862,5090263.324430538,2,2,39753726|1014468566,path|unclassified,,Via Memi Celanti,OPEN_LOCAL,NON_MOTOR_VEHICLE|OPEN_LOCAL,highway=path; bicycle=designated; foot=designated; smoothness=good; surface=fine_gravel || highway=unclassified; name=Via Memi Celanti,LOW,TO_BE_RECONCILED,MINOR_LIKELY_EXCLUDABLE,TO_BE_RECONCILED,TO_BE_RECONCILED,,False,9.884,True,True,
GEO_0209,46.46143510056032,12.545468016625524,772234.039958715,5151427.871526722,1,1,1303044156,path,,,NON_MOTOR_VEHICLE,NON_MOTOR_VEHICLE,highway=path,VERY_LOW,TO_BE_RECONCILED,RESTRICTED_NOT_MODELLABLE,TO_BE_RECONCILED,TO_BE_RECONCILED,,False,0.0,False,False,
GEO_0210,45.898675186674026,12.50989402094132,772269.7078950056,5088782.110138252,2,1,280922409,residential,,Strada del Braid,OPEN_LOCAL,OPEN_LOCAL,highway=residential; name=Strada del Braid,LOW,TO_BE_RECONCILED,MINOR_LIKELY_EXCLUDABLE,TO_BE_RECONCILED,TO_BE_RECONCILED,,False,26.066,False,False,
GEO_0211,46.46255958572063,12.546364245688782,772297.2382636218,5151555.898659325,1,1,34647869,path,,,NON_MOTOR_VEHICLE,NON_MOTOR_VEHICLE,highway=path; access=discouraged,VERY_LOW,TO_BE_RECONCILED,RESTRICTED_NOT_MODELLABLE,TO_BE_RECONCILED,TO_BE_RECONCILED,,False,0.0,False,False,
GEO_0212,45.89853183817062,12.511344246762862,772382.9022956896,5088771.140230788,1,1,281500473,residential,,Via Roncadelle / Strada del Braid,OPEN_LOCAL,OPEN_LOCAL,highway=residential; name=Via Roncadelle / Strada del Braid; surface=asphalt,LOW,TO_BE_RECONCILED,MINOR_LIKELY_EXCLUDABLE,TO_BE_RECONCILED,TO_BE_RECONCILED,,False,0.0,False,False,
GEO_0213,45.89461508035735,12.512260360920102,772473.1433859575,5088339.1262975065,1,1,484814087,secondary,,Via Calderano,OPEN_ORDINARY,OPEN_ORDINARY,highway=secondary; name=Via Calderano,MEDIUM,TO_BE_RECONCILED,SECONDARY_BUT_POSSIBLY_MATERIAL,TO_BE_RECONCILED,TO_BE_RECONCILED,,False,0.0,False,False,
GEO_0214,45.898852418486115,12.514174714720692,772600.8887380931,5088816.434891916,4,1,281500473,residential,,Via Roncadelle / Strada del Braid,OPEN_LOCAL,OPEN_LOCAL,highway=residential; name=Via Roncadelle / Strada del Braid; surface=asphalt,LOW,TO_BE_RECONCILED,MINOR_LIKELY_EXCLUDABLE,TO_BE_RECONCILED,TO_BE_RECONCILED,,False,124.535,False,False,
GEO_0215,45.89943498551313,12.515254740781426,772681.810062821,5088884.852189845,1,1,39911191,secondary,,Via per Brugnera,OPEN_ORDINARY,OPEN_ORDINARY,highway=secondary; name=Via per Brugnera; surface=asphalt,MEDIUM,TO_BE_RECONCILED,SECONDARY_BUT_POSSIBLY_MATERIAL,TO_BE_RECONCILED,TO_BE_RECONCILED,,False,0.0,False,False,
GEO_0216,45.89994418197511,12.517914002978852,772885.5861156863,5088950.526322112,7,2,39911193|379890005,track|unclassified,,Strada delle Roncae / Via Roncaie,OPEN_LOCAL,AGRICULTURAL_TRACK|OPEN_LOCAL,highway=track; name=Strada delle Roncae / Via Roncaie; tracktype=grade1 || highway=unclassified; name=Strada delle Roncae / Via Roncaie,LOW,TO_BE_RECONCILED,MINOR_LIKELY_EXCLUDABLE,TO_BE_RECONCILED,TO_BE_RECONCILED,,False,116.023,True,True,
GEO_0217,46.46776524567192,12.554751497789903,772915.1394747995,5152163.239347632,1,1,34647869,path,,,NON_MOTOR_VEHICLE,NON_MOTOR_VEHICLE,highway=path; access=discouraged,VERY_LOW,TO_BE_RECONCILED,RESTRICTED_NOT_MODELLABLE,TO_BE_RECONCILED,TO_BE_RECONCILED,,False,0.0,False,False,
GEO_0218,45.9009543100308,12.52032764426468,773067.8477889345,5089071.018074335,2,1,379890005,track,,Strada delle Roncae / Via Roncaie,AGRICULTURAL_TRACK,AGRICULTURAL_TRACK,highway=track; name=Strada delle Roncae / Via Roncaie; tracktype=grade1,VERY_LOW,TO_BE_RECONCILED,RESTRICTED_NOT_MODELLABLE,TO_BE_RECONCILED,TO_BE_RECONCILED,,False,17.151,False,False,
GEO_0219,45.90134939915773,12.520775985475346,773100.6843106104,5089116.448334277,1,1,130877104,residential,,Via Livenza,OPEN_LOCAL,OPEN_LOCAL,highway=residential; name=Via Livenza,LOW,TO_BE_RECONCILED,MINOR_LIKELY_EXCLUDABLE,TO_BE_RECONCILED,TO_BE_RECONCILED,,False,0.0,False,False,
GEO_0220,46.469649736963426,12.557481308533728,773115.269023791,5152382.05808142,1,1,531016463,path,,,NON_MOTOR_VEHICLE,NON_MOTOR_VEHICLE,highway=path,VERY_LOW,TO_BE_RECONCILED,RESTRICTED_NOT_MODELLABLE,TO_BE_RECONCILED,TO_BE_RECONCILED,,False,0.0,False,False,
GEO_0221,46.46991201824217,12.557971713984745,773151.6023346408,5152412.895895616,1,1,1520554133,path,,,NON_MOTOR_VEHICLE,NON_MOTOR_VEHICLE,highway=path,VERY_LOW,TO_BE_RECONCILED,RESTRICTED_NOT_MODELLABLE,TO_BE_RECONCILED,TO_BE_RECONCILED,,False,0.0,False,False,
GEO_0222,46.47272135642756,12.56473528566543,773656.7210653928,5152748.456548915,3,2,511472213|1194683983,path,,,NON_MOTOR_VEHICLE,NON_MOTOR_VEHICLE,highway=path || highway=path; surface=grass,VERY_LOW,TO_BE_RECONCILED,RESTRICTED_NOT_MODELLABLE,TO_BE_RECONCILED,TO_BE_RECONCILED,,False,34.172,False,False,
GEO_0223,46.47619618078194,12.569348144518816,773993.3552129867,5153150.531644288,1,1,1194683983,path,,,NON_MOTOR_VEHICLE,NON_MOTOR_VEHICLE,highway=path,VERY_LOW,TO_BE_RECONCILED,RESTRICTED_NOT_MODELLABLE,TO_BE_RECONCILED,TO_BE_RECONCILED,,False,0.0,False,False,
GEO_0224,45.863189727514396,12.532132184751756,774169.3976998953,5084915.961334219,1,1,976130059,track,,,RESTRICTED,RESTRICTED,highway=track; vehicle=no; bicycle=permissive; tracktype=grade4; smoothness=bad; surface=grass,VERY_LOW,TO_BE_RECONCILED,RESTRICTED_NOT_MODELLABLE,TO_BE_RECONCILED,TO_BE_RECONCILED,,False,0.0,False,False,
GEO_0225,46.47383425981102,12.573819482312155,774348.4489656314,5152903.643111318,1,1,515763290,path,,,NON_MOTOR_VEHICLE,NON_MOTOR_VEHICLE,highway=path,VERY_LOW,TO_BE_RECONCILED,RESTRICTED_NOT_MODELLABLE,TO_BE_RECONCILED,TO_BE_RECONCILED,,False,0.0,False,False,
GEO_0226,45.862043062590466,12.536552277994161,774518.1294442937,5084803.777065531,1,1,130660741,unclassified,,Via Settimo,OPEN_LOCAL,OPEN_LOCAL,highway=unclassified; name=Via Settimo,LOW,TO_BE_RECONCILED,MINOR_LIKELY_EXCLUDABLE,TO_BE_RECONCILED,TO_BE_RECONCILED,,False,0.0,False,False,
GEO_0227,45.862566962563875,12.544206582935118,775109.6705957851,5084888.361881638,1,1,1392206993,secondary,,Via Roverat,OPEN_ORDINARY,OPEN_ORDINARY,highway=secondary; name=Via Roverat; surface=asphalt,MEDIUM,TO_BE_RECONCILED,SECONDARY_BUT_POSSIBLY_MATERIAL,TO_BE_RECONCILED,TO_BE_RECONCILED,,False,0.0,False,False,
GEO_0228,45.86079452982123,12.549454943875118,775525.811092586,5084709.56993021,1,1,386604552,primary,SP50,Via Ponte Maron,OPEN_ORDINARY,OPEN_ORDINARY,highway=primary; ref=SP50; name=Via Ponte Maron; surface=asphalt,HIGH,TO_BE_RECONCILED,CORE_CANDIDATE,TO_BE_RECONCILED,TO_BE_RECONCILED,,False,0.0,False,False,
GEO_0229,45.85243644350732,12.551344964838659,775713.8726624143,5083787.537359893,1,1,585881095,tertiary,,Via Ronche,OPEN_ORDINARY,OPEN_ORDINARY,highway=tertiary; name=Via Ronche,MEDIUM,TO_BE_RECONCILED,SECONDARY_BUT_POSSIBLY_MATERIAL,TO_BE_RECONCILED,TO_BE_RECONCILED,,False,0.0,False,False,
GEO_0230,46.46860179138316,12.597798754394436,776215.6249149047,5152405.924609454,1,1,516435084,path,,,NON_MOTOR_VEHICLE,NON_MOTOR_VEHICLE,highway=path,VERY_LOW,TO_BE_RECONCILED,RESTRICTED_NOT_MODELLABLE,TO_BE_RECONCILED,TO_BE_RECONCILED,,False,0.0,False,False,
GEO_0231,45.82833078189657,12.568353588062187,777154.1228458313,5081168.401614791,1,1,169472019,tertiary,SP119,,OPEN_ORDINARY,OPEN_ORDINARY,highway=tertiary; ref=SP119; smoothness=good; surface=asphalt; maxweight=3.5,MEDIUM,TO_BE_RECONCILED,SECONDARY_BUT_POSSIBLY_MATERIAL,TO_BE_RECONCILED,TO_BE_RECONCILED,,False,0.0,False,False,
GEO_0232,46.46830014699249,12.611279953713135,777252.0876223083,5152419.676607391,1,1,1219473473,path,,,NON_MOTOR_VEHICLE,NON_MOTOR_VEHICLE,highway=path,VERY_LOW,TO_BE_RECONCILED,RESTRICTED_NOT_MODELLABLE,TO_BE_RECONCILED,TO_BE_RECONCILED,,False,0.0,False,False,
GEO_0233,46.53431986438984,12.619951875166985,777581.1993440189,5159785.304188287,1,1,1335373279,path,,,NON_MOTOR_VEHICLE,NON_MOTOR_VEHICLE,highway=path,VERY_LOW,TO_BE_RECONCILED,RESTRICTED_NOT_MODELLABLE,TO_BE_RECONCILED,TO_BE_RECONCILED,,False,0.0,False,False,
GEO_0234,46.53207603158068,12.620316610450033,777620.613656739,5159537.286191502,1,1,320098421,path,,,NON_MOTOR_VEHICLE,NON_MOTOR_VEHICLE,highway=path,VERY_LOW,TO_BE_RECONCILED,RESTRICTED_NOT_MODELLABLE,TO_BE_RECONCILED,TO_BE_RECONCILED,,False,0.0,False,False,
GEO_0235,46.47421301547409,12.617748354518296,777718.5434804587,5153099.366284303,2,2,467949095|544155003,track,,,AGRICULTURAL_TRACK,AGRICULTURAL_TRACK,highway=track; access=forestry; bicycle=yes; foot=yes; tracktype=grade3 || highway=track; tracktype=grade5,VERY_LOW,TO_BE_RECONCILED,RESTRICTED_NOT_MODELLABLE,TO_BE_RECONCILED,TO_BE_RECONCILED,,False,10.307,False,False,
GEO_0236,46.54982311301808,12.623070035083597,777741.1159445299,5161518.784575756,1,1,529132247,track,,,AGRICULTURAL_TRACK,AGRICULTURAL_TRACK,highway=track; motor_vehicle=forestry; tracktype=grade2; smoothness=very_bad; surface=gravel,VERY_LOW,TO_BE_RECONCILED,RESTRICTED_NOT_MODELLABLE,TO_BE_RECONCILED,TO_BE_RECONCILED,,False,0.0,False,False,
GEO_0237,46.5264826410161,12.621528534497928,777742.0876046383,5158920.0979712475,1,1,305032917,path,,,NON_MOTOR_VEHICLE,NON_MOTOR_VEHICLE,highway=path,VERY_LOW,TO_BE_RECONCILED,RESTRICTED_NOT_MODELLABLE,TO_BE_RECONCILED,TO_BE_RECONCILED,,False,0.0,False,False,
GEO_0238,46.55115979273861,12.623714284930129,777783.6718413569,5161669.567585484,3,1,707031618,path,,,NON_MOTOR_VEHICLE,NON_MOTOR_VEHICLE,highway=path,VERY_LOW,TO_BE_RECONCILED,RESTRICTED_NOT_MODELLABLE,TO_BE_RECONCILED,TO_BE_RECONCILED,,False,19.815,False,False,
GEO_0239,46.47504169582758,12.61958465977768,777855.2759676124,5153197.900125266,1,1,231464562,track,,,AGRICULTURAL_TRACK,AGRICULTURAL_TRACK,highway=track; tracktype=grade5,VERY_LOW,TO_BE_RECONCILED,RESTRICTED_NOT_MODELLABLE,TO_BE_RECONCILED,TO_BE_RECONCILED,,False,0.0,False,False,
GEO_0240,46.553315116365255,12.62486163196367,777860.6040831164,5161913.08048519,1,1,707031617,path,,,NON_MOTOR_VEHICLE,NON_MOTOR_VEHICLE,highway=path,VERY_LOW,TO_BE_RECONCILED,RESTRICTED_NOT_MODELLABLE,TO_BE_RECONCILED,TO_BE_RECONCILED,,False,0.0,False,False,
GEO_0241,46.52383771417227,12.622905550453105,777861.188501915,5158631.083478282,1,1,305032920,path,,,NON_MOTOR_VEHICLE,NON_MOTOR_VEHICLE,highway=path,VERY_LOW,TO_BE_RECONCILED,RESTRICTED_NOT_MODELLABLE,TO_BE_RECONCILED,TO_BE_RECONCILED,,False,0.0,False,False,
GEO_0242,46.47514787011447,12.619929000163964,777881.1661329402,5153210.908980419,1,1,231464563,track,,,AGRICULTURAL_TRACK,AGRICULTURAL_TRACK,highway=track; tracktype=grade5; surface=unpaved,VERY_LOW,TO_BE_RECONCILED,RESTRICTED_NOT_MODELLABLE,TO_BE_RECONCILED,TO_BE_RECONCILED,,False,0.0,False,False,
GEO_0243,46.55473032029067,12.625614715769558,777911.0934219633,5162072.972881384,1,1,707031624,path,,,NON_MOTOR_VEHICLE,NON_MOTOR_VEHICLE,highway=path,VERY_LOW,TO_BE_RECONCILED,RESTRICTED_NOT_MODELLABLE,TO_BE_RECONCILED,TO_BE_RECONCILED,,False,0.0,False,False,
GEO_0244,46.52098628288185,12.62434409876467,777986.0727979101,5158319.34412096,1,1,223660336,path,,,NON_MOTOR_VEHICLE,NON_MOTOR_VEHICLE,highway=path,VERY_LOW,TO_BE_RECONCILED,RESTRICTED_NOT_MODELLABLE,TO_BE_RECONCILED,TO_BE_RECONCILED,,False,0.0,False,False,
GEO_0245,46.55915963873291,12.62797032156829,778068.9873186494,5162573.404276435,1,1,707031622,path,,,NON_MOTOR_VEHICLE,NON_MOTOR_VEHICLE,highway=path,VERY_LOW,TO_BE_RECONCILED,RESTRICTED_NOT_MODELLABLE,TO_BE_RECONCILED,TO_BE_RECONCILED,,False,0.0,False,False,
GEO_0246,46.51605718311288,12.629436212436659,778401.8144458226,5157789.657745697,1,1,34647395,path,,,NON_MOTOR_VEHICLE,NON_MOTOR_VEHICLE,highway=path,VERY_LOW,TO_BE_RECONCILED,RESTRICTED_NOT_MODELLABLE,TO_BE_RECONCILED,TO_BE_RECONCILED,,False,0.0,False,False,
GEO_0247,46.512938125236154,12.630425198398271,778493.623926501,5157446.605781348,1,1,515572800,path,,,NON_MOTOR_VEHICLE,NON_MOTOR_VEHICLE,highway=path,VERY_LOW,TO_BE_RECONCILED,RESTRICTED_NOT_MODELLABLE,TO_BE_RECONCILED,TO_BE_RECONCILED,,False,0.0,False,False,
GEO_0248,46.50056836098636,12.630189775770033,778538.8210457524,5156071.430257989,1,1,844837099,track,,,AGRICULTURAL_TRACK,AGRICULTURAL_TRACK,highway=track; tracktype=grade3,VERY_LOW,TO_BE_RECONCILED,RESTRICTED_NOT_MODELLABLE,TO_BE_RECONCILED,TO_BE_RECONCILED,,False,0.0,False,False,
GEO_0249,46.49680934565833,12.634994061347587,778926.666084496,5155670.759471135,1,1,134146696,secondary,SP465,,OPEN_ORDINARY,OPEN_ORDINARY,highway=secondary; ref=SP465; surface=asphalt,MEDIUM,TO_BE_RECONCILED,SECONDARY_BUT_POSSIBLY_MATERIAL,TO_BE_RECONCILED,TO_BE_RECONCILED,,False,0.0,False,False,
GEO_0250,46.49547450519775,12.63790736717544,779157.0387524175,5155532.75650486,2,1,134146696,secondary,SP465,,OPEN_ORDINARY,OPEN_ORDINARY,highway=secondary; ref=SP465; surface=asphalt,MEDIUM,TO_BE_RECONCILED,SECONDARY_BUT_POSSIBLY_MATERIAL,TO_BE_RECONCILED,TO_BE_RECONCILED,,False,101.751,False,False,
GEO_0251,46.495524931416625,12.63800546032771,779164.3069728654,5155538.706186231,2,1,134146750,secondary,SR465,,OPEN_ORDINARY,OPEN_ORDINARY,highway=secondary; ref=SR465,MEDIUM,TO_BE_RECONCILED,SECONDARY_BUT_POSSIBLY_MATERIAL,TO_BE_RECONCILED,TO_BE_RECONCILED,,False,3.287,False,False,
GEO_0252,45.83097079098512,12.594477358913698,779169.8658395833,5081552.784758111,1,1,201438337,unclassified,,Via Luigi Bailo,OPEN_LOCAL,OPEN_LOCAL,highway=unclassified; name=Via Luigi Bailo,LOW,TO_BE_RECONCILED,MINOR_LIKELY_EXCLUDABLE,TO_BE_RECONCILED,TO_BE_RECONCILED,,False,0.0,False,False,
GEO_0253,45.82931713081462,12.595251702420192,779238.2837587849,5081371.777577393,2,1,201438337,unclassified,,Via Luigi Bailo,OPEN_LOCAL,OPEN_LOCAL,highway=unclassified; name=Via Luigi Bailo,LOW,TO_BE_RECONCILED,MINOR_LIKELY_EXCLUDABLE,TO_BE_RECONCILED,TO_BE_RECONCILED,,False,39.153,False,False,
GEO_0254,45.83188671116752,12.59587869436529,779274.1114899495,5081659.445871907,1,1,1126379735,footway,,,NON_MOTOR_VEHICLE,NON_MOTOR_VEHICLE,highway=footway,VERY_LOW,TO_BE_RECONCILED,RESTRICTED_NOT_MODELLABLE,TO_BE_RECONCILED,TO_BE_RECONCILED,,False,0.0,False,False,
GEO_0255,45.825495710901414,12.596176187209723,779329.2220983568,5080950.464445919,1,1,45356211,tertiary,,Via Livenza,OPEN_ORDINARY,OPEN_ORDINARY,highway=tertiary; name=Via Livenza; surface=asphalt,MEDIUM,TO_BE_RECONCILED,SECONDARY_BUT_POSSIBLY_MATERIAL,TO_BE_RECONCILED,TO_BE_RECONCILED,,False,0.0,False,False,
GEO_0256,45.82303966895367,12.597849627863138,779471.5049954143,5080683.465212584,2,1,567406498,tertiary,,Via Livenza,OPEN_ORDINARY,OPEN_ORDINARY,highway=tertiary; name=Via Livenza; surface=asphalt,MEDIUM,TO_BE_RECONCILED,SECONDARY_BUT_POSSIBLY_MATERIAL,TO_BE_RECONCILED,TO_BE_RECONCILED,,False,92.608,False,False,
GEO_0257,45.82248438821547,12.597822280566792,779472.1625716231,5080621.67923917,2,2,923039115|1169815040,cycleway|track,,Argine Trameacque Meduna,AGRICULTURAL_TRACK,AGRICULTURAL_TRACK|NON_MOTOR_VEHICLE,highway=cycleway; name=Argine Trameacque Meduna; motor_vehicle=no; bicycle=yes; foot=yes; tracktype=grade2; surface=gravel || highway=track,VERY_LOW,TO_BE_RECONCILED,RESTRICTED_NOT_MODELLABLE,TO_BE_RECONCILED,TO_BE_RECONCILED,,False,7.043,False,False,
GEO_0258,45.83355962960215,12.598677922408772,779483.120954028,5081855.10598323,2,2,249050457|249050458,residential,,Via Ettore Majorana,OPEN_LOCAL,OPEN_LOCAL,highway=residential; name=Via Ettore Majorana,LOW,TO_BE_RECONCILED,MINOR_LIKELY_EXCLUDABLE,TO_BE_RECONCILED,TO_BE_RECONCILED,,False,4.955,False,False,
GEO_0259,45.83422192208323,12.599109646121237,779513.3287014582,5081930.197567262,1,1,220233380,unclassified,,Via San Marco,OPEN_LOCAL,OPEN_LOCAL,highway=unclassified; name=Via San Marco,LOW,TO_BE_RECONCILED,MINOR_LIKELY_EXCLUDABLE,TO_BE_RECONCILED,TO_BE_RECONCILED,,False,0.0,False,False,
GEO_0260,46.5702083018427,12.654557649654542,780049.7127034597,5163895.126592498,2,2,73863886|361378703,track,,,AGRICULTURAL_TRACK,AGRICULTURAL_TRACK,highway=track; tracktype=grade3 || highway=track; tracktype=grade4,VERY_LOW,TO_BE_RECONCILED,RESTRICTED_NOT_MODELLABLE,TO_BE_RECONCILED,TO_BE_RECONCILED,,False,3.07,False,False,
GEO_0261,45.83870549466684,12.60644375293248,780060.3656462024,5082454.035085005,1,1,169532937,track,,,AGRICULTURAL_TRACK,AGRICULTURAL_TRACK,highway=track; tracktype=grade2; surface=compacted,VERY_LOW,TO_BE_RECONCILED,RESTRICTED_NOT_MODELLABLE,TO_BE_RECONCILED,TO_BE_RECONCILED,,False,0.0,False,False,
GEO_0262,46.570396226673466,12.655193788000052,780097.4878920631,5163918.267258915,1,1,73863861,service,,,OPEN_LOCAL,OPEN_LOCAL,highway=service; surface=asphalt,VERY_LOW,TO_BE_RECONCILED,MINOR_LIKELY_EXCLUDABLE,TO_BE_RECONCILED,TO_BE_RECONCILED,,False,0.0,False,False,
GEO_0263,46.57045685837093,12.655381879625999,780111.5877449263,5163925.672431072,1,1,321425289,primary,SR355,,OPEN_ORDINARY,OPEN_ORDINARY,highway=primary; ref=SR355; surface=asphalt,HIGH,TO_BE_RECONCILED,CORE_CANDIDATE,TO_BE_RECONCILED,TO_BE_RECONCILED,,False,0.0,False,False,
GEO_0264,45.83880553314238,12.607431314407755,780136.5496847001,5082468.6169707775,1,1,248875230,unclassified,,Via Brozzette di Pozzo,OPEN_LOCAL,OPEN_LOCAL,highway=unclassified; name=Via Brozzette di Pozzo,LOW,TO_BE_RECONCILED,MINOR_LIKELY_EXCLUDABLE,TO_BE_RECONCILED,TO_BE_RECONCILED,,False,0.0,False,False,
GEO_0265,46.48509441431668,12.652018748489624,780293.1941467884,5154429.507999039,1,1,1426390187,path,,,NON_MOTOR_VEHICLE,NON_MOTOR_VEHICLE,highway=path,VERY_LOW,TO_BE_RECONCILED,RESTRICTED_NOT_MODELLABLE,TO_BE_RECONCILED,TO_BE_RECONCILED,,False,0.0,False,False,
GEO_0266,46.48497615489743,12.65248261786673,780329.4019772047,5154418.016712039,1,1,34647793,path,,,NON_MOTOR_VEHICLE,NON_MOTOR_VEHICLE,highway=path,VERY_LOW,TO_BE_RECONCILED,RESTRICTED_NOT_MODELLABLE,TO_BE_RECONCILED,TO_BE_RECONCILED,,False,0.0,False,False,
GEO_0267,46.47704562996588,12.657795957643502,780778.0202634983,5153555.789098812,1,1,254019752,secondary,SP33,,OPEN_ORDINARY,OPEN_ORDINARY,highway=secondary; ref=SP33; surface=asphalt,MEDIUM,TO_BE_RECONCILED,SECONDARY_BUT_POSSIBLY_MATERIAL,TO_BE_RECONCILED,TO_BE_RECONCILED,,False,0.0,False,False,
GEO_0268,46.584299670372474,12.67168103196468,781288.8138355336,5165521.760021461,1,1,391093525,path,,,NON_MOTOR_VEHICLE,NON_MOTOR_VEHICLE,highway=path; surface=gravel,VERY_LOW,TO_BE_RECONCILED,RESTRICTED_NOT_MODELLABLE,TO_BE_RECONCILED,TO_BE_RECONCILED,,False,0.0,False,False,
GEO_0269,45.82986786629756,12.625328992457703,781571.4763984958,5081538.680141126,1,1,130658040,secondary,SP51,Via Fossamulano,OPEN_ORDINARY,OPEN_ORDINARY,highway=secondary; ref=SP51; name=Via Fossamulano; surface=asphalt,MEDIUM,TO_BE_RECONCILED,SECONDARY_BUT_POSSIBLY_MATERIAL,TO_BE_RECONCILED,TO_BE_RECONCILED,,False,0.0,False,False,
GEO_0270,46.6002370568546,12.68843139864828,782489.0402031341,5167352.4434951935,1,1,198048112,path,,,NON_MOTOR_VEHICLE,NON_MOTOR_VEHICLE,highway=path; surface=ground,VERY_LOW,TO_BE_RECONCILED,RESTRICTED_NOT_MODELLABLE,TO_BE_RECONCILED,TO_BE_RECONCILED,,False,0.0,False,False,
GEO_0271,46.600559389827744,12.689823158915868,782593.9458632341,5167393.249742488,1,1,1308846829,path,,,NON_MOTOR_VEHICLE,NON_MOTOR_VEHICLE,highway=path,VERY_LOW,TO_BE_RECONCILED,RESTRICTED_NOT_MODELLABLE,TO_BE_RECONCILED,TO_BE_RECONCILED,,False,0.0,False,False,
GEO_0272,46.601484167703696,12.698482074027108,783252.2326312768,5167527.10565267,1,1,454179344,path,,,NON_MOTOR_VEHICLE,NON_MOTOR_VEHICLE,highway=path; surface=ground,VERY_LOW,TO_BE_RECONCILED,RESTRICTED_NOT_MODELLABLE,TO_BE_RECONCILED,TO_BE_RECONCILED,,False,0.0,False,False,
GEO_0273,45.82016323187585,12.647034305671692,783306.503914047,5080537.3631446175,1,1,248833324,tertiary,,Via Mure,OPEN_ORDINARY,OPEN_ORDINARY,highway=tertiary; name=Via Mure; surface=asphalt,MEDIUM,TO_BE_RECONCILED,SECONDARY_BUT_POSSIBLY_MATERIAL,TO_BE_RECONCILED,TO_BE_RECONCILED,,False,0.0,False,False,
GEO_0274,45.81708284844907,12.648938678244521,783470.0835281117,5080201.905516044,1,1,41789672,unclassified,,Via Sile,OPEN_LOCAL,OPEN_LOCAL,highway=unclassified; name=Via Sile; maxweight=2.5,LOW,TO_BE_RECONCILED,MINOR_LIKELY_EXCLUDABLE,TO_BE_RECONCILED,TO_BE_RECONCILED,,False,0.0,False,False,
GEO_0275,45.8034638448148,12.649748759584037,783602.2148799363,5078691.75465518,1,1,248292118,track,,Via della Meduna,AGRICULTURAL_TRACK,AGRICULTURAL_TRACK,highway=track; name=Via della Meduna; tracktype=grade2; surface=gravel,VERY_LOW,TO_BE_RECONCILED,RESTRICTED_NOT_MODELLABLE,TO_BE_RECONCILED,TO_BE_RECONCILED,,False,0.0,False,False,
GEO_0276,46.618118580065335,12.704838819662209,783652.0669882849,5169398.169067032,1,1,508134695,path,,,NON_MOTOR_VEHICLE,NON_MOTOR_VEHICLE,highway=path; surface=unpaved,VERY_LOW,TO_BE_RECONCILED,RESTRICTED_NOT_MODELLABLE,TO_BE_RECONCILED,TO_BE_RECONCILED,,False,0.0,False,False,
GEO_0277,46.61672599401827,12.705272771077857,783692.5711610727,5169245.008109307,1,1,356778547,path,,136,NON_MOTOR_VEHICLE,NON_MOTOR_VEHICLE,highway=path; name=136,VERY_LOW,TO_BE_RECONCILED,RESTRICTED_NOT_MODELLABLE,TO_BE_RECONCILED,TO_BE_RECONCILED,,False,0.0,False,False,
GEO_0278,46.62033989738155,12.705944792913812,783725.117759945,5169648.955872174,3,1,508134695,path,,,NON_MOTOR_VEHICLE,NON_MOTOR_VEHICLE,highway=path; surface=unpaved,VERY_LOW,TO_BE_RECONCILED,RESTRICTED_NOT_MODELLABLE,TO_BE_RECONCILED,TO_BE_RECONCILED,,False,144.581,False,False,
GEO_0279,45.804622880981256,12.651544101394615,783735.8242606735,5078826.901147518,2,1,206354659,track,,,AGRICULTURAL_TRACK,AGRICULTURAL_TRACK,highway=track; tracktype=grade2; surface=gravel,VERY_LOW,TO_BE_RECONCILED,RESTRICTED_NOT_MODELLABLE,TO_BE_RECONCILED,TO_BE_RECONCILED,,False,36.08,False,False,
GEO_0280,46.6019956847025,12.70613198873624,783835.3892654963,5167611.482031941,3,1,454179344,path,,,NON_MOTOR_VEHICLE,NON_MOTOR_VEHICLE,highway=path; surface=ground,VERY_LOW,TO_BE_RECONCILED,RESTRICTED_NOT_MODELLABLE,TO_BE_RECONCILED,TO_BE_RECONCILED,,False,141.875,False,False,
GEO_0281,46.6115762662386,12.70679373284975,783835.953192225,5168678.3248540135,1,1,921151503,path,,,NON_MOTOR_VEHICLE,NON_MOTOR_VEHICLE,highway=path,VERY_LOW,TO_BE_RECONCILED,RESTRICTED_NOT_MODELLABLE,TO_BE_RECONCILED,TO_BE_RECONCILED,,False,0.0,False,False,
GEO_0282,46.61071262476269,12.706987232382842,783855.2865616945,5168583.06681676,1,1,611621268,path,,,NON_MOTOR_VEHICLE,NON_MOTOR_VEHICLE,highway=path; surface=ground,VERY_LOW,TO_BE_RECONCILED,RESTRICTED_NOT_MODELLABLE,TO_BE_RECONCILED,TO_BE_RECONCILED,,False,0.0,False,False,
GEO_0283,46.62345846441811,12.708746786710735,783923.2955938377,5170005.549084805,1,1,38506986,track,,,AGRICULTURAL_TRACK,AGRICULTURAL_TRACK,highway=track; tracktype=grade2; surface=gravel,VERY_LOW,TO_BE_RECONCILED,RESTRICTED_NOT_MODELLABLE,TO_BE_RECONCILED,TO_BE_RECONCILED,,False,0.0,False,False,
GEO_0284,46.62361157037347,12.708922423343854,783935.9388867776,5170023.193538013,1,1,516826698,path,,,NON_MOTOR_VEHICLE,NON_MOTOR_VEHICLE,highway=path,VERY_LOW,TO_BE_RECONCILED,RESTRICTED_NOT_MODELLABLE,TO_BE_RECONCILED,TO_BE_RECONCILED,,False,0.0,False,False,
GEO_0285,46.602028584199715,12.70771787261828,783956.6632109345,5167620.854197227,1,1,848071593,path,,,NON_MOTOR_VEHICLE,NON_MOTOR_VEHICLE,highway=path; surface=ground,VERY_LOW,TO_BE_RECONCILED,RESTRICTED_NOT_MODELLABLE,TO_BE_RECONCILED,TO_BE_RECONCILED,,False,0.0,False,False,
GEO_0286,46.624434048739694,12.70991116637617,784007.3188466132,5170118.142537777,2,1,303178597,track,,,AGRICULTURAL_TRACK,AGRICULTURAL_TRACK,highway=track,VERY_LOW,TO_BE_RECONCILED,RESTRICTED_NOT_MODELLABLE,TO_BE_RECONCILED,TO_BE_RECONCILED,,False,102.838,False,False,
GEO_0287,45.798227799028474,12.655200723006857,784052.4829396788,5078129.434738499,1,1,41746086,secondary,SP12,Via Provinciale di Quartarezza,OPEN_ORDINARY,OPEN_ORDINARY,highway=secondary; ref=SP12; name=Via Provinciale di Quartarezza; surface=asphalt,MEDIUM,TO_BE_RECONCILED,SECONDARY_BUT_POSSIBLY_MATERIAL,TO_BE_RECONCILED,TO_BE_RECONCILED,,False,0.0,False,False,
GEO_0288,45.7974349258062,12.657193592753334,784211.3829849091,5078048.443290139,1,1,248273379,track,,,AGRICULTURAL_TRACK,AGRICULTURAL_TRACK,highway=track; tracktype=grade3; surface=ground,VERY_LOW,TO_BE_RECONCILED,RESTRICTED_NOT_MODELLABLE,TO_BE_RECONCILED,TO_BE_RECONCILED,,False,0.0,False,False,
GEO_0289,45.79230222700215,12.662427926159296,784644.3080415628,5077496.869051201,1,1,1215343047,residential,,Via Giovanni Girardini,OPEN_LOCAL,OPEN_LOCAL,highway=residential; name=Via Giovanni Girardini; surface=gravel,LOW,TO_BE_RECONCILED,MINOR_LIKELY_EXCLUDABLE,TO_BE_RECONCILED,TO_BE_RECONCILED,,False,0.0,False,False,
GEO_0290,46.628826375312016,12.720123887199636,784766.0134795744,5170643.0517464625,1,1,389780485,path,,,NON_MOTOR_VEHICLE,NON_MOTOR_VEHICLE,highway=path; surface=gravel,VERY_LOW,TO_BE_RECONCILED,RESTRICTED_NOT_MODELLABLE,TO_BE_RECONCILED,TO_BE_RECONCILED,,False,0.0,False,False,
GEO_0291,45.79231413527361,12.665378350426055,784873.5460508429,5077508.717131384,1,1,41746087,unclassified,,Via Giovanni Girardini,OPEN_LOCAL,OPEN_LOCAL,highway=unclassified; name=Via Giovanni Girardini,LOW,TO_BE_RECONCILED,MINOR_LIKELY_EXCLUDABLE,TO_BE_RECONCILED,TO_BE_RECONCILED,,False,0.0,False,False,
GEO_0292,45.792087351493066,12.666207007475464,784939.1041586185,5077486.4798313,1,1,137168280,residential,,Via Faè,OPEN_LOCAL,OPEN_LOCAL,highway=residential; name=Via Faè; surface=compacted,LOW,TO_BE_RECONCILED,MINOR_LIKELY_EXCLUDABLE,TO_BE_RECONCILED,TO_BE_RECONCILED,,False,0.0,False,False,
GEO_0293,45.791690462097314,12.667072007764773,785008.3554969251,5077445.474803509,1,1,237204045,primary,SR53,Via Postumia,OPEN_ORDINARY,OPEN_ORDINARY,highway=primary; ref=SR53; name=Via Postumia; surface=asphalt,HIGH,TO_BE_RECONCILED,CORE_CANDIDATE,TO_BE_RECONCILED,TO_BE_RECONCILED,,False,0.0,False,False,
GEO_0294,45.791481015189014,12.667487555842872,785041.7201930375,5077423.689723817,2,1,193360066,service,,,OPEN_LOCAL,OPEN_LOCAL,highway=service; node_barrier=gate,VERY_LOW,TO_BE_RECONCILED,MINOR_LIKELY_EXCLUDABLE,TO_BE_RECONCILED,TO_BE_RECONCILED,,False,2.458,False,False,
GEO_0295,46.63086842713275,12.727527646004003,785321.961922121,5170896.7469334295,4,2,157253912|619493737,path,,"Via normale ""Giovanni Paolo II""",NON_MOTOR_VEHICLE,NON_MOTOR_VEHICLE,"highway=path; bicycle=no; foot=yes || highway=path; name=Via normale ""Giovanni Paolo II""; foot=yes",VERY_LOW,TO_BE_RECONCILED,RESTRICTED_NOT_MODELLABLE,TO_BE_RECONCILED,TO_BE_RECONCILED,,False,81.808,False,False,
GEO_0296,46.63221969271705,12.72951125194708,785466.6697875059,5171054.072757319,2,1,157253912,path,,,NON_MOTOR_VEHICLE,NON_MOTOR_VEHICLE,highway=path; bicycle=no; foot=yes,VERY_LOW,TO_BE_RECONCILED,RESTRICTED_NOT_MODELLABLE,TO_BE_RECONCILED,TO_BE_RECONCILED,,False,9.284,False,False,
GEO_0297,46.6331021933914,12.730841294354237,785563.8185737208,5171156.948455969,1,1,361065122,path,,,NON_MOTOR_VEHICLE,NON_MOTOR_VEHICLE,highway=path; bicycle=no; foot=yes,VERY_LOW,TO_BE_RECONCILED,RESTRICTED_NOT_MODELLABLE,TO_BE_RECONCILED,TO_BE_RECONCILED,,False,0.0,False,False,
GEO_0298,46.633216590673925,12.73102450832634,785577.238351489,5171170.323403931,1,1,1101787946,path,,,NON_MOTOR_VEHICLE,NON_MOTOR_VEHICLE,highway=path,VERY_LOW,TO_BE_RECONCILED,RESTRICTED_NOT_MODELLABLE,TO_BE_RECONCILED,TO_BE_RECONCILED,,False,0.0,False,False,
GEO_0299,46.63429963596479,12.732241965654477,785664.7097120231,5171295.074239335,7,1,361065128,path,,,NON_MOTOR_VEHICLE,NON_MOTOR_VEHICLE,highway=path,VERY_LOW,TO_BE_RECONCILED,RESTRICTED_NOT_MODELLABLE,TO_BE_RECONCILED,TO_BE_RECONCILED,,False,220.803,False,False,
GEO_0300,45.79435824849173,12.677691807840203,785820.0498119385,5077779.828970367,1,1,248273367,track,,Via Oltre Fossa,AGRICULTURAL_TRACK,AGRICULTURAL_TRACK,highway=track; name=Via Oltre Fossa; surface=grass; node_barrier=lift_gate,VERY_LOW,TO_BE_RECONCILED,RESTRICTED_NOT_MODELLABLE,TO_BE_RECONCILED,TO_BE_RECONCILED,,False,0.0,False,False,
GEO_0301,46.63509465552149,12.736313223258447,785972.104482117,5171398.190490661,3,1,1192245066,path,,,NON_MOTOR_VEHICLE,NON_MOTOR_VEHICLE,highway=path,VERY_LOW,TO_BE_RECONCILED,RESTRICTED_NOT_MODELLABLE,TO_BE_RECONCILED,TO_BE_RECONCILED,,False,188.735,False,False,
GEO_0302,45.794685977351534,12.678536846013849,785884.0433689366,5077819.264777825,1,1,320560783,cycleway,,ex Ferrovia San Vito al Tagliamento-Motta di Livenza,NON_MOTOR_VEHICLE,NON_MOTOR_VEHICLE,highway=cycleway; name=ex Ferrovia San Vito al Tagliamento-Motta di Livenza; bicycle=designated; foot=designated; surface=compacted; node_barrier=bollard,VERY_LOW,TO_BE_RECONCILED,RESTRICTED_NOT_MODELLABLE,TO_BE_RECONCILED,TO_BE_RECONCILED,,False,0.0,False,False,
GEO_0303,45.79485884168121,12.678983566814855,785917.8745352373,5077840.069512338,3,2,28282360|320560785,path|residential,,Via Oltrefossa,OPEN_LOCAL,NON_MOTOR_VEHICLE|OPEN_LOCAL,highway=path; bicycle=designated; foot=designated; node_barrier=bollard || highway=residential; name=Via Oltrefossa; surface=asphalt,LOW,TO_BE_RECONCILED,MINOR_LIKELY_EXCLUDABLE,TO_BE_RECONCILED,TO_BE_RECONCILED,,False,45.825,True,True,
GEO_0304,45.795341024992226,12.679410842664215,785948.610281791,5077895.169034216,1,1,237204045,primary,SR53,Via Postumia,OPEN_ORDINARY,OPEN_ORDINARY,highway=primary; ref=SR53; name=Via Postumia; surface=asphalt,HIGH,TO_BE_RECONCILED,CORE_CANDIDATE,TO_BE_RECONCILED,TO_BE_RECONCILED,,False,0.0,False,False,
GEO_0305,46.63513692301313,12.738051805797266,786104.9390948978,5171409.204674053,1,1,1192245067,path,,,NON_MOTOR_VEHICLE,NON_MOTOR_VEHICLE,highway=path,VERY_LOW,TO_BE_RECONCILED,RESTRICTED_NOT_MODELLABLE,TO_BE_RECONCILED,TO_BE_RECONCILED,,False,0.0,False,False,
GEO_0306,46.635197331611465,12.738231142335765,786118.3453302415,5171416.568349281,1,1,76905749,path,,,NON_MOTOR_VEHICLE,NON_MOTOR_VEHICLE,highway=path; bicycle=no; foot=yes,VERY_LOW,TO_BE_RECONCILED,RESTRICTED_NOT_MODELLABLE,TO_BE_RECONCILED,TO_BE_RECONCILED,,False,0.0,False,False,
GEO_0307,45.800284188488696,12.68386112416073,786269.1070785292,5078460.290444724,1,1,147541186,tertiary,SP61,Via Sant'Antonio,OPEN_ORDINARY,OPEN_ORDINARY,highway=tertiary; ref=SP61; name=Via Sant'Antonio,MEDIUM,TO_BE_RECONCILED,SECONDARY_BUT_POSSIBLY_MATERIAL,TO_BE_RECONCILED,TO_BE_RECONCILED,,False,0.0,False,False,
GEO_0308,46.63657946191947,12.740481544616411,786283.2749229753,5171578.314461103,1,1,370322474,path,,,NON_MOTOR_VEHICLE,NON_MOTOR_VEHICLE,highway=path,VERY_LOW,TO_BE_RECONCILED,RESTRICTED_NOT_MODELLABLE,TO_BE_RECONCILED,TO_BE_RECONCILED,,False,0.0,False,False,
GEO_0309,46.63718196765294,12.74248257303232,786433.2307178695,5171652.537026583,1,1,370322474,path,,,NON_MOTOR_VEHICLE,NON_MOTOR_VEHICLE,highway=path,VERY_LOW,TO_BE_RECONCILED,RESTRICTED_NOT_MODELLABLE,TO_BE_RECONCILED,TO_BE_RECONCILED,,False,0.0,False,False,
GEO_0310,46.64011556209324,12.745599053639664,786656.2193429244,5171989.823466321,5,1,370322474,path,,,NON_MOTOR_VEHICLE,NON_MOTOR_VEHICLE,highway=path,VERY_LOW,TO_BE_RECONCILED,RESTRICTED_NOT_MODELLABLE,TO_BE_RECONCILED,TO_BE_RECONCILED,,False,167.38,False,False,
GEO_0311,46.640773095251475,12.746057375982327,786687.8149549877,5172064.548751482,1,1,156506894,path,,,NON_MOTOR_VEHICLE,NON_MOTOR_VEHICLE,highway=path; foot=yes; tracktype=grade2; surface=ground,VERY_LOW,TO_BE_RECONCILED,RESTRICTED_NOT_MODELLABLE,TO_BE_RECONCILED,TO_BE_RECONCILED,,False,0.0,False,False,
GEO_0312,46.641051639892524,12.746289774988805,786704.1257802215,5172096.343323671,1,1,370322448,path,,,NON_MOTOR_VEHICLE,NON_MOTOR_VEHICLE,highway=path,VERY_LOW,TO_BE_RECONCILED,RESTRICTED_NOT_MODELLABLE,TO_BE_RECONCILED,TO_BE_RECONCILED,,False,0.0,False,False,
GEO_0313,46.64439640452673,12.749725836646157,786949.35652805,5172480.490682215,9,1,370322448,path,,,NON_MOTOR_VEHICLE,NON_MOTOR_VEHICLE,highway=path,VERY_LOW,TO_BE_RECONCILED,RESTRICTED_NOT_MODELLABLE,TO_BE_RECONCILED,TO_BE_RECONCILED,,False,326.427,False,False,
GEO_0314,46.64704694388717,12.756062061414001,787420.1427389293,5172798.104611845,1,1,370322448,path,,,NON_MOTOR_VEHICLE,NON_MOTOR_VEHICLE,highway=path,VERY_LOW,TO_BE_RECONCILED,RESTRICTED_NOT_MODELLABLE,TO_BE_RECONCILED,TO_BE_RECONCILED,,False,0.0,False,False,
GEO_0315,45.81200839481851,12.700460810720665,787498.6026559717,5079822.484617639,1,1,237232554,secondary,,Via Blessaglia,OPEN_ORDINARY,OPEN_ORDINARY,highway=secondary; name=Via Blessaglia; surface=asphalt,MEDIUM,TO_BE_RECONCILED,SECONDARY_BUT_POSSIBLY_MATERIAL,TO_BE_RECONCILED,TO_BE_RECONCILED,,False,0.0,False,False,
GEO_0316,46.64751444804864,12.759250114400608,787661.5961392882,5172861.696678454,1,1,370322448,path,,,NON_MOTOR_VEHICLE,NON_MOTOR_VEHICLE,highway=path,VERY_LOW,TO_BE_RECONCILED,RESTRICTED_NOT_MODELLABLE,TO_BE_RECONCILED,TO_BE_RECONCILED,,False,0.0,False,False,
GEO_0317,46.64771163555046,12.760873802879768,787784.784978964,5172889.542375085,4,1,132029175,path,,,NON_MOTOR_VEHICLE,NON_MOTOR_VEHICLE,highway=path,VERY_LOW,TO_BE_RECONCILED,RESTRICTED_NOT_MODELLABLE,TO_BE_RECONCILED,TO_BE_RECONCILED,,False,29.892,False,False,
GEO_0318,46.64778184314062,12.761582235721816,787838.6173877715,5172899.934021067,3,1,372648021,path,,445,NON_MOTOR_VEHICLE,NON_MOTOR_VEHICLE,highway=path; name=445,VERY_LOW,TO_BE_RECONCILED,RESTRICTED_NOT_MODELLABLE,TO_BE_RECONCILED,TO_BE_RECONCILED,,False,4.959,False,False,
GEO_0319,45.818715096651275,12.709046268088898,788130.966637459,5080598.546233724,1,1,137355222,unclassified,,,OPEN_LOCAL,OPEN_LOCAL,highway=unclassified,LOW,TO_BE_RECONCILED,MINOR_LIKELY_EXCLUDABLE,TO_BE_RECONCILED,TO_BE_RECONCILED,,False,0.0,False,False,
GEO_0320,46.64659072351004,12.766035571563846,788185.6956300513,5172783.893589623,1,1,444883785,path,,,NON_MOTOR_VEHICLE,NON_MOTOR_VEHICLE,highway=path,VERY_LOW,TO_BE_RECONCILED,RESTRICTED_NOT_MODELLABLE,TO_BE_RECONCILED,TO_BE_RECONCILED,,False,0.0,False,False,
GEO_0321,46.646499457870775,12.766530303462012,788224.0359330939,5172775.565437931,1,1,444883854,path,,,NON_MOTOR_VEHICLE,NON_MOTOR_VEHICLE,highway=path,VERY_LOW,TO_BE_RECONCILED,RESTRICTED_NOT_MODELLABLE,TO_BE_RECONCILED,TO_BE_RECONCILED,,False,0.0,False,False,
GEO_0322,46.64635752454283,12.768098155657682,788344.7571691917,5172765.5402123155,3,1,444883896,path,,,NON_MOTOR_VEHICLE,NON_MOTOR_VEHICLE,highway=path,VERY_LOW,TO_BE_RECONCILED,RESTRICTED_NOT_MODELLABLE,TO_BE_RECONCILED,TO_BE_RECONCILED,,False,166.405,False,False,
GEO_0323,45.82885520199272,12.720588032666425,788974.9937950654,5081766.825247181,1,1,247442060,tertiary,SP6,Via Salvarolo,OPEN_ORDINARY,OPEN_ORDINARY,highway=tertiary; ref=SP6; name=Via Salvarolo,MEDIUM,TO_BE_RECONCILED,SECONDARY_BUT_POSSIBLY_MATERIAL,TO_BE_RECONCILED,TO_BE_RECONCILED,,False,0.0,False,False,
GEO_0324,46.64644676869447,12.776673462456243,789000.4317221162,5172806.913963646,1,1,444884527,path,,,NON_MOTOR_VEHICLE,NON_MOTOR_VEHICLE,highway=path,VERY_LOW,TO_BE_RECONCILED,RESTRICTED_NOT_MODELLABLE,TO_BE_RECONCILED,TO_BE_RECONCILED,,False,0.0,False,False,
GEO_0325,46.64582085233302,12.779794902317347,789242.6132046835,5172748.840539602,5,1,532412132,path,,Alpine Route - Steinwand Überschreitung,NON_MOTOR_VEHICLE,NON_MOTOR_VEHICLE,highway=path; name=Alpine Route - Steinwand Überschreitung,VERY_LOW,TO_BE_RECONCILED,RESTRICTED_NOT_MODELLABLE,TO_BE_RECONCILED,TO_BE_RECONCILED,,False,194.494,False,False,
GEO_0326,46.645569866430336,12.781476589321056,789372.6307697333,5172727.136845569,2,1,532411538,path,,Steinwand Alpine Route,NON_MOTOR_VEHICLE,NON_MOTOR_VEHICLE,highway=path; name=Steinwand Alpine Route,VERY_LOW,TO_BE_RECONCILED,RESTRICTED_NOT_MODELLABLE,TO_BE_RECONCILED,TO_BE_RECONCILED,,False,15.53,False,False,
GEO_0327,46.64496410565228,12.784307792647471,789592.5039344798,5172670.24878378,2,1,532411538,path,,Steinwand Alpine Route,NON_MOTOR_VEHICLE,NON_MOTOR_VEHICLE,highway=path; name=Steinwand Alpine Route,VERY_LOW,TO_BE_RECONCILED,RESTRICTED_NOT_MODELLABLE,TO_BE_RECONCILED,TO_BE_RECONCILED,,False,44.936,False,False,
GEO_0328,45.83686258016712,12.731409833899633,789773.8635433033,5082695.6795604285,2,1,41275506,unclassified,,Via Gorizia,OPEN_LOCAL,OPEN_LOCAL,highway=unclassified; name=Via Gorizia,LOW,TO_BE_RECONCILED,MINOR_LIKELY_EXCLUDABLE,TO_BE_RECONCILED,TO_BE_RECONCILED,,False,119.887,False,False,
GEO_0329,46.64390817869538,12.787418100415158,789836.1461004626,5172564.380478089,1,1,532411538,path,,Steinwand Alpine Route,NON_MOTOR_VEHICLE,NON_MOTOR_VEHICLE,highway=path; name=Steinwand Alpine Route,VERY_LOW,TO_BE_RECONCILED,RESTRICTED_NOT_MODELLABLE,TO_BE_RECONCILED,TO_BE_RECONCILED,,False,0.0,False,False,
GEO_0330,46.643084827509796,12.791642704055114,790163.8199566499,5172488.4714049315,9,1,532411538,path,,Steinwand Alpine Route,NON_MOTOR_VEHICLE,NON_MOTOR_VEHICLE,highway=path; name=Steinwand Alpine Route,VERY_LOW,TO_BE_RECONCILED,RESTRICTED_NOT_MODELLABLE,TO_BE_RECONCILED,TO_BE_RECONCILED,,False,365.849,False,True,
GEO_0331,46.64262181234088,12.794579997920954,790391.064403506,5172447.861723238,1,1,532414941,path,,,NON_MOTOR_VEHICLE,NON_MOTOR_VEHICLE,highway=path,VERY_LOW,TO_BE_RECONCILED,RESTRICTED_NOT_MODELLABLE,TO_BE_RECONCILED,TO_BE_RECONCILED,,False,0.0,False,False,
GEO_0332,46.64229043468884,12.795195034948147,790439.9037281462,5172413.313623806,1,1,532414109,path,,Letterspitze,NON_MOTOR_VEHICLE,NON_MOTOR_VEHICLE,highway=path; name=Letterspitze,VERY_LOW,TO_BE_RECONCILED,RESTRICTED_NOT_MODELLABLE,TO_BE_RECONCILED,TO_BE_RECONCILED,,False,0.0,False,False,
GEO_0333,45.82701626851891,12.74365509539498,790776.1087527392,5081646.346503532,1,1,244800892,unclassified,,Via Stradatta,OPEN_LOCAL,OPEN_LOCAL,highway=unclassified; name=Via Stradatta,LOW,TO_BE_RECONCILED,MINOR_LIKELY_EXCLUDABLE,TO_BE_RECONCILED,TO_BE_RECONCILED,,False,0.0,False,False,
GEO_0334,45.82756207131637,12.744645847125676,790850.2124918327,5081710.595243692,1,1,244800890,unclassified,,Via Stradatta,OPEN_LOCAL,OPEN_LOCAL,highway=unclassified; name=Via Stradatta,LOW,TO_BE_RECONCILED,MINOR_LIKELY_EXCLUDABLE,TO_BE_RECONCILED,TO_BE_RECONCILED,,False,0.0,False,False,
GEO_0335,46.634494012845806,12.801767588934075,790984.6975198116,5171571.367847848,1,1,1096835040,path,,,NON_MOTOR_VEHICLE,NON_MOTOR_VEHICLE,highway=path,VERY_LOW,TO_BE_RECONCILED,RESTRICTED_NOT_MODELLABLE,TO_BE_RECONCILED,TO_BE_RECONCILED,,False,0.0,False,False,
GEO_0336,45.83298094313912,12.751919573123029,791386.8292263283,5082339.160300484,1,1,247061627,track,,,AGRICULTURAL_TRACK,AGRICULTURAL_TRACK,highway=track; tracktype=grade4; surface=ground,VERY_LOW,TO_BE_RECONCILED,RESTRICTED_NOT_MODELLABLE,TO_BE_RECONCILED,TO_BE_RECONCILED,,False,0.0,False,False,
GEO_0337,45.838075704950256,12.757475540814125,791791.641123927,5082925.4835826075,1,1,188942138,unclassified,,,OPEN_LOCAL,OPEN_LOCAL,highway=unclassified,LOW,TO_BE_RECONCILED,MINOR_LIKELY_EXCLUDABLE,TO_BE_RECONCILED,TO_BE_RECONCILED,,False,0.0,False,False,
GEO_0338,45.83782505856272,12.757665283728734,791807.6872302578,5082898.33175939,1,1,244800890,unclassified,,Via Stradatta,OPEN_LOCAL,OPEN_LOCAL,highway=unclassified; name=Via Stradatta,LOW,TO_BE_RECONCILED,MINOR_LIKELY_EXCLUDABLE,TO_BE_RECONCILED,TO_BE_RECONCILED,,False,0.0,False,False,
GEO_0339,46.631651910514044,12.816358619201422,792116.7043304455,5171309.645915342,1,1,1096835110,path,,,NON_MOTOR_VEHICLE,NON_MOTOR_VEHICLE,highway=path,VERY_LOW,TO_BE_RECONCILED,RESTRICTED_NOT_MODELLABLE,TO_BE_RECONCILED,TO_BE_RECONCILED,,False,0.0,False,False,
GEO_0340,46.629790723793135,12.81679273455725,792159.9589097616,5171104.46965566,1,1,143576772,path,,,NON_MOTOR_VEHICLE,NON_MOTOR_VEHICLE,highway=path,VERY_LOW,TO_BE_RECONCILED,RESTRICTED_NOT_MODELLABLE,TO_BE_RECONCILED,TO_BE_RECONCILED,,False,0.0,False,False,
GEO_0341,46.62957689261532,12.817069494529676,792182.2942449308,5171081.739251463,1,1,1071672045,path,,,NON_MOTOR_VEHICLE,NON_MOTOR_VEHICLE,highway=path,VERY_LOW,TO_BE_RECONCILED,RESTRICTED_NOT_MODELLABLE,TO_BE_RECONCILED,TO_BE_RECONCILED,,False,0.0,False,False,
GEO_0342,46.6284034894288,12.818801512501693,792321.1884906547,5170957.799178583,6,1,1088847348,path,,,NON_MOTOR_VEHICLE,NON_MOTOR_VEHICLE,highway=path,VERY_LOW,TO_BE_RECONCILED,RESTRICTED_NOT_MODELLABLE,TO_BE_RECONCILED,TO_BE_RECONCILED,,False,81.42,False,False,
GEO_0343,45.84756496027065,12.766108103143655,792412.1992791118,5084011.328543919,1,1,1513985324,cycleway,,,NON_MOTOR_VEHICLE,NON_MOTOR_VEHICLE,highway=cycleway; bicycle=designated; foot=designated,VERY_LOW,TO_BE_RECONCILED,RESTRICTED_NOT_MODELLABLE,TO_BE_RECONCILED,TO_BE_RECONCILED,,False,0.0,False,False,
GEO_0344,45.847391896050894,12.766262088686474,792425.0627996246,5083992.6663078,1,1,188914012,cycleway,,,NON_MOTOR_VEHICLE,NON_MOTOR_VEHICLE,highway=cycleway; bicycle=designated; foot=designated,VERY_LOW,TO_BE_RECONCILED,RESTRICTED_NOT_MODELLABLE,TO_BE_RECONCILED,TO_BE_RECONCILED,,False,0.0,False,False,
GEO_0345,45.846674833922435,12.767108472616611,792494.5395144289,5083916.107020885,1,1,1372462458,secondary,SP251,Via Pordenone,OPEN_ORDINARY,OPEN_ORDINARY,highway=secondary; ref=SP251; name=Via Pordenone; smoothness=good; surface=asphalt,MEDIUM,TO_BE_RECONCILED,SECONDARY_BUT_POSSIBLY_MATERIAL,TO_BE_RECONCILED,TO_BE_RECONCILED,,False,0.0,False,False,
GEO_0346,46.630300000747745,12.827693049676496,792991.5113454039,5171201.57222121,2,2,143576771|1085923908,path,,,NON_MOTOR_VEHICLE,NON_MOTOR_VEHICLE,highway=path,VERY_LOW,TO_BE_RECONCILED,RESTRICTED_NOT_MODELLABLE,TO_BE_RECONCILED,TO_BE_RECONCILED,,False,5.312,False,False,
GEO_0347,46.62961052937849,12.830883955735027,793239.468042082,5171136.851757861,1,1,76121782,path,,,NON_MOTOR_VEHICLE,NON_MOTOR_VEHICLE,highway=path; surface=gravel,VERY_LOW,TO_BE_RECONCILED,RESTRICTED_NOT_MODELLABLE,TO_BE_RECONCILED,TO_BE_RECONCILED,,False,0.0,False,False,
GEO_0348,46.62875300601413,12.83216531321303,793342.1819294867,5171046.351278337,1,1,1204583282,path,,,NON_MOTOR_VEHICLE,NON_MOTOR_VEHICLE,highway=path,VERY_LOW,TO_BE_RECONCILED,RESTRICTED_NOT_MODELLABLE,TO_BE_RECONCILED,TO_BE_RECONCILED,,False,0.0,False,False,
GEO_0349,45.853743113007425,12.778782495276488,793363.707937307,5084744.256168658,1,1,246653186,track,,,AGRICULTURAL_TRACK,AGRICULTURAL_TRACK,highway=track; tracktype=grade3; surface=ground,VERY_LOW,TO_BE_RECONCILED,RESTRICTED_NOT_MODELLABLE,TO_BE_RECONCILED,TO_BE_RECONCILED,,False,0.0,False,False,
GEO_0350,45.85435431586278,12.780253487145657,793474.6832350956,5084817.572126975,2,2,59782765|59782768,motorway,A28,Autostrada Portogruaro-Conegliano,OPEN_ORDINARY,OPEN_ORDINARY,highway=motorway; ref=A28; name=Autostrada Portogruaro-Conegliano; surface=asphalt,VERY_HIGH,TO_BE_RECONCILED,CORE_CANDIDATE,TO_BE_RECONCILED,TO_BE_RECONCILED,,False,18.179,False,False,
GEO_0351,46.61425324966709,12.834223991184746,793578.2307065737,5169443.0305311605,1,1,361590532,path,,,NON_MOTOR_VEHICLE,NON_MOTOR_VEHICLE,highway=path,VERY_LOW,TO_BE_RECONCILED,RESTRICTED_NOT_MODELLABLE,TO_BE_RECONCILED,TO_BE_RECONCILED,,False,0.0,False,False,
GEO_0352,45.8462316339142,12.792808236979777,794492.236839886,5083961.454986652,2,2,38052535|1314153158,service|tertiary,SP42,Via Settimo,OPEN_ORDINARY,OPEN_LOCAL|OPEN_ORDINARY,highway=service; service=driveway || highway=tertiary; ref=SP42; name=Via Settimo; surface=asphalt,MEDIUM,TO_BE_RECONCILED,SECONDARY_BUT_POSSIBLY_MATERIAL,TO_BE_RECONCILED,TO_BE_RECONCILED,,False,3.239,False,False,
GEO_0353,45.83063797560385,12.799882822039251,795124.0641841881,5082255.202588071,8,4,37690375|37690376|201420622|201663974,motorway_link,,,OPEN_ORDINARY,OPEN_ORDINARY,highway=motorway_link; surface=asphalt,VERY_HIGH,TO_BE_RECONCILED,CORE_CANDIDATE,TO_BE_RECONCILED,TO_BE_RECONCILED,,False,546.341,False,True,
GEO_0354,45.83379731260091,12.799833380968302,795103.501180483,5082606.010923475,2,2,191616921|286601021,motorway,A28,Autostrada Portogruaro-Conegliano,OPEN_ORDINARY,OPEN_ORDINARY,highway=motorway; ref=A28; name=Autostrada Portogruaro-Conegliano; surface=asphalt,VERY_HIGH,TO_BE_RECONCILED,CORE_CANDIDATE,TO_BE_RECONCILED,TO_BE_RECONCILED,,False,10.694,False,False,
GEO_0355,45.83403310480964,12.800007053459062,795115.740308856,5082632.84922092,1,1,134838002,track,,,AGRICULTURAL_TRACK,AGRICULTURAL_TRACK,highway=track; tracktype=grade2; surface=ground,VERY_LOW,TO_BE_RECONCILED,RESTRICTED_NOT_MODELLABLE,TO_BE_RECONCILED,TO_BE_RECONCILED,,False,0.0,False,False,
GEO_0356,45.839677912355896,12.801572902399634,795207.4490342974,5083265.763286425,1,1,588228969,track,,,AGRICULTURAL_TRACK,AGRICULTURAL_TRACK,highway=track; bicycle=yes; foot=yes; surface=ground,VERY_LOW,TO_BE_RECONCILED,RESTRICTED_NOT_MODELLABLE,TO_BE_RECONCILED,TO_BE_RECONCILED,,False,0.0,False,False,
GEO_0357,45.82865737982886,12.800863895694377,795210.7414285922,5082038.795267337,1,1,134174381,secondary,SP28,Località Mure,OPEN_ORDINARY,OPEN_ORDINARY,highway=secondary; ref=SP28; name=Località Mure; surface=asphalt,MEDIUM,TO_BE_RECONCILED,SECONDARY_BUT_POSSIBLY_MATERIAL,TO_BE_RECONCILED,TO_BE_RECONCILED,,False,0.0,False,False,
GEO_0358,45.82025637290778,12.808910817207341,795880.279906892,5081135.285525122,1,1,244180557,track,,,AGRICULTURAL_TRACK,AGRICULTURAL_TRACK,highway=track; tracktype=grade3; surface=ground,VERY_LOW,TO_BE_RECONCILED,RESTRICTED_NOT_MODELLABLE,TO_BE_RECONCILED,TO_BE_RECONCILED,,False,0.0,False,False,
GEO_0359,45.8203386864452,12.809245901949794,795905.8718973964,5081145.673081022,1,1,244180554,track,,,AGRICULTURAL_TRACK,AGRICULTURAL_TRACK,highway=track; tracktype=grade3; surface=ground,VERY_LOW,TO_BE_RECONCILED,RESTRICTED_NOT_MODELLABLE,TO_BE_RECONCILED,TO_BE_RECONCILED,,False,0.0,False,False,
GEO_0360,45.820683208707045,12.810102602822324,795970.5903896447,5081187.126242334,2,2,134837997|234260505,motorway,A28,Autostrada Portogruaro-Conegliano,OPEN_ORDINARY,OPEN_ORDINARY,highway=motorway; ref=A28; name=Autostrada Portogruaro-Conegliano; surface=asphalt,VERY_HIGH,TO_BE_RECONCILED,CORE_CANDIDATE,TO_BE_RECONCILED,TO_BE_RECONCILED,,False,9.464,False,False,
GEO_0361,45.82078404135532,12.810346663397617,795989.0132760729,5081199.233871902,1,1,191616929,track,,Via delle Buse,AGRICULTURAL_TRACK,AGRICULTURAL_TRACK,highway=track; name=Via delle Buse; tracktype=grade2; surface=ground,VERY_LOW,TO_BE_RECONCILED,RESTRICTED_NOT_MODELLABLE,TO_BE_RECONCILED,TO_BE_RECONCILED,,False,0.0,False,False,
GEO_0362,46.60941971848837,12.867140307003837,796124.7285110978,5169029.277926255,2,1,985288126,path,,,NON_MOTOR_VEHICLE,NON_MOTOR_VEHICLE,highway=path,VERY_LOW,TO_BE_RECONCILED,RESTRICTED_NOT_MODELLABLE,TO_BE_RECONCILED,TO_BE_RECONCILED,,False,8.991,False,False,
GEO_0363,46.60912315194156,12.867798915626183,796176.7757531687,5168998.805380804,2,2,87279712|389603358,path,,,NON_MOTOR_VEHICLE,NON_MOTOR_VEHICLE,highway=path; foot=yes; surface=gravel || highway=path; surface=gravel,VERY_LOW,TO_BE_RECONCILED,RESTRICTED_NOT_MODELLABLE,TO_BE_RECONCILED,TO_BE_RECONCILED,,False,3.256,False,False,
GEO_0364,45.82264582667127,12.81478429708382,796323.8244544665,5081422.545720998,2,1,1379259048,track,,,AGRICULTURAL_TRACK,AGRICULTURAL_TRACK,highway=track; tracktype=grade5,VERY_LOW,TO_BE_RECONCILED,RESTRICTED_NOT_MODELLABLE,TO_BE_RECONCILED,TO_BE_RECONCILED,,False,59.454,False,False,
GEO_0365,46.60863793302419,12.869409939969742,796302.7791775722,5168950.957009864,1,1,1017903139,path,,,NON_MOTOR_VEHICLE,NON_MOTOR_VEHICLE,highway=path,VERY_LOW,TO_BE_RECONCILED,RESTRICTED_NOT_MODELLABLE,TO_BE_RECONCILED,TO_BE_RECONCILED,,False,0.0,False,False,
GEO_0366,46.60855274318338,12.869757744605796,796329.8755420565,5168942.801019595,1,1,1017903138,path,,,NON_MOTOR_VEHICLE,NON_MOTOR_VEHICLE,highway=path,VERY_LOW,TO_BE_RECONCILED,RESTRICTED_NOT_MODELLABLE,TO_BE_RECONCILED,TO_BE_RECONCILED,,False,0.0,False,False,
GEO_0367,45.823545945228,12.816930519825954,796485.746326465,5081530.52006887,1,1,1379259045,track,,,AGRICULTURAL_TRACK,AGRICULTURAL_TRACK,highway=track; tracktype=grade3; surface=ground,VERY_LOW,TO_BE_RECONCILED,RESTRICTED_NOT_MODELLABLE,TO_BE_RECONCILED,TO_BE_RECONCILED,,False,0.0,False,False,
GEO_0368,45.83377479249867,12.819026778406942,796594.1592697026,5082674.702158262,1,1,160209530,unclassified,,Via Belfiore,OPEN_LOCAL,OPEN_LOCAL,highway=unclassified; name=Via Belfiore,LOW,TO_BE_RECONCILED,MINOR_LIKELY_EXCLUDABLE,TO_BE_RECONCILED,TO_BE_RECONCILED,,False,0.0,False,False,
GEO_0369,45.831276612304606,12.818869783977195,796595.2561153936,5082396.579227182,2,2,206508032|1264494751,tertiary|unclassified,,Via Giai,OPEN_ORDINARY,OPEN_LOCAL|OPEN_ORDINARY,highway=tertiary; name=Via Giai || highway=unclassified; name=Via Giai,MEDIUM,TO_BE_RECONCILED,SECONDARY_BUT_POSSIBLY_MATERIAL,TO_BE_RECONCILED,TO_BE_RECONCILED,,False,53.712,False,False,
GEO_0370,46.607340762163396,12.882477720044056,797310.4754544627,5168856.098265062,1,1,1422915241,path,,,NON_MOTOR_VEHICLE,NON_MOTOR_VEHICLE,highway=path,VERY_LOW,TO_BE_RECONCILED,RESTRICTED_NOT_MODELLABLE,TO_BE_RECONCILED,TO_BE_RECONCILED,,False,0.0,False,False,
GEO_0371,45.83829427630168,12.832760331550585,797636.5616672682,5083227.963026701,1,1,1330473321,track,,,AGRICULTURAL_TRACK,AGRICULTURAL_TRACK,highway=track; tracktype=grade5,VERY_LOW,TO_BE_RECONCILED,RESTRICTED_NOT_MODELLABLE,TO_BE_RECONCILED,TO_BE_RECONCILED,,False,0.0,False,False,
GEO_0372,45.83828415059232,12.833190102054873,797669.9885188324,5083228.442096031,1,1,244161901,track,,,AGRICULTURAL_TRACK,AGRICULTURAL_TRACK,highway=track; tracktype=grade5; surface=ground,VERY_LOW,TO_BE_RECONCILED,RESTRICTED_NOT_MODELLABLE,TO_BE_RECONCILED,TO_BE_RECONCILED,,False,0.0,False,False,
GEO_0373,45.84514665005685,12.836829698626248,797915.9301243408,5084004.433178457,1,1,675723850,secondary,SP16,Via Levada,OPEN_ORDINARY,OPEN_ORDINARY,highway=secondary; ref=SP16; name=Via Levada; surface=asphalt,MEDIUM,TO_BE_RECONCILED,SECONDARY_BUT_POSSIBLY_MATERIAL,TO_BE_RECONCILED,TO_BE_RECONCILED,,False,0.0,False,False,
GEO_0374,45.842932141917764,12.837303131996702,797964.5281437212,5083760.177738822,1,1,201423651,track,,,PRIVATE,PRIVATE,highway=track; access=private; node_barrier=gate,VERY_LOW,TO_BE_RECONCILED,RESTRICTED_NOT_MODELLABLE,TO_BE_RECONCILED,TO_BE_RECONCILED,,False,0.0,False,False,
GEO_0375,45.84163890684047,12.837590606108446,797993.763611403,5083617.577940542,2,1,134174385,secondary,SP16,Via Levada,OPEN_ORDINARY,OPEN_ORDINARY,highway=secondary; ref=SP16; name=Via Levada; surface=asphalt,MEDIUM,TO_BE_RECONCILED,SECONDARY_BUT_POSSIBLY_MATERIAL,TO_BE_RECONCILED,TO_BE_RECONCILED,,False,22.607,False,False,
GEO_0376,45.841367491245,12.837639470495944,797999.0089348552,5083587.607197493,2,1,1315702314,cycleway,,,NON_MOTOR_VEHICLE,NON_MOTOR_VEHICLE,highway=cycleway; bicycle=designated; foot=designated; smoothness=excellent; surface=asphalt,VERY_LOW,TO_BE_RECONCILED,RESTRICTED_NOT_MODELLABLE,TO_BE_RECONCILED,TO_BE_RECONCILED,,False,11.93,False,False,
GEO_0377,45.84759960567108,12.841668066617467,798278.465872907,5084295.035568823,1,1,134166074,track,,,AGRICULTURAL_TRACK,AGRICULTURAL_TRACK,highway=track; tracktype=grade2; surface=ground,VERY_LOW,TO_BE_RECONCILED,RESTRICTED_NOT_MODELLABLE,TO_BE_RECONCILED,TO_BE_RECONCILED,,False,0.0,False,False,
GEO_0378,45.84780096840152,12.843968655650418,798456.0040611817,5084326.014628959,1,1,134166074,track,,,AGRICULTURAL_TRACK,AGRICULTURAL_TRACK,highway=track; tracktype=grade2; surface=ground,VERY_LOW,TO_BE_RECONCILED,RESTRICTED_NOT_MODELLABLE,TO_BE_RECONCILED,TO_BE_RECONCILED,,False,0.0,False,False,
GEO_0379,45.84805556924846,12.847026483181264,798692.0467671739,5084365.749778133,2,1,134166074,track,,,AGRICULTURAL_TRACK,AGRICULTURAL_TRACK,highway=track; tracktype=grade2; surface=ground,VERY_LOW,TO_BE_RECONCILED,RESTRICTED_NOT_MODELLABLE,TO_BE_RECONCILED,TO_BE_RECONCILED,,False,64.858,False,False,
GEO_0380,45.848119290356365,12.848088260055778,798774.1403014774,5084376.806760704,1,1,134166075,track,,Strada vicinale Piantine,AGRICULTURAL_TRACK,AGRICULTURAL_TRACK,highway=track; name=Strada vicinale Piantine; tracktype=grade2; surface=ground,VERY_LOW,TO_BE_RECONCILED,RESTRICTED_NOT_MODELLABLE,TO_BE_RECONCILED,TO_BE_RECONCILED,,False,0.0,False,False,
GEO_0381,45.848891457796846,12.850938986627712,798991.324058091,5084473.2774022855,1,1,1373389605,cycleway,,Percorso ciclopedonale lungo il Versiola - variante ovest,NON_MOTOR_VEHICLE,NON_MOTOR_VEHICLE,highway=cycleway; name=Percorso ciclopedonale lungo il Versiola - variante ovest; bicycle=designated; foot=designated,VERY_LOW,TO_BE_RECONCILED,RESTRICTED_NOT_MODELLABLE,TO_BE_RECONCILED,TO_BE_RECONCILED,,False,0.0,False,False,
GEO_0382,45.849192175110495,12.851174492440913,799007.9945216011,5084507.569176591,3,2,1373389600|1433108028,construction|pedestrian,,Percorso ciclopedonale lungo il Versiola - variante est,CLOSED,CLOSED|NON_MOTOR_VEHICLE,highway=construction; name=Percorso ciclopedonale lungo il Versiola - variante est; construction=cycleway || highway=pedestrian; surface=unpaved,VERY_LOW,TO_BE_RECONCILED,RESTRICTED_NOT_MODELLABLE,TO_BE_RECONCILED,TO_BE_RECONCILED,,False,9.596,False,False,
GEO_0383,45.84978415594281,12.853919870104054,799217.959283188,5084583.634940295,1,1,1222036745,service,,,OPEN_LOCAL,OPEN_LOCAL,highway=service; service=alley; tracktype=grade3; surface=ground,VERY_LOW,TO_BE_RECONCILED,MINOR_LIKELY_EXCLUDABLE,TO_BE_RECONCILED,TO_BE_RECONCILED,,False,0.0,False,False,
GEO_0384,45.849885290216946,12.854151025651383,799235.3622589256,5084595.738080014,2,2,134166073|1344775691,track|unclassified,,,OPEN_LOCAL,AGRICULTURAL_TRACK|OPEN_LOCAL,highway=track; tracktype=grade2; surface=ground || highway=unclassified; hgv=agricultural; tracktype=grade2; surface=ground,LOW,TO_BE_RECONCILED,MINOR_LIKELY_EXCLUDABLE,TO_BE_RECONCILED,TO_BE_RECONCILED,,False,2.408,True,True,
GEO_0385,45.850062277223856,12.85668099630017,799430.8287325928,5084624.898476946,1,1,134166066,tertiary,,Via Borgo di Sotto,OPEN_ORDINARY,OPEN_ORDINARY,highway=tertiary; name=Via Borgo di Sotto,MEDIUM,TO_BE_RECONCILED,SECONDARY_BUT_POSSIBLY_MATERIAL,TO_BE_RECONCILED,TO_BE_RECONCILED,,False,0.0,False,False,
GEO_0386,45.850367847346156,12.859256582382834,799629.1438733402,5084668.521677784,1,1,1416919549,service,,,PRIVATE,PRIVATE,highway=service; access=private; service=driveway,VERY_LOW,TO_BE_RECONCILED,RESTRICTED_NOT_MODELLABLE,TO_BE_RECONCILED,TO_BE_RECONCILED,,False,0.0,False,False,
GEO_0387,46.609023045631325,12.915763847062811,799849.9261534476,5169169.24233665,6,1,119380108,path,,,NON_MOTOR_VEHICLE,NON_MOTOR_VEHICLE,highway=path,VERY_LOW,TO_BE_RECONCILED,RESTRICTED_NOT_MODELLABLE,TO_BE_RECONCILED,TO_BE_RECONCILED,,False,273.89,False,False,
GEO_0388,45.85047645942367,12.861258603422389,799783.9876645685,5084688.113344485,5,3,189387187|1287694102|1373389596,service|unclassified,,Via Stalis,OPEN_LOCAL,OPEN_LOCAL,highway=service; service=parking_aisle || highway=unclassified; name=Via Stalis || highway=unclassified; name=Via Stalis; hgv=agricultural,LOW,TO_BE_RECONCILED,MINOR_LIKELY_EXCLUDABLE,TO_BE_RECONCILED,TO_BE_RECONCILED,,False,64.969,False,False,
GEO_0389,45.85003430614663,12.862322511638308,799868.9642114844,5084642.992272491,2,2,243810912|1287694093,footway,,,NON_MOTOR_VEHICLE,NON_MOTOR_VEHICLE,highway=footway; surface=unpaved,VERY_LOW,TO_BE_RECONCILED,RESTRICTED_NOT_MODELLABLE,TO_BE_RECONCILED,TO_BE_RECONCILED,,False,1.406,False,False,
GEO_0390,45.84984843013028,12.86310746558392,799930.9055525818,5084625.294519475,2,2,243810905|675389306,unclassified,,Via Venchiaredo,OPEN_LOCAL,OPEN_LOCAL,highway=unclassified; name=Via Venchiaredo; tracktype=grade2; surface=compacted,LOW,TO_BE_RECONCILED,MINOR_LIKELY_EXCLUDABLE,TO_BE_RECONCILED,TO_BE_RECONCILED,,False,56.813,False,False,
GEO_0391,45.83471409215205,12.869988693259787,800546.7386904437,5082969.8311466975,3,2,102543474|1409742243,primary,SP463,Via Udine / Via Portogruaro,OPEN_ORDINARY,OPEN_ORDINARY,highway=primary; ref=SP463; name=Via Udine / Via Portogruaro; surface=asphalt || highway=primary; ref=SP463; surface=asphalt,HIGH,TO_BE_RECONCILED,CORE_CANDIDATE,TO_BE_RECONCILED,TO_BE_RECONCILED,,False,193.803,False,False,
GEO_0392,45.83659691620404,12.871408546692907,800646.8468968958,5083184.357546101,1,1,184923108,residential,,Via Mondina,OPEN_LOCAL,OPEN_LOCAL,highway=residential; name=Via Mondina,LOW,TO_BE_RECONCILED,MINOR_LIKELY_EXCLUDABLE,TO_BE_RECONCILED,TO_BE_RECONCILED,,False,0.0,False,False,
GEO_0393,45.832645813660534,12.872296466627452,800737.1113912838,5082748.752144889,1,1,684188068,track,,Strada Vicinale dei Pararedi,AGRICULTURAL_TRACK,AGRICULTURAL_TRACK,highway=track; name=Strada Vicinale dei Pararedi; tracktype=grade4,VERY_LOW,TO_BE_RECONCILED,RESTRICTED_NOT_MODELLABLE,TO_BE_RECONCILED,TO_BE_RECONCILED,,False,0.0,False,False,
GEO_0394,45.83249809647485,12.872394925698444,800745.5545723669,5082732.712568493,1,1,1337495761,path,,,NON_MOTOR_VEHICLE,NON_MOTOR_VEHICLE,highway=path; tracktype=grade5; surface=dirt,VERY_LOW,TO_BE_RECONCILED,RESTRICTED_NOT_MODELLABLE,TO_BE_RECONCILED,TO_BE_RECONCILED,,False,0.0,False,False,
GEO_0395,45.849654400754474,12.875221704349324,800872.458247669,5084649.37916854,3,1,1243715852,track,,,AGRICULTURAL_TRACK,AGRICULTURAL_TRACK,highway=track; tracktype=grade4; surface=ground,VERY_LOW,TO_BE_RECONCILED,RESTRICTED_NOT_MODELLABLE,TO_BE_RECONCILED,TO_BE_RECONCILED,,False,129.724,False,False,
GEO_0396,45.831324314624716,12.873840922418127,800864.1853835413,5082607.763245104,1,1,1337495760,track,,Strada rurale Saccon,AGRICULTURAL_TRACK,AGRICULTURAL_TRACK,highway=track; name=Strada rurale Saccon; tracktype=grade5,VERY_LOW,TO_BE_RECONCILED,RESTRICTED_NOT_MODELLABLE,TO_BE_RECONCILED,TO_BE_RECONCILED,,False,0.0,False,False,
GEO_0397,45.8392940174332,12.874416571356223,800865.8768787481,5083495.339659643,1,1,242082233,residential,,Via Friuli,OPEN_LOCAL,OPEN_LOCAL,highway=residential; name=Via Friuli,LOW,TO_BE_RECONCILED,MINOR_LIKELY_EXCLUDABLE,TO_BE_RECONCILED,TO_BE_RECONCILED,,False,0.0,False,False,
GEO_0398,45.84170490538696,12.875701845819007,800952.6620895822,5083768.030358874,1,1,1466589170,service,,,PRIVATE,PRIVATE,highway=service; access=private,VERY_LOW,TO_BE_RECONCILED,RESTRICTED_NOT_MODELLABLE,TO_BE_RECONCILED,TO_BE_RECONCILED,,False,0.0,False,False,
GEO_0399,45.84128052541099,12.876251392670714,800997.6249510892,5083722.957374767,1,1,133397404,secondary,SP76,Via Bagnara,OPEN_ORDINARY,OPEN_ORDINARY,highway=secondary; ref=SP76; name=Via Bagnara; surface=asphalt,MEDIUM,TO_BE_RECONCILED,SECONDARY_BUT_POSSIBLY_MATERIAL,TO_BE_RECONCILED,TO_BE_RECONCILED,,False,0.0,False,False,
GEO_0400,45.84357680281714,12.876817761186707,801029.1996425343,5083980.203442853,1,1,242082226,track,,,AGRICULTURAL_TRACK,AGRICULTURAL_TRACK,highway=track; tracktype=grade5,VERY_LOW,TO_BE_RECONCILED,RESTRICTED_NOT_MODELLABLE,TO_BE_RECONCILED,TO_BE_RECONCILED,,False,0.0,False,False,
GEO_0401,46.60990423214183,12.932389106591028,801118.0037670075,5169330.599198515,1,1,1421405767,path,,,NON_MOTOR_VEHICLE,NON_MOTOR_VEHICLE,highway=path,VERY_LOW,TO_BE_RECONCILED,RESTRICTED_NOT_MODELLABLE,TO_BE_RECONCILED,TO_BE_RECONCILED,,False,0.0,False,False,
GEO_0402,45.82531726772026,12.876860972344211,801131.1673784517,5081951.799390791,1,1,37132958,primary,SP93,Via Udine,OPEN_ORDINARY,OPEN_ORDINARY,highway=primary; ref=SP93; name=Via Udine; surface=asphalt,HIGH,TO_BE_RECONCILED,CORE_CANDIDATE,TO_BE_RECONCILED,TO_BE_RECONCILED,,False,0.0,False,False,
GEO_0403,46.60921788219257,12.9334852498477,801205.7425825878,5169258.536042871,1,1,35421095,path,,,NON_MOTOR_VEHICLE,NON_MOTOR_VEHICLE,highway=path; surface=ground,VERY_LOW,TO_BE_RECONCILED,RESTRICTED_NOT_MODELLABLE,TO_BE_RECONCILED,TO_BE_RECONCILED,,False,0.0,False,False,
GEO_0404,46.60817163292855,12.934881788591882,801318.4831565401,5169147.637441799,3,1,1083270879,path,,Via ferrata Senza Confini,NON_MOTOR_VEHICLE,NON_MOTOR_VEHICLE,highway=path; name=Via ferrata Senza Confini,VERY_LOW,TO_BE_RECONCILED,RESTRICTED_NOT_MODELLABLE,TO_BE_RECONCILED,TO_BE_RECONCILED,,False,15.843,False,False,
GEO_0405,45.82501424711474,12.879813381850207,801362.1201876741,5081929.284945983,1,1,242054370,tertiary,SP18,Via Teglio,OPEN_ORDINARY,OPEN_ORDINARY,highway=tertiary; ref=SP18; name=Via Teglio,MEDIUM,TO_BE_RECONCILED,SECONDARY_BUT_POSSIBLY_MATERIAL,TO_BE_RECONCILED,TO_BE_RECONCILED,,False,0.0,False,False,
GEO_0406,46.60673557569544,12.937977310571213,801563.4869852744,5168999.937743318,1,1,37914734,path,,Steinberger Weg,NON_MOTOR_VEHICLE,NON_MOTOR_VEHICLE,highway=path; name=Steinberger Weg,VERY_LOW,TO_BE_RECONCILED,RESTRICTED_NOT_MODELLABLE,TO_BE_RECONCILED,TO_BE_RECONCILED,,False,0.0,False,False,
GEO_0407,46.60559992013699,12.940012015102743,801725.6022448319,5168881.55739434,1,1,288952806,path,,,NON_MOTOR_VEHICLE,NON_MOTOR_VEHICLE,highway=path,VERY_LOW,TO_BE_RECONCILED,RESTRICTED_NOT_MODELLABLE,TO_BE_RECONCILED,TO_BE_RECONCILED,,False,0.0,False,False,
GEO_0408,45.82539603419979,12.8851057846318,801771.1203499972,5081991.708510809,4,3,1020506873|1020506877|1020506883,residential,,Via Suzzolins,OPEN_LOCAL,OPEN_LOCAL,highway=residential; name=Via Suzzolins,LOW,TO_BE_RECONCILED,MINOR_LIKELY_EXCLUDABLE,TO_BE_RECONCILED,TO_BE_RECONCILED,,False,24.404,False,False,
GEO_0409,45.82473622624143,12.885950232761584,801840.2801784675,5081921.601414922,4,3,132985869|1020506879|1020506880,service|unclassified,,Via Suzzolins,OPEN_LOCAL,OPEN_LOCAL,highway=service || highway=unclassified; name=Via Suzzolins,LOW,TO_BE_RECONCILED,MINOR_LIKELY_EXCLUDABLE,TO_BE_RECONCILED,TO_BE_RECONCILED,,False,23.112,False,False,
GEO_0410,45.82428960809638,12.887377687605255,801953.5706884742,5081877.386346188,1,1,1353937275,service,,,OPEN_LOCAL,OPEN_LOCAL,highway=service; service=driveway,VERY_LOW,TO_BE_RECONCILED,MINOR_LIKELY_EXCLUDABLE,TO_BE_RECONCILED,TO_BE_RECONCILED,,False,0.0,False,False,
GEO_0411,46.60363571650112,12.945077918297088,802124.4499875177,5168682.753145658,2,2,61732033|303171162,primary,B110,Plöckenpass Straße,OPEN_ORDINARY,OPEN_ORDINARY,highway=primary; ref=B110; name=Plöckenpass Straße; surface=asphalt,HIGH,TO_BE_RECONCILED,CORE_CANDIDATE,TO_BE_RECONCILED,TO_BE_RECONCILED,,False,8.024,False,False,
GEO_0412,45.82045719790891,12.890109471252647,802186.517730992,5081461.964922253,1,1,1373739430,track,,Strada Portolane,AGRICULTURAL_TRACK,AGRICULTURAL_TRACK,highway=track; name=Strada Portolane; tracktype=grade3; surface=ground,VERY_LOW,TO_BE_RECONCILED,RESTRICTED_NOT_MODELLABLE,TO_BE_RECONCILED,TO_BE_RECONCILED,,False,0.0,False,False,
GEO_0413,45.820516376390145,12.893654352942598,802461.5537284858,5081481.9738930985,1,1,773827028,track,,Strada rurale Miris,AGRICULTURAL_TRACK,AGRICULTURAL_TRACK,highway=track; name=Strada rurale Miris; tracktype=grade3,VERY_LOW,TO_BE_RECONCILED,RESTRICTED_NOT_MODELLABLE,TO_BE_RECONCILED,TO_BE_RECONCILED,,False,0.0,False,False,
GEO_0414,46.60396844369975,12.951105399316555,802584.1541110933,5168742.86727746,5,3,96734572|134241414|134260173,path,,Kleiner Pal Rechter Flügel,NON_MOTOR_VEHICLE,NON_MOTOR_VEHICLE,highway=path; name=Kleiner Pal Rechter Flügel,VERY_LOW,TO_BE_RECONCILED,RESTRICTED_NOT_MODELLABLE,TO_BE_RECONCILED,TO_BE_RECONCILED,,False,92.803,False,False,
GEO_0415,46.60450355366388,12.952997292809656,802726.0413223167,5168809.592551522,1,1,1080250743,path,,,NON_MOTOR_VEHICLE,NON_MOTOR_VEHICLE,highway=path,VERY_LOW,TO_BE_RECONCILED,RESTRICTED_NOT_MODELLABLE,TO_BE_RECONCILED,TO_BE_RECONCILED,,False,0.0,False,False,
GEO_0416,46.6047306342658,12.953527187724985,802765.3508036667,5168836.859669619,2,2,102146254|102146258,path,,Kleiner Pal Rechter Flügel,NON_MOTOR_VEHICLE,NON_MOTOR_VEHICLE,highway=path; name=Kleiner Pal Rechter Flügel,VERY_LOW,TO_BE_RECONCILED,RESTRICTED_NOT_MODELLABLE,TO_BE_RECONCILED,TO_BE_RECONCILED,,False,7.492,False,False,
GEO_0417,46.60544619676373,12.955209248819806,802890.1590910445,5168922.831302003,4,2,1080250746|1080250747,path,,,NON_MOTOR_VEHICLE,NON_MOTOR_VEHICLE,highway=path,VERY_LOW,TO_BE_RECONCILED,RESTRICTED_NOT_MODELLABLE,TO_BE_RECONCILED,TO_BE_RECONCILED,,False,102.902,False,False,
GEO_0418,46.60621791695636,12.956502933994722,802984.9116241615,5169013.550130588,3,1,28453472,path,,,NON_MOTOR_VEHICLE,NON_MOTOR_VEHICLE,highway=path,VERY_LOW,TO_BE_RECONCILED,RESTRICTED_NOT_MODELLABLE,TO_BE_RECONCILED,TO_BE_RECONCILED,,False,37.212,False,False,
GEO_0419,46.60620099955942,12.957006334325609,803023.5525684631,5169013.607936288,2,2,165367092|165367095,path,,,NON_MOTOR_VEHICLE,NON_MOTOR_VEHICLE,highway=path,VERY_LOW,TO_BE_RECONCILED,RESTRICTED_NOT_MODELLABLE,TO_BE_RECONCILED,TO_BE_RECONCILED,,False,6.2,False,False,
GEO_0420,46.60607979575496,12.957438823817828,803057.3461748158,5169001.806409998,1,1,165367098,path,,,NON_MOTOR_VEHICLE,NON_MOTOR_VEHICLE,highway=path,VERY_LOW,TO_BE_RECONCILED,RESTRICTED_NOT_MODELLABLE,TO_BE_RECONCILED,TO_BE_RECONCILED,,False,0.0,False,False,
GEO_0421,46.60587214205913,12.958105830412684,803109.5804110061,5168981.3030007025,1,1,165367088,path,,,NON_MOTOR_VEHICLE,NON_MOTOR_VEHICLE,highway=path,VERY_LOW,TO_BE_RECONCILED,RESTRICTED_NOT_MODELLABLE,TO_BE_RECONCILED,TO_BE_RECONCILED,,False,0.0,False,False,
GEO_0422,46.60571803258936,12.958555304479473,803144.8587939362,5168965.91139111,1,1,165367087,path,,,NON_MOTOR_VEHICLE,NON_MOTOR_VEHICLE,highway=path,VERY_LOW,TO_BE_RECONCILED,RESTRICTED_NOT_MODELLABLE,TO_BE_RECONCILED,TO_BE_RECONCILED,,False,0.0,False,False,
GEO_0423,46.60555712681537,12.958908234561145,803172.7826738704,5168949.393113933,1,1,96734586,path,,,NON_MOTOR_VEHICLE,NON_MOTOR_VEHICLE,highway=path,VERY_LOW,TO_BE_RECONCILED,RESTRICTED_NOT_MODELLABLE,TO_BE_RECONCILED,TO_BE_RECONCILED,,False,0.0,False,False,
GEO_0424,46.60538457299893,12.959306740896523,803204.2617276757,5168931.756340837,2,1,34630299,path,,,NON_MOTOR_VEHICLE,NON_MOTOR_VEHICLE,highway=path,VERY_LOW,TO_BE_RECONCILED,RESTRICTED_NOT_MODELLABLE,TO_BE_RECONCILED,TO_BE_RECONCILED,,False,17.903,False,False,
GEO_0425,46.60471086205377,12.963576923716776,803535.0122457223,5168873.358433107,2,1,469916872,path,,,NON_MOTOR_VEHICLE,NON_MOTOR_VEHICLE,highway=path,VERY_LOW,TO_BE_RECONCILED,RESTRICTED_NOT_MODELLABLE,TO_BE_RECONCILED,TO_BE_RECONCILED,,False,63.192,False,False,
GEO_0426,45.8281469485219,12.909714457755076,803667.5050469674,5082390.719286676,1,1,680045490,track,,Strada rurale Paluduzzi,AGRICULTURAL_TRACK,AGRICULTURAL_TRACK,highway=track; name=Strada rurale Paluduzzi; tracktype=grade5; surface=grass,VERY_LOW,TO_BE_RECONCILED,RESTRICTED_NOT_MODELLABLE,TO_BE_RECONCILED,TO_BE_RECONCILED,,False,0.0,False,False,
GEO_0427,45.826074617738946,12.911126204468317,803788.4401591362,5082165.867187462,1,1,1363991931,service,,,RESTRICTED,RESTRICTED,highway=service; access=no,VERY_LOW,TO_BE_RECONCILED,RESTRICTED_NOT_MODELLABLE,TO_BE_RECONCILED,TO_BE_RECONCILED,,False,0.0,False,False,
GEO_0428,46.60470177803162,12.966989631339054,803796.3886520022,5168885.511792767,1,1,469916872,path,,,NON_MOTOR_VEHICLE,NON_MOTOR_VEHICLE,highway=path,VERY_LOW,TO_BE_RECONCILED,RESTRICTED_NOT_MODELLABLE,TO_BE_RECONCILED,TO_BE_RECONCILED,,False,0.0,False,False,
GEO_0429,45.82632964251977,12.912238397915445,803873.4337887845,5082198.4360793475,4,3,135052082|151402153|1363991892,service,,,OPEN_LOCAL,OPEN_LOCAL|RESTRICTED,highway=service || highway=service; access=no,VERY_LOW,TO_BE_RECONCILED,MINOR_LIKELY_EXCLUDABLE,TO_BE_RECONCILED,TO_BE_RECONCILED,,False,103.439,True,True,
GEO_0430,46.60451729725447,12.967290506838706,803820.4608745829,5168866.176285575,1,1,469916871,path,,,NON_MOTOR_VEHICLE,NON_MOTOR_VEHICLE,highway=path,VERY_LOW,TO_BE_RECONCILED,RESTRICTED_NOT_MODELLABLE,TO_BE_RECONCILED,TO_BE_RECONCILED,,False,0.0,False,False,
GEO_0431,46.60345097590003,12.970743164064901,804090.8218347079,5168761.033304435,1,1,144623206,path,,,NON_MOTOR_VEHICLE,NON_MOTOR_VEHICLE,highway=path,VERY_LOW,TO_BE_RECONCILED,RESTRICTED_NOT_MODELLABLE,TO_BE_RECONCILED,TO_BE_RECONCILED,,False,0.0,False,False,
GEO_0432,46.60253245907593,12.97204572162913,804195.7154028168,5168664.014433322,2,1,144623268,path,,,NON_MOTOR_VEHICLE,NON_MOTOR_VEHICLE,highway=path,VERY_LOW,TO_BE_RECONCILED,RESTRICTED_NOT_MODELLABLE,TO_BE_RECONCILED,TO_BE_RECONCILED,,False,80.424,False,False,
GEO_0433,46.60123236640875,12.977617695640674,804629.6997281944,5168541.113257715,14,2,176912465|177024931,path,,,NON_MOTOR_VEHICLE,NON_MOTOR_VEHICLE,highway=path,VERY_LOW,TO_BE_RECONCILED,RESTRICTED_NOT_MODELLABLE,TO_BE_RECONCILED,TO_BE_RECONCILED,,False,418.623,False,True,
GEO_0434,46.60101434132739,12.982650827145624,805016.3577349527,5168536.3743883865,3,2,177024931|469916868,path,,,NON_MOTOR_VEHICLE,NON_MOTOR_VEHICLE,highway=path,VERY_LOW,TO_BE_RECONCILED,RESTRICTED_NOT_MODELLABLE,TO_BE_RECONCILED,TO_BE_RECONCILED,,False,24.908,False,False,
GEO_0435,45.82106407155817,12.92685310796619,805037.3441973126,5081669.2337039495,1,1,132578197,track,,Via Parz,AGRICULTURAL_TRACK,AGRICULTURAL_TRACK,highway=track; name=Via Parz; motorcar=destination; tracktype=grade2; smoothness=intermediate; surface=gravel,VERY_LOW,TO_BE_RECONCILED,RESTRICTED_NOT_MODELLABLE,TO_BE_RECONCILED,TO_BE_RECONCILED,,False,0.0,False,False,
GEO_0436,46.59976028131586,12.986241222535842,805298.3628577299,5168410.959396481,11,1,434923849,path,,,NON_MOTOR_VEHICLE,NON_MOTOR_VEHICLE,highway=path,VERY_LOW,TO_BE_RECONCILED,RESTRICTED_NOT_MODELLABLE,TO_BE_RECONCILED,TO_BE_RECONCILED,,False,199.168,False,False,
GEO_0437,45.81741733562914,12.929644860322094,805274.1557481413,5081274.775526761,3,2,676787241|1334581130,track,,,AGRICULTURAL_TRACK,AGRICULTURAL_TRACK,highway=track; tracktype=grade4; smoothness=intermediate; surface=grass || highway=track; tracktype=grade5,VERY_LOW,TO_BE_RECONCILED,RESTRICTED_NOT_MODELLABLE,TO_BE_RECONCILED,TO_BE_RECONCILED,,False,44.03,False,False,
GEO_0438,46.59969590713991,12.991203794442727,805678.7644719362,5168423.060990679,3,1,434923849,path,,,NON_MOTOR_VEHICLE,NON_MOTOR_VEHICLE,highway=path,VERY_LOW,TO_BE_RECONCILED,RESTRICTED_NOT_MODELLABLE,TO_BE_RECONCILED,TO_BE_RECONCILED,,False,61.904,False,False,
GEO_0439,46.60126029932818,12.994185787306396,805898.3106151896,5168608.452635565,15,1,732101428,path,,,NON_MOTOR_VEHICLE,NON_MOTOR_VEHICLE,highway=path,VERY_LOW,TO_BE_RECONCILED,RESTRICTED_NOT_MODELLABLE,TO_BE_RECONCILED,TO_BE_RECONCILED,,False,300.436,False,False,
GEO_0440,46.602248416078254,12.998985685405888,806260.305631293,5168736.894797426,1,1,144623262,path,,,NON_MOTOR_VEHICLE,NON_MOTOR_VEHICLE,highway=path,VERY_LOW,TO_BE_RECONCILED,RESTRICTED_NOT_MODELLABLE,TO_BE_RECONCILED,TO_BE_RECONCILED,,False,0.0,False,False,
GEO_0441,46.60101943912726,13.003847319536733,806639.5419434756,5168619.273806562,3,1,145585638,path,,,NON_MOTOR_VEHICLE,NON_MOTOR_VEHICLE,highway=path,VERY_LOW,TO_BE_RECONCILED,RESTRICTED_NOT_MODELLABLE,TO_BE_RECONCILED,TO_BE_RECONCILED,,False,72.708,False,False,
GEO_0442,45.820313046957914,12.948775270876668,806744.3082125965,5081669.862490928,1,1,241524665,track,,,AGRICULTURAL_TRACK,AGRICULTURAL_TRACK,highway=track; motorcar=destination,VERY_LOW,TO_BE_RECONCILED,RESTRICTED_NOT_MODELLABLE,TO_BE_RECONCILED,TO_BE_RECONCILED,,False,0.0,False,False,
GEO_0443,45.83699585859045,12.951339185466805,806851.6419795242,5083533.11803615,1,1,142369801,track,,,AGRICULTURAL_TRACK,AGRICULTURAL_TRACK,highway=track; tracktype=grade3; surface=ground,VERY_LOW,TO_BE_RECONCILED,RESTRICTED_NOT_MODELLABLE,TO_BE_RECONCILED,TO_BE_RECONCILED,,False,0.0,False,False,
GEO_0444,45.83861268726682,12.951478950157128,806853.5943353735,5083713.2791316,1,1,135048604,track,,,AGRICULTURAL_TRACK,AGRICULTURAL_TRACK,highway=track; tracktype=grade3; surface=ground,VERY_LOW,TO_BE_RECONCILED,RESTRICTED_NOT_MODELLABLE,TO_BE_RECONCILED,TO_BE_RECONCILED,,False,0.0,False,False,
GEO_0445,45.83109129051593,12.950954416737988,806854.2624479956,5082875.66355226,1,1,142369799,track,,,AGRICULTURAL_TRACK,AGRICULTURAL_TRACK,highway=track; tracktype=grade3; surface=ground,VERY_LOW,TO_BE_RECONCILED,RESTRICTED_NOT_MODELLABLE,TO_BE_RECONCILED,TO_BE_RECONCILED,,False,0.0,False,False,
GEO_0446,45.843549565459774,12.952033304811904,806869.4572039096,5084263.8802857855,1,1,1301968807,secondary,SP75,Via Morsano,OPEN_ORDINARY,OPEN_ORDINARY,highway=secondary; ref=SP75; name=Via Morsano; surface=asphalt,MEDIUM,TO_BE_RECONCILED,SECONDARY_BUT_POSSIBLY_MATERIAL,TO_BE_RECONCILED,TO_BE_RECONCILED,,False,0.0,False,False,
GEO_0447,45.828548025192454,12.951478132175748,806908.9346276433,5082595.132122384,2,1,135042402,track,,Via Reghenazzi,AGRICULTURAL_TRACK,AGRICULTURAL_TRACK,highway=track; name=Via Reghenazzi; tracktype=grade3; surface=ground,VERY_LOW,TO_BE_RECONCILED,RESTRICTED_NOT_MODELLABLE,TO_BE_RECONCILED,TO_BE_RECONCILED,,False,5.105,False,False,
GEO_0448,46.599760139588774,13.009242312801133,807059.8110636566,5168500.387317606,4,1,145585595,path,,,NON_MOTOR_VEHICLE,NON_MOTOR_VEHICLE,highway=path,VERY_LOW,TO_BE_RECONCILED,RESTRICTED_NOT_MODELLABLE,TO_BE_RECONCILED,TO_BE_RECONCILED,,False,204.456,False,False,
GEO_0449,45.82700229238733,12.953634123607323,807084.8942769667,5082431.705994903,1,1,241530803,track,,,AGRICULTURAL_TRACK,AGRICULTURAL_TRACK,highway=track; tracktype=grade3; surface=ground,VERY_LOW,TO_BE_RECONCILED,RESTRICTED_NOT_MODELLABLE,TO_BE_RECONCILED,TO_BE_RECONCILED,,False,0.0,False,False,
GEO_0450,45.8224923822155,12.958300998932375,807472.2264940278,5081948.652100405,1,1,135042402,track,,Via Reghenazzi,AGRICULTURAL_TRACK,AGRICULTURAL_TRACK,highway=track; name=Via Reghenazzi; tracktype=grade3; surface=ground,VERY_LOW,TO_BE_RECONCILED,RESTRICTED_NOT_MODELLABLE,TO_BE_RECONCILED,TO_BE_RECONCILED,,False,0.0,False,False,
GEO_0451,45.84688136711205,12.961358510330749,807575.1211208781,5084669.960791754,1,1,1110887921,track,,,AGRICULTURAL_TRACK,AGRICULTURAL_TRACK,highway=track,VERY_LOW,TO_BE_RECONCILED,RESTRICTED_NOT_MODELLABLE,TO_BE_RECONCILED,TO_BE_RECONCILED,,False,0.0,False,False,
GEO_0452,45.8457137206851,12.962657920460641,807682.45486937,5084545.253224618,1,1,1287156838,service,,,PRIVATE,PRIVATE,highway=service; access=private; service=driveway; surface=gravel; node_barrier=gate,VERY_LOW,TO_BE_RECONCILED,RESTRICTED_NOT_MODELLABLE,TO_BE_RECONCILED,TO_BE_RECONCILED,,False,0.0,False,False,
GEO_0453,45.84437451782124,12.963860561979272,807783.2268015528,5084401.114551487,1,1,132199230,tertiary,,Via Mussons,OPEN_ORDINARY,OPEN_ORDINARY,highway=tertiary; name=Via Mussons,MEDIUM,TO_BE_RECONCILED,SECONDARY_BUT_POSSIBLY_MATERIAL,TO_BE_RECONCILED,TO_BE_RECONCILED,,False,0.0,False,False,
GEO_0454,46.60076129601635,13.020073486491015,807883.593496946,5168653.9163053455,1,1,1080250762,path,,,NON_MOTOR_VEHICLE,NON_MOTOR_VEHICLE,highway=path,VERY_LOW,TO_BE_RECONCILED,RESTRICTED_NOT_MODELLABLE,TO_BE_RECONCILED,TO_BE_RECONCILED,,False,0.0,False,False,
GEO_0455,46.601694596704455,13.021151295973098,807960.8348773327,5168761.824519174,3,1,145585610,path,,,NON_MOTOR_VEHICLE,NON_MOTOR_VEHICLE,highway=path,VERY_LOW,TO_BE_RECONCILED,RESTRICTED_NOT_MODELLABLE,TO_BE_RECONCILED,TO_BE_RECONCILED,,False,152.249,False,False,
GEO_0456,46.601146083181185,13.020830742738342,807939.4003673211,5168699.628945218,1,1,1080250763,path,,,NON_MOTOR_VEHICLE,NON_MOTOR_VEHICLE,highway=path,VERY_LOW,TO_BE_RECONCILED,RESTRICTED_NOT_MODELLABLE,TO_BE_RECONCILED,TO_BE_RECONCILED,,False,0.0,False,False,
GEO_0457,45.84099210478629,12.96620489648929,807983.9416359655,5084034.393718549,3,2,135038506|135038509,cycleway|track,,,AGRICULTURAL_TRACK,AGRICULTURAL_TRACK|NON_MOTOR_VEHICLE,highway=cycleway; motor_vehicle=no; bicycle=designated; foot=designated; surface=gravel || highway=track; tracktype=grade2; surface=ground,VERY_LOW,TO_BE_RECONCILED,RESTRICTED_NOT_MODELLABLE,TO_BE_RECONCILED,TO_BE_RECONCILED,,False,142.384,False,False,
GEO_0458,45.828178711034155,12.971024981733889,808429.0997420484,5082629.505713985,1,1,144073167,track,,,AGRICULTURAL_TRACK,AGRICULTURAL_TRACK,highway=track; tracktype=grade3,VERY_LOW,TO_BE_RECONCILED,RESTRICTED_NOT_MODELLABLE,TO_BE_RECONCILED,TO_BE_RECONCILED,,False,0.0,False,False,
GEO_0459,45.82564187852985,12.972608268814962,808566.1058391749,5082353.798061432,1,1,141076873,track,,,AGRICULTURAL_TRACK,AGRICULTURAL_TRACK,highway=track; tracktype=grade4,VERY_LOW,TO_BE_RECONCILED,RESTRICTED_NOT_MODELLABLE,TO_BE_RECONCILED,TO_BE_RECONCILED,,False,0.0,False,False,
GEO_0460,45.82010959081503,12.973675435823024,808679.612616245,5081743.313084393,1,1,141046326,track,,,AGRICULTURAL_TRACK,AGRICULTURAL_TRACK,highway=track; tracktype=grade3,VERY_LOW,TO_BE_RECONCILED,RESTRICTED_NOT_MODELLABLE,TO_BE_RECONCILED,TO_BE_RECONCILED,,False,0.0,False,False,
GEO_0461,45.79036106478691,12.972363658642896,808742.2648574206,5078433.306065373,1,1,1036332935,track,,,AGRICULTURAL_TRACK,AGRICULTURAL_TRACK,highway=track; tracktype=grade4; smoothness=bad; surface=earth,VERY_LOW,TO_BE_RECONCILED,RESTRICTED_NOT_MODELLABLE,TO_BE_RECONCILED,TO_BE_RECONCILED,,False,0.0,False,False,
GEO_0462,46.59631246343275,13.032029710935422,808824.5095742857,5168206.460888004,2,1,1080250768,path,,,NON_MOTOR_VEHICLE,NON_MOTOR_VEHICLE,highway=path,VERY_LOW,TO_BE_RECONCILED,RESTRICTED_NOT_MODELLABLE,TO_BE_RECONCILED,TO_BE_RECONCILED,,False,146.196,False,False,
GEO_0463,45.83113282929991,12.975786726003825,808782.5657978299,5082976.121267871,1,1,144073167,track,,,AGRICULTURAL_TRACK,AGRICULTURAL_TRACK,highway=track; tracktype=grade3,VERY_LOW,TO_BE_RECONCILED,RESTRICTED_NOT_MODELLABLE,TO_BE_RECONCILED,TO_BE_RECONCILED,,False,0.0,False,False,
GEO_0464,45.819166466351376,12.975818810929042,808851.3273947381,5081646.832501568,2,1,1308668574,track,,,AGRICULTURAL_TRACK,AGRICULTURAL_TRACK,highway=track,VERY_LOW,TO_BE_RECONCILED,RESTRICTED_NOT_MODELLABLE,TO_BE_RECONCILED,TO_BE_RECONCILED,,False,62.026,False,False,
GEO_0465,45.83511813906562,12.97696460116131,808851.9621002494,5083423.433976638,1,1,149671050,track,,,AGRICULTURAL_TRACK,AGRICULTURAL_TRACK,highway=track,VERY_LOW,TO_BE_RECONCILED,RESTRICTED_NOT_MODELLABLE,TO_BE_RECONCILED,TO_BE_RECONCILED,,False,0.0,False,False,
GEO_0466,45.79218576967031,12.97397149683846,808857.1299727997,5078642.243824414,1,1,1036332935,track,,,AGRICULTURAL_TRACK,AGRICULTURAL_TRACK,highway=track; tracktype=grade4; smoothness=bad; surface=earth,VERY_LOW,TO_BE_RECONCILED,RESTRICTED_NOT_MODELLABLE,TO_BE_RECONCILED,TO_BE_RECONCILED,,False,0.0,False,False,
GEO_0467,45.81898612561193,12.97642755882181,808899.612978826,5081629.154481729,1,1,141046331,track,,,AGRICULTURAL_TRACK,AGRICULTURAL_TRACK,highway=track; tracktype=grade2,VERY_LOW,TO_BE_RECONCILED,RESTRICTED_NOT_MODELLABLE,TO_BE_RECONCILED,TO_BE_RECONCILED,,False,0.0,False,False,
GEO_0468,45.811742760552875,12.977257341114694,809004.1913928722,5080827.661162363,5,5,52028248|191745377|1124671652|1124671655|1296451444,motorway|service|track,A4,Autostrada Serenissima,OPEN_ORDINARY,AGRICULTURAL_TRACK|OPEN_ORDINARY|PRIVATE,highway=motorway; ref=A4; name=Autostrada Serenissima; surface=asphalt; toll=yes || highway=service; access=private || highway=track,VERY_HIGH,TO_BE_RECONCILED,CORE_CANDIDATE,TO_BE_RECONCILED,TO_BE_RECONCILED,,False,43.996,True,True,
GEO_0469,46.5964939970913,13.035928150650541,809122.0404940464,5168241.927097688,2,2,237968823|1503401700,path,,,NON_MOTOR_VEHICLE,NON_MOTOR_VEHICLE,highway=path,VERY_LOW,TO_BE_RECONCILED,RESTRICTED_NOT_MODELLABLE,TO_BE_RECONCILED,TO_BE_RECONCILED,,False,6.817,False,False,
GEO_0470,45.78774713134072,12.978512576570001,809234.6302885276,5078166.715803489,1,1,1163070124,path,,,NON_MOTOR_VEHICLE,NON_MOTOR_VEHICLE,highway=path,VERY_LOW,TO_BE_RECONCILED,RESTRICTED_NOT_MODELLABLE,TO_BE_RECONCILED,TO_BE_RECONCILED,,False,0.0,False,False,
GEO_0471,45.824916446313125,12.981382882515518,809251.6517976604,5082307.189105885,1,1,141046330,track,,,AGRICULTURAL_TRACK,AGRICULTURAL_TRACK,highway=track; tracktype=grade4,VERY_LOW,TO_BE_RECONCILED,RESTRICTED_NOT_MODELLABLE,TO_BE_RECONCILED,TO_BE_RECONCILED,,False,0.0,False,False,
GEO_0472,45.796253138642115,12.981176418550953,809394.5281515971,5079122.019429009,2,2,177459351|1499750925,path|track,,,AGRICULTURAL_TRACK,AGRICULTURAL_TRACK|NON_MOTOR_VEHICLE,highway=path || highway=track; motor_vehicle=destination,VERY_LOW,TO_BE_RECONCILED,RESTRICTED_NOT_MODELLABLE,TO_BE_RECONCILED,TO_BE_RECONCILED,,False,6.761,False,False,
GEO_0473,45.78629468796263,12.98218081230804,809527.7870199295,5078019.575392605,1,1,489511083,track,,,AGRICULTURAL_TRACK,AGRICULTURAL_TRACK,highway=track; tracktype=grade2; surface=unpaved,VERY_LOW,TO_BE_RECONCILED,RESTRICTED_NOT_MODELLABLE,TO_BE_RECONCILED,TO_BE_RECONCILED,,False,0.0,False,False,
GEO_0474,45.81319404430107,12.984229893132397,809537.8312091352,5081015.922671092,2,2,1124671652|1311874553,service|track,,,PRIVATE,AGRICULTURAL_TRACK|PRIVATE,highway=service; access=private || highway=track,VERY_LOW,TO_BE_RECONCILED,RESTRICTED_NOT_MODELLABLE,TO_BE_RECONCILED,TO_BE_RECONCILED,,False,7.58,False,False,
GEO_0475,45.81285710874502,12.984317815453007,809546.5312189793,5080978.831735382,4,4,52028248|191745377|704654474|1124671655,motorway|service|track,A4,Autostrada Serenissima,OPEN_ORDINARY,AGRICULTURAL_TRACK|OPEN_ORDINARY|PRIVATE,highway=motorway; ref=A4; name=Autostrada Serenissima; surface=asphalt; toll=yes || highway=service; access=private || highway=track; tracktype=grade3; surface=unpaved,VERY_HIGH,TO_BE_RECONCILED,CORE_CANDIDATE,TO_BE_RECONCILED,TO_BE_RECONCILED,,False,39.461,True,True,
GEO_0476,45.8108715703089,12.98498101479697,809609.0724741549,5080760.820549803,1,1,489511044,track,,,AGRICULTURAL_TRACK,AGRICULTURAL_TRACK,highway=track; tracktype=grade3; surface=unpaved,VERY_LOW,TO_BE_RECONCILED,RESTRICTED_NOT_MODELLABLE,TO_BE_RECONCILED,TO_BE_RECONCILED,,False,0.0,False,False,
GEO_0477,45.794032681395535,12.984403468217844,809657.6222468961,5078887.8534313105,1,1,1376556306,track,,,AGRICULTURAL_TRACK,AGRICULTURAL_TRACK,highway=track; tracktype=grade5; surface=grass,VERY_LOW,TO_BE_RECONCILED,RESTRICTED_NOT_MODELLABLE,TO_BE_RECONCILED,TO_BE_RECONCILED,,False,0.0,False,False,
GEO_0478,45.818285778080366,12.986714706574963,809702.5985280601,5081591.236708238,3,1,141046327,track,,,AGRICULTURAL_TRACK,AGRICULTURAL_TRACK,highway=track; tracktype=grade3,VERY_LOW,TO_BE_RECONCILED,RESTRICTED_NOT_MODELLABLE,TO_BE_RECONCILED,TO_BE_RECONCILED,,False,93.503,False,False,
GEO_0479,45.78496220078843,12.984066937397325,809681.7753806538,5077878.858623627,2,2,1163070120|1163070121,track,,,AGRICULTURAL_TRACK,AGRICULTURAL_TRACK,highway=track; tracktype=grade5; surface=grass,VERY_LOW,TO_BE_RECONCILED,RESTRICTED_NOT_MODELLABLE,TO_BE_RECONCILED,TO_BE_RECONCILED,,False,11.063,False,False,
GEO_0480,45.79444679783626,12.985667771745193,809753.5784340403,5078938.766551203,1,1,1376883523,path,,,NON_MOTOR_VEHICLE,NON_MOTOR_VEHICLE,highway=path,VERY_LOW,TO_BE_RECONCILED,RESTRICTED_NOT_MODELLABLE,TO_BE_RECONCILED,TO_BE_RECONCILED,,False,0.0,False,False,
GEO_0481,45.81090026498769,12.991937050601416,810149.3304796884,5080791.026994634,1,1,489511044,track,,,AGRICULTURAL_TRACK,AGRICULTURAL_TRACK,highway=track; tracktype=grade3; surface=unpaved,VERY_LOW,TO_BE_RECONCILED,RESTRICTED_NOT_MODELLABLE,TO_BE_RECONCILED,TO_BE_RECONCILED,,False,0.0,False,False,
GEO_0482,45.79817737018745,12.991709268286176,810202.3510382702,5079376.684356539,1,1,489511048,track,,,AGRICULTURAL_TRACK,AGRICULTURAL_TRACK,highway=track; tracktype=grade3; surface=unpaved,VERY_LOW,TO_BE_RECONCILED,RESTRICTED_NOT_MODELLABLE,TO_BE_RECONCILED,TO_BE_RECONCILED,,False,0.0,False,False,
GEO_0483,45.81501545844018,12.993239614068722,810227.6417837751,5081253.27170873,1,1,704654474,track,,,AGRICULTURAL_TRACK,AGRICULTURAL_TRACK,highway=track; tracktype=grade3; surface=unpaved,VERY_LOW,TO_BE_RECONCILED,RESTRICTED_NOT_MODELLABLE,TO_BE_RECONCILED,TO_BE_RECONCILED,,False,0.0,False,False,
GEO_0484,45.81460882087065,12.993324932286066,810236.5312124793,5081208.42783387,4,4,52028248|191745377|1124671652|1124671655,motorway|service,A4,Autostrada Serenissima,OPEN_ORDINARY,OPEN_ORDINARY|PRIVATE,highway=motorway; ref=A4; name=Autostrada Serenissima; surface=asphalt; toll=yes || highway=service; access=private,VERY_HIGH,TO_BE_RECONCILED,CORE_CANDIDATE,TO_BE_RECONCILED,TO_BE_RECONCILED,,False,42.102,True,True,
GEO_0485,45.77628347886698,12.991402632717332,810300.1694036027,5076943.182032763,1,1,1036332937,track,,,AGRICULTURAL_TRACK,AGRICULTURAL_TRACK,highway=track,VERY_LOW,TO_BE_RECONCILED,RESTRICTED_NOT_MODELLABLE,TO_BE_RECONCILED,TO_BE_RECONCILED,,False,0.0,False,False,
GEO_0486,45.77025760630317,12.997176245041226,810782.5241531469,5076296.195849451,3,3,47996537|119789203|459253202,footway|primary,SS14,,OPEN_ORDINARY,NON_MOTOR_VEHICLE|OPEN_ORDINARY,highway=footway; surface=asphalt || highway=footway; surface=gravel || highway=primary; ref=SS14; surface=asphalt,HIGH,TO_BE_RECONCILED,CORE_CANDIDATE,TO_BE_RECONCILED,TO_BE_RECONCILED,,False,9.402,True,True,
GEO_0487,46.59693499956331,13.05971476904215,810941.2222609399,5168384.5852037165,4,1,237968823,path,,,NON_MOTOR_VEHICLE,NON_MOTOR_VEHICLE,highway=path,VERY_LOW,TO_BE_RECONCILED,RESTRICTED_NOT_MODELLABLE,TO_BE_RECONCILED,TO_BE_RECONCILED,,False,137.836,False,False,
GEO_0488,46.59734328505785,13.061304839855788,811060.6573617465,5168436.227340476,1,1,34639804,path,,,NON_MOTOR_VEHICLE,NON_MOTOR_VEHICLE,highway=path,VERY_LOW,TO_BE_RECONCILED,RESTRICTED_NOT_MODELLABLE,TO_BE_RECONCILED,TO_BE_RECONCILED,,False,0.0,False,False,
GEO_0489,45.758030272334416,13.000861893587379,811137.1447277013,5074952.153090309,3,3,1104377461|1104377462|1104377466,path|track,,,AGRICULTURAL_TRACK,AGRICULTURAL_TRACK|NON_MOTOR_VEHICLE,highway=path || highway=track; tracktype=grade4; surface=dirt || highway=track; tracktype=grade5; surface=unpaved,VERY_LOW,TO_BE_RECONCILED,RESTRICTED_NOT_MODELLABLE,TO_BE_RECONCILED,TO_BE_RECONCILED,,False,1.53,False,False,
GEO_0490,46.5998282690877,13.063114233144052,811184.9790443606,5168719.466599702,4,1,136353618,path,,,NON_MOTOR_VEHICLE,NON_MOTOR_VEHICLE,highway=path,VERY_LOW,TO_BE_RECONCILED,RESTRICTED_NOT_MODELLABLE,TO_BE_RECONCILED,TO_BE_RECONCILED,,False,70.806,False,False,
GEO_0491,45.7570509096441,13.00239164172665,811261.5581396037,5074849.312571647,1,1,1383636911,track,,,AGRICULTURAL_TRACK,AGRICULTURAL_TRACK,highway=track; tracktype=grade5; surface=unpaved,VERY_LOW,TO_BE_RECONCILED,RESTRICTED_NOT_MODELLABLE,TO_BE_RECONCILED,TO_BE_RECONCILED,,False,0.0,False,False,
GEO_0492,46.599022559188064,13.072949496048574,811942.8006859003,5168668.870375359,1,1,136448235,path,,,NON_MOTOR_VEHICLE,NON_MOTOR_VEHICLE,highway=path,VERY_LOW,TO_BE_RECONCILED,RESTRICTED_NOT_MODELLABLE,TO_BE_RECONCILED,TO_BE_RECONCILED,,False,0.0,False,False,
GEO_0493,46.60020905405401,13.092275529961341,813415.9678606498,5168877.446293857,1,1,145619394,path,,,NON_MOTOR_VEHICLE,NON_MOTOR_VEHICLE,highway=path,VERY_LOW,TO_BE_RECONCILED,RESTRICTED_NOT_MODELLABLE,TO_BE_RECONCILED,TO_BE_RECONCILED,,False,0.0,False,False,
GEO_0494,46.59991996738419,13.092845109617082,813461.2561785429,5168847.595600419,2,1,136454648,path,,,NON_MOTOR_VEHICLE,NON_MOTOR_VEHICLE,highway=path,VERY_LOW,TO_BE_RECONCILED,RESTRICTED_NOT_MODELLABLE,TO_BE_RECONCILED,TO_BE_RECONCILED,,False,68.208,False,False,
GEO_0495,46.59695120639482,13.098442040245311,813907.0439677378,5168540.0588887995,17,1,136454648,path,,,NON_MOTOR_VEHICLE,NON_MOTOR_VEHICLE,highway=path,VERY_LOW,TO_BE_RECONCILED,RESTRICTED_NOT_MODELLABLE,TO_BE_RECONCILED,TO_BE_RECONCILED,,False,548.441,False,True,
GEO_0496,46.59501793649403,13.10453887391868,814385.1638316731,5168349.591902345,3,1,136122621,path,,,NON_MOTOR_VEHICLE,NON_MOTOR_VEHICLE,highway=path,VERY_LOW,TO_BE_RECONCILED,RESTRICTED_NOT_MODELLABLE,TO_BE_RECONCILED,TO_BE_RECONCILED,,False,94.034,False,False,
GEO_0497,45.69793141094924,13.039050554221465,814444.4305302338,5068425.007959802,1,1,368833658,unclassified,,Via Isola Picchi,OPEN_LOCAL,OPEN_LOCAL,highway=unclassified; name=Via Isola Picchi,LOW,TO_BE_RECONCILED,MINOR_LIKELY_EXCLUDABLE,TO_BE_RECONCILED,TO_BE_RECONCILED,,False,0.0,False,False,
GEO_0498,46.59157381412682,13.128419120188896,816234.1491456239,5168062.571345275,1,1,1071337553,path,,,NON_MOTOR_VEHICLE,NON_MOTOR_VEHICLE,highway=path,VERY_LOW,TO_BE_RECONCILED,RESTRICTED_NOT_MODELLABLE,TO_BE_RECONCILED,TO_BE_RECONCILED,,False,0.0,False,False,
GEO_0499,46.59159127259782,13.132626689024942,816556.3132044923,5168081.41828388,1,1,1071337554,track,,,AGRICULTURAL_TRACK,AGRICULTURAL_TRACK,highway=track,VERY_LOW,TO_BE_RECONCILED,RESTRICTED_NOT_MODELLABLE,TO_BE_RECONCILED,TO_BE_RECONCILED,,False,0.0,False,False,
GEO_0500,45.67338973554607,13.066258113395046,816701.1646228808,5065805.969690577,1,1,166524925,secondary,SR74dir,Via Lignano,OPEN_ORDINARY,OPEN_ORDINARY,highway=secondary; ref=SR74dir; name=Via Lignano; smoothness=good; surface=asphalt,MEDIUM,TO_BE_RECONCILED,SECONDARY_BUT_POSSIBLY_MATERIAL,TO_BE_RECONCILED,TO_BE_RECONCILED,,False,0.0,False,False,
GEO_0501,46.590934935088946,13.135616605963817,816789.1470223145,5168020.522504604,1,1,1331881710,footway,,alter Militärweg nach Italien,NON_MOTOR_VEHICLE,NON_MOTOR_VEHICLE,highway=footway; name=alter Militärweg nach Italien; foot=yes; surface=dirt,VERY_LOW,TO_BE_RECONCILED,RESTRICTED_NOT_MODELLABLE,TO_BE_RECONCILED,TO_BE_RECONCILED,,False,0.0,False,False,
GEO_0502,46.590607886284474,13.138647558091535,817023.2062201296,5167996.385447205,1,1,1462365403,track,,Straniger Alm,AGRICULTURAL_TRACK,AGRICULTURAL_TRACK,highway=track; name=Straniger Alm; tracktype=grade2; smoothness=bad; surface=compacted; node_barrier=lift_gate; node_access=yes,VERY_LOW,TO_BE_RECONCILED,RESTRICTED_NOT_MODELLABLE,TO_BE_RECONCILED,TO_BE_RECONCILED,,False,0.0,False,False,
GEO_0503,45.659278887947785,13.077773796774759,817677.9690268777,5064284.015924313,1,1,164215814,track,,,AGRICULTURAL_TRACK,AGRICULTURAL_TRACK,highway=track,VERY_LOW,TO_BE_RECONCILED,RESTRICTED_NOT_MODELLABLE,TO_BE_RECONCILED,TO_BE_RECONCILED,,False,0.0,False,False,
GEO_0504,45.65227899583802,13.0800564657668,817895.4629101821,5063515.440829783,1,1,169724772,track,,,AGRICULTURAL_TRACK,AGRICULTURAL_TRACK,highway=track; tracktype=grade4,VERY_LOW,TO_BE_RECONCILED,RESTRICTED_NOT_MODELLABLE,TO_BE_RECONCILED,TO_BE_RECONCILED,,False,0.0,False,False,
GEO_0505,45.650181935305284,13.080089540691446,817909.9235261014,5063282.602003558,1,1,169724783,track,,,AGRICULTURAL_TRACK,AGRICULTURAL_TRACK,highway=track; tracktype=grade5,VERY_LOW,TO_BE_RECONCILED,RESTRICTED_NOT_MODELLABLE,TO_BE_RECONCILED,TO_BE_RECONCILED,,False,0.0,False,False,
GEO_0506,46.58894486210497,13.156733818316043,818418.2459949699,5167884.598957348,1,1,136929546,path,,,NON_MOTOR_VEHICLE,NON_MOTOR_VEHICLE,highway=path; motor_vehicle=no; bicycle=no; foot=yes; node_barrier=gate,VERY_LOW,TO_BE_RECONCILED,RESTRICTED_NOT_MODELLABLE,TO_BE_RECONCILED,TO_BE_RECONCILED,,False,0.0,False,False,
GEO_0507,46.58859184325134,13.159776479509343,818653.3724126038,5167857.68656018,2,1,138638064,path,,,NON_MOTOR_VEHICLE,NON_MOTOR_VEHICLE,highway=path,VERY_LOW,TO_BE_RECONCILED,RESTRICTED_NOT_MODELLABLE,TO_BE_RECONCILED,TO_BE_RECONCILED,,False,36.22,False,False,
GEO_0508,45.6470591942327,13.094587030783119,819057.2449666577,5062993.405420767,1,1,1390803328,footway,,,NON_MOTOR_VEHICLE,NON_MOTOR_VEHICLE,highway=footway; bicycle=dismount,VERY_LOW,TO_BE_RECONCILED,RESTRICTED_NOT_MODELLABLE,TO_BE_RECONCILED,TO_BE_RECONCILED,,False,0.0,False,False,
GEO_0509,46.586342730370184,13.169074084282222,819378.7631216999,5167645.473833474,1,1,137048685,path,,,NON_MOTOR_VEHICLE,NON_MOTOR_VEHICLE,highway=path,VERY_LOW,TO_BE_RECONCILED,RESTRICTED_NOT_MODELLABLE,TO_BE_RECONCILED,TO_BE_RECONCILED,,False,0.0,False,False,
GEO_0510,46.58438644189194,13.169802090631485,819446.0382797592,5167431.079210211,1,1,815023573,path,,,NON_MOTOR_VEHICLE,NON_MOTOR_VEHICLE,highway=path,VERY_LOW,TO_BE_RECONCILED,RESTRICTED_NOT_MODELLABLE,TO_BE_RECONCILED,TO_BE_RECONCILED,,False,0.0,False,False,
GEO_0511,46.58355462721916,13.171833248972707,819606.52541032,5167346.904716982,1,1,302961453,path,,,NON_MOTOR_VEHICLE,NON_MOTOR_VEHICLE,highway=path,VERY_LOW,TO_BE_RECONCILED,RESTRICTED_NOT_MODELLABLE,TO_BE_RECONCILED,TO_BE_RECONCILED,,False,0.0,False,False,
GEO_0512,45.64668692889322,13.10179185043014,819620.755926696,5062980.810784682,1,1,1145353643,footway,,,NON_MOTOR_VEHICLE,NON_MOTOR_VEHICLE,highway=footway; surface=plastic,VERY_LOW,TO_BE_RECONCILED,RESTRICTED_NOT_MODELLABLE,TO_BE_RECONCILED,TO_BE_RECONCILED,,False,0.0,False,False,
GEO_0513,46.58190249229943,13.17701154344119,820012.9359292906,5167184.379407477,1,1,302961453,path,,,NON_MOTOR_VEHICLE,NON_MOTOR_VEHICLE,highway=path,VERY_LOW,TO_BE_RECONCILED,RESTRICTED_NOT_MODELLABLE,TO_BE_RECONCILED,TO_BE_RECONCILED,,False,0.0,False,False,
GEO_0514,46.579761586940585,13.17778166220918,820084.5514376885,5166949.6506525455,3,1,138638064,path,,,NON_MOTOR_VEHICLE,NON_MOTOR_VEHICLE,highway=path,VERY_LOW,TO_BE_RECONCILED,RESTRICTED_NOT_MODELLABLE,TO_BE_RECONCILED,TO_BE_RECONCILED,,False,143.358,False,False,
GEO_0515,46.5787195864352,13.178664418896865,820158.3211618934,5166837.4706323575,1,1,115746436,path,,,NON_MOTOR_VEHICLE,NON_MOTOR_VEHICLE,highway=path,VERY_LOW,TO_BE_RECONCILED,RESTRICTED_NOT_MODELLABLE,TO_BE_RECONCILED,TO_BE_RECONCILED,,False,0.0,False,False,
GEO_0516,46.57784502042566,13.180234135513551,820283.7350719217,5166746.687396049,1,1,115746402,path,,,NON_MOTOR_VEHICLE,NON_MOTOR_VEHICLE,highway=path,VERY_LOW,TO_BE_RECONCILED,RESTRICTED_NOT_MODELLABLE,TO_BE_RECONCILED,TO_BE_RECONCILED,,False,0.0,False,False,
GEO_0517,46.577555003629115,13.181486729722437,820381.408879587,5166719.561174449,4,2,138638064|170795489,path,,,NON_MOTOR_VEHICLE,NON_MOTOR_VEHICLE,highway=path,VERY_LOW,TO_BE_RECONCILED,RESTRICTED_NOT_MODELLABLE,TO_BE_RECONCILED,TO_BE_RECONCILED,,False,150.547,False,False,
GEO_0518,45.66728568811702,13.114608636123233,820501.6974769331,5065320.492620316,1,1,1110043381,footway,,,NON_MOTOR_VEHICLE,NON_MOTOR_VEHICLE,highway=footway; surface=metal,VERY_LOW,TO_BE_RECONCILED,RESTRICTED_NOT_MODELLABLE,TO_BE_RECONCILED,TO_BE_RECONCILED,,False,0.0,False,False,
GEO_0519,46.57554670913429,13.18732219350927,820840.3368522085,5166520.191933795,1,1,170838308,path,,,NON_MOTOR_VEHICLE,NON_MOTOR_VEHICLE,highway=path; bicycle=yes; foot=yes; surface=ground,VERY_LOW,TO_BE_RECONCILED,RESTRICTED_NOT_MODELLABLE,TO_BE_RECONCILED,TO_BE_RECONCILED,,False,0.0,False,False,
GEO_0520,46.57245118077799,13.19401135580695,821371.138807082,5166203.54613157,3,1,35409319,path,,,NON_MOTOR_VEHICLE,NON_MOTOR_VEHICLE,highway=path,VERY_LOW,TO_BE_RECONCILED,RESTRICTED_NOT_MODELLABLE,TO_BE_RECONCILED,TO_BE_RECONCILED,,False,135.751,False,False,
GEO_0521,46.57164302617924,13.197323679430019,821629.709866023,5166127.279542966,1,1,35409319,path,,,NON_MOTOR_VEHICLE,NON_MOTOR_VEHICLE,highway=path,VERY_LOW,TO_BE_RECONCILED,RESTRICTED_NOT_MODELLABLE,TO_BE_RECONCILED,TO_BE_RECONCILED,,False,0.0,False,False,
GEO_0522,46.5718613479235,13.199562789842638,821799.9764693447,5166160.681796543,4,1,120357019,path,,Zottachkofel Normalweg,NON_MOTOR_VEHICLE,NON_MOTOR_VEHICLE,highway=path; name=Zottachkofel Normalweg,VERY_LOW,TO_BE_RECONCILED,RESTRICTED_NOT_MODELLABLE,TO_BE_RECONCILED,TO_BE_RECONCILED,,False,112.886,False,False,
GEO_0523,46.57190981049624,13.202076839856915,821992.3144061224,5166176.3410191275,1,1,536583545,path,,Zottachkofel Normalweg,NON_MOTOR_VEHICLE,NON_MOTOR_VEHICLE,highway=path; name=Zottachkofel Normalweg,VERY_LOW,TO_BE_RECONCILED,RESTRICTED_NOT_MODELLABLE,TO_BE_RECONCILED,TO_BE_RECONCILED,,False,0.0,False,False,
GEO_0524,46.56930465051802,13.208818264106444,822524.3065713204,5165914.4866932975,4,1,120356947,path,,,NON_MOTOR_VEHICLE,NON_MOTOR_VEHICLE,highway=path,VERY_LOW,TO_BE_RECONCILED,RESTRICTED_NOT_MODELLABLE,TO_BE_RECONCILED,TO_BE_RECONCILED,,False,53.693,False,False,
GEO_0525,45.68824917581532,13.147602254156991,822950.761260516,5067782.174993507,1,1,1096346237,footway,,,NON_MOTOR_VEHICLE,NON_MOTOR_VEHICLE,highway=footway; access=no,VERY_LOW,TO_BE_RECONCILED,RESTRICTED_NOT_MODELLABLE,TO_BE_RECONCILED,TO_BE_RECONCILED,,False,0.0,False,False,
GEO_0526,45.68843569193855,13.147955386822062,822977.181306344,5067804.322560494,2,2,478066062|1096346236,footway,,,NON_MOTOR_VEHICLE,NON_MOTOR_VEHICLE,highway=footway; access=no,VERY_LOW,TO_BE_RECONCILED,RESTRICTED_NOT_MODELLABLE,TO_BE_RECONCILED,TO_BE_RECONCILED,,False,9.24,False,False,
GEO_0527,46.570477978535926,13.216196409753222,823082.6633561641,5166075.084517127,1,1,174311831,path,,,NON_MOTOR_VEHICLE,NON_MOTOR_VEHICLE,highway=path,VERY_LOW,TO_BE_RECONCILED,RESTRICTED_NOT_MODELLABLE,TO_BE_RECONCILED,TO_BE_RECONCILED,,False,0.0,False,False,
GEO_0528,46.57037972997253,13.217436575935313,823178.2711005706,5166069.256972172,1,1,127008290,path,,,NON_MOTOR_VEHICLE,NON_MOTOR_VEHICLE,highway=path,VERY_LOW,TO_BE_RECONCILED,RESTRICTED_NOT_MODELLABLE,TO_BE_RECONCILED,TO_BE_RECONCILED,,False,0.0,False,False,
GEO_0529,46.570083428874234,13.218140166948773,823233.944499277,5166039.2247553915,1,1,120306393,path,,Josef Uiberlacher-Steig,NON_MOTOR_VEHICLE,NON_MOTOR_VEHICLE,highway=path; name=Josef Uiberlacher-Steig,VERY_LOW,TO_BE_RECONCILED,RESTRICTED_NOT_MODELLABLE,TO_BE_RECONCILED,TO_BE_RECONCILED,,False,0.0,False,False,
GEO_0530,45.69424892472842,13.152517603266896,823298.8471958715,5068468.580863501,1,1,330816172,footway,,,NON_MOTOR_VEHICLE,NON_MOTOR_VEHICLE,highway=footway; surface=plastic,VERY_LOW,TO_BE_RECONCILED,RESTRICTED_NOT_MODELLABLE,TO_BE_RECONCILED,TO_BE_RECONCILED,,False,0.0,False,False,
GEO_0531,45.69761098815391,13.15298980623877,823316.200837189,5068843.995756372,1,1,1080419270,footway,,,NON_MOTOR_VEHICLE,NON_MOTOR_VEHICLE,highway=footway; motor_vehicle=no; bicycle=dismount; foot=yes; surface=wood,VERY_LOW,TO_BE_RECONCILED,RESTRICTED_NOT_MODELLABLE,TO_BE_RECONCILED,TO_BE_RECONCILED,,False,0.0,False,False,
GEO_0532,46.567158022110746,13.2197196664751,823372.3834973067,5165720.69122826,10,1,120231626,path,,,NON_MOTOR_VEHICLE,NON_MOTOR_VEHICLE,highway=path,VERY_LOW,TO_BE_RECONCILED,RESTRICTED_NOT_MODELLABLE,TO_BE_RECONCILED,TO_BE_RECONCILED,,False,180.004,False,False,
GEO_0533,46.56518662631158,13.223129363158428,823645.3991842384,5165515.670607757,2,2,120306396|127008306,path,,,NON_MOTOR_VEHICLE,NON_MOTOR_VEHICLE,highway=path,VERY_LOW,TO_BE_RECONCILED,RESTRICTED_NOT_MODELLABLE,TO_BE_RECONCILED,TO_BE_RECONCILED,,False,7.43,False,False,
GEO_0534,46.560666490266186,13.22960282238147,824168.4208947909,5165040.096624831,2,1,174311820,path,,,NON_MOTOR_VEHICLE,NON_MOTOR_VEHICLE,highway=path,VERY_LOW,TO_BE_RECONCILED,RESTRICTED_NOT_MODELLABLE,TO_BE_RECONCILED,TO_BE_RECONCILED,,False,63.478,False,False,
GEO_0535,46.558636990261824,13.232318436598904,824388.6480174775,5164825.795491459,4,2,174311820|470779209,path,,,NON_MOTOR_VEHICLE,NON_MOTOR_VEHICLE,highway=path,VERY_LOW,TO_BE_RECONCILED,RESTRICTED_NOT_MODELLABLE,TO_BE_RECONCILED,TO_BE_RECONCILED,,False,42.786,False,False,
GEO_0536,46.557536757148405,13.232282581424935,824392.4681012174,5164703.410515643,1,1,700537487,path,,,NON_MOTOR_VEHICLE,NON_MOTOR_VEHICLE,highway=path,VERY_LOW,TO_BE_RECONCILED,RESTRICTED_NOT_MODELLABLE,TO_BE_RECONCILED,TO_BE_RECONCILED,,False,0.0,False,False,
GEO_0537,46.55361090197447,13.232684207390038,824446.6855777586,5164268.896940553,1,1,1391034468,path,,,NON_MOTOR_VEHICLE,NON_MOTOR_VEHICLE,highway=path,VERY_LOW,TO_BE_RECONCILED,RESTRICTED_NOT_MODELLABLE,TO_BE_RECONCILED,TO_BE_RECONCILED,,False,0.0,False,False,
GEO_0538,46.55373999850864,13.23528268577329,824645.0751022203,5164293.944466589,3,1,1391034468,path,,,NON_MOTOR_VEHICLE,NON_MOTOR_VEHICLE,highway=path,VERY_LOW,TO_BE_RECONCILED,RESTRICTED_NOT_MODELLABLE,TO_BE_RECONCILED,TO_BE_RECONCILED,,False,72.081,False,False,
GEO_0539,46.55209923592876,13.239619332583933,824987.2678734692,5164129.53356301,1,1,174311851,path,,,NON_MOTOR_VEHICLE,NON_MOTOR_VEHICLE,highway=path; foot=yes,VERY_LOW,TO_BE_RECONCILED,RESTRICTED_NOT_MODELLABLE,TO_BE_RECONCILED,TO_BE_RECONCILED,,False,0.0,False,False,
GEO_0540,46.55554113456752,13.241417152941667,825104.4759968852,5164519.350356177,1,1,177534810,path,,,NON_MOTOR_VEHICLE,NON_MOTOR_VEHICLE,highway=path; foot=yes,VERY_LOW,TO_BE_RECONCILED,RESTRICTED_NOT_MODELLABLE,TO_BE_RECONCILED,TO_BE_RECONCILED,,False,0.0,False,False,
GEO_0541,46.55615003482669,13.242949413431024,825218.2680668512,5164593.324422712,1,1,177532405,path,,,NON_MOTOR_VEHICLE,NON_MOTOR_VEHICLE,highway=path; foot=yes,VERY_LOW,TO_BE_RECONCILED,RESTRICTED_NOT_MODELLABLE,TO_BE_RECONCILED,TO_BE_RECONCILED,,False,0.0,False,False,
GEO_0542,46.55618936933552,13.243650645778262,825271.7761041565,5164600.589684141,1,1,177532404,path,,,NON_MOTOR_VEHICLE,NON_MOTOR_VEHICLE,highway=path; foot=yes,VERY_LOW,TO_BE_RECONCILED,RESTRICTED_NOT_MODELLABLE,TO_BE_RECONCILED,TO_BE_RECONCILED,,False,0.0,False,False,
GEO_0543,46.5562233178174,13.244261954716595,825318.4244498454,5164606.88569311,2,1,177530876,path,,Klettersteig,NON_MOTOR_VEHICLE,NON_MOTOR_VEHICLE,highway=path; name=Klettersteig; foot=yes,VERY_LOW,TO_BE_RECONCILED,RESTRICTED_NOT_MODELLABLE,TO_BE_RECONCILED,TO_BE_RECONCILED,,False,25.622,False,False,
GEO_0544,46.55623046541372,13.245043028122064,825378.2441787149,5164610.905604165,1,1,177530878,path,,,NON_MOTOR_VEHICLE,NON_MOTOR_VEHICLE,highway=path; foot=yes,VERY_LOW,TO_BE_RECONCILED,RESTRICTED_NOT_MODELLABLE,TO_BE_RECONCILED,TO_BE_RECONCILED,,False,0.0,False,False,
GEO_0545,46.55621684855211,13.245703450261624,825428.9413591821,5164612.120750276,1,1,177530267,path,,Klettersteig Winkelturm Ostgrad,NON_MOTOR_VEHICLE,NON_MOTOR_VEHICLE,highway=path; name=Klettersteig Winkelturm Ostgrad; bicycle=no; foot=yes,VERY_LOW,TO_BE_RECONCILED,RESTRICTED_NOT_MODELLABLE,TO_BE_RECONCILED,TO_BE_RECONCILED,,False,0.0,False,False,
GEO_0546,46.556330594950914,13.246159648054395,825463.223726146,5164626.642770071,3,1,177530269,path,,,NON_MOTOR_VEHICLE,NON_MOTOR_VEHICLE,highway=path; foot=yes; surface=gravel,VERY_LOW,TO_BE_RECONCILED,RESTRICTED_NOT_MODELLABLE,TO_BE_RECONCILED,TO_BE_RECONCILED,,False,34.135,False,False,
GEO_0547,46.557076344140874,13.246697640147794,825499.989161598,5164711.719203976,1,1,364653443,path,,,NON_MOTOR_VEHICLE,NON_MOTOR_VEHICLE,highway=path,VERY_LOW,TO_BE_RECONCILED,RESTRICTED_NOT_MODELLABLE,TO_BE_RECONCILED,TO_BE_RECONCILED,,False,0.0,False,False,
GEO_0548,46.55776219854489,13.247217069847835,825535.6895957196,5164790.064832845,1,1,923664100,path,,,NON_MOTOR_VEHICLE,NON_MOTOR_VEHICLE,highway=path; foot=yes; surface=grass,VERY_LOW,TO_BE_RECONCILED,RESTRICTED_NOT_MODELLABLE,TO_BE_RECONCILED,TO_BE_RECONCILED,,False,0.0,False,False,
GEO_0549,46.557865829619985,13.247336819610652,825544.2462758576,5164802.073236694,1,1,717759479,track,,,AGRICULTURAL_TRACK,AGRICULTURAL_TRACK,highway=track; tracktype=grade3; surface=gravel,VERY_LOW,TO_BE_RECONCILED,RESTRICTED_NOT_MODELLABLE,TO_BE_RECONCILED,TO_BE_RECONCILED,,False,0.0,False,False,
GEO_0550,46.55891062816684,13.248618680745786,825636.2256212668,5164923.4497893825,2,1,296196541,track,,,AGRICULTURAL_TRACK,AGRICULTURAL_TRACK,highway=track; foot=yes; tracktype=grade2; surface=grass,VERY_LOW,TO_BE_RECONCILED,RESTRICTED_NOT_MODELLABLE,TO_BE_RECONCILED,TO_BE_RECONCILED,,False,18.572,False,False,
GEO_0551,46.55954269633031,13.250200318777141,825753.6490823054,5165000.212833508,3,1,592025452,track,,,AGRICULTURAL_TRACK,AGRICULTURAL_TRACK,highway=track; tracktype=grade3; surface=ground,VERY_LOW,TO_BE_RECONCILED,RESTRICTED_NOT_MODELLABLE,TO_BE_RECONCILED,TO_BE_RECONCILED,,False,83.749,False,False,
GEO_0552,46.55985347793755,13.251206353910757,825828.8845991413,5165038.901822484,2,1,1446775876,track,,,AGRICULTURAL_TRACK,AGRICULTURAL_TRACK,highway=track; tracktype=grade3; surface=ground,VERY_LOW,TO_BE_RECONCILED,RESTRICTED_NOT_MODELLABLE,TO_BE_RECONCILED,TO_BE_RECONCILED,,False,64.113,False,False,
GEO_0553,46.560081345317045,13.251731894940807,825867.7935387669,5165066.39204614,1,1,117635070,track,,,AGRICULTURAL_TRACK,AGRICULTURAL_TRACK,highway=track; tracktype=grade3; surface=ground,VERY_LOW,TO_BE_RECONCILED,RESTRICTED_NOT_MODELLABLE,TO_BE_RECONCILED,TO_BE_RECONCILED,,False,0.0,False,False,
GEO_0554,46.5603519412486,13.25228016454436,825908.1875788462,5165098.723831386,3,1,717759482,path,,,NON_MOTOR_VEHICLE,NON_MOTOR_VEHICLE,highway=path,VERY_LOW,TO_BE_RECONCILED,RESTRICTED_NOT_MODELLABLE,TO_BE_RECONCILED,TO_BE_RECONCILED,,False,13.785,False,False,
GEO_0555,46.56033026976837,13.253593982298813,826009.0026438681,5165101.752727883,1,1,241548662,track,,,AGRICULTURAL_TRACK,AGRICULTURAL_TRACK,highway=track; bicycle=yes; foot=yes; tracktype=grade2; surface=pebblestone,VERY_LOW,TO_BE_RECONCILED,RESTRICTED_NOT_MODELLABLE,TO_BE_RECONCILED,TO_BE_RECONCILED,,False,0.0,False,False,
GEO_0556,46.56028542848205,13.253759132865245,826021.9280959975,5165097.454327788,1,1,1072891117,path,,,NON_MOTOR_VEHICLE,NON_MOTOR_VEHICLE,highway=path; surface=ground,VERY_LOW,TO_BE_RECONCILED,RESTRICTED_NOT_MODELLABLE,TO_BE_RECONCILED,TO_BE_RECONCILED,,False,0.0,False,False,
GEO_0557,46.56012694739583,13.25434936535307,826068.1119494635,5165082.289957751,2,1,177366434,track,,,PRIVATE,PRIVATE,highway=track; access=no; motor_vehicle=private; bicycle=yes; foot=yes; surface=compacted,VERY_LOW,TO_BE_RECONCILED,RESTRICTED_NOT_MODELLABLE,TO_BE_RECONCILED,TO_BE_RECONCILED,,False,25.947,False,False,
GEO_0558,46.56019084058021,13.255552556784032,826159.9359095278,5165094.369767577,1,1,1072891115,path,,,NON_MOTOR_VEHICLE,NON_MOTOR_VEHICLE,highway=path; access=yes; bicycle=yes; foot=no; surface=compacted,VERY_LOW,TO_BE_RECONCILED,RESTRICTED_NOT_MODELLABLE,TO_BE_RECONCILED,TO_BE_RECONCILED,,False,0.0,False,False,
GEO_0559,46.55986183498637,13.25617406356659,826209.5407220116,5165060.390469865,1,1,1081171306,path,,,NON_MOTOR_VEHICLE,NON_MOTOR_VEHICLE,highway=path; foot=yes; surface=pebblestone,VERY_LOW,TO_BE_RECONCILED,RESTRICTED_NOT_MODELLABLE,TO_BE_RECONCILED,TO_BE_RECONCILED,,False,0.0,False,False,
GEO_0560,46.559420430171684,13.256716923333714,826253.7937412186,5165013.598136809,1,1,697079219,path,,,NON_MOTOR_VEHICLE,NON_MOTOR_VEHICLE,highway=path; foot=yes; surface=pebblestone,VERY_LOW,TO_BE_RECONCILED,RESTRICTED_NOT_MODELLABLE,TO_BE_RECONCILED,TO_BE_RECONCILED,,False,0.0,False,False,
GEO_0561,46.55899223417787,13.257260050555473,826297.9885951858,5164968.274719509,1,1,117635040,path,,,NON_MOTOR_VEHICLE,NON_MOTOR_VEHICLE,highway=path; foot=yes; surface=grass,VERY_LOW,TO_BE_RECONCILED,RESTRICTED_NOT_MODELLABLE,TO_BE_RECONCILED,TO_BE_RECONCILED,,False,0.0,False,False,
GEO_0562,46.55878643745706,13.25761193543678,826326.1920428008,5164946.8681385275,1,1,697089930,path,,,NON_MOTOR_VEHICLE,NON_MOTOR_VEHICLE,highway=path; access=yes; bicycle=yes; surface=compacted,VERY_LOW,TO_BE_RECONCILED,RESTRICTED_NOT_MODELLABLE,TO_BE_RECONCILED,TO_BE_RECONCILED,,False,0.0,False,False,
GEO_0563,46.557801698100214,13.261360911147795,826619.4236892225,5164853.000013393,3,1,117584027,path,,,NON_MOTOR_VEHICLE,NON_MOTOR_VEHICLE,highway=path,VERY_LOW,TO_BE_RECONCILED,RESTRICTED_NOT_MODELLABLE,TO_BE_RECONCILED,TO_BE_RECONCILED,,False,72.891,False,False,
GEO_0564,46.55845144880981,13.26247016379138,826700.5292790295,5164929.78782271,1,1,620912498,path,,,NON_MOTOR_VEHICLE,NON_MOTOR_VEHICLE,highway=path; access=yes; bicycle=yes,VERY_LOW,TO_BE_RECONCILED,RESTRICTED_NOT_MODELLABLE,TO_BE_RECONCILED,TO_BE_RECONCILED,,False,0.0,False,False,
GEO_0565,46.55861073612541,13.263011721081709,826741.0753844967,5164949.730986928,1,1,697079607,path,,,NON_MOTOR_VEHICLE,NON_MOTOR_VEHICLE,highway=path,VERY_LOW,TO_BE_RECONCILED,RESTRICTED_NOT_MODELLABLE,TO_BE_RECONCILED,TO_BE_RECONCILED,,False,0.0,False,False,
GEO_0566,46.559085805027365,13.264751990020699,826871.5880469244,5165009.731553246,1,1,1098674576,path,,,NON_MOTOR_VEHICLE,NON_MOTOR_VEHICLE,highway=path; access=yes; bicycle=yes; surface=ground,VERY_LOW,TO_BE_RECONCILED,RESTRICTED_NOT_MODELLABLE,TO_BE_RECONCILED,TO_BE_RECONCILED,,False,0.0,False,False,
GEO_0567,46.56039325654697,13.267132418915335,827046.1477295702,5165164.871328251,2,1,117487802,track,,,AGRICULTURAL_TRACK,AGRICULTURAL_TRACK,highway=track; tracktype=grade4; surface=ground,VERY_LOW,TO_BE_RECONCILED,RESTRICTED_NOT_MODELLABLE,TO_BE_RECONCILED,TO_BE_RECONCILED,,False,30.339,False,False,
GEO_0568,46.56069314915294,13.26767868627153,827086.2057892121,5165200.457885893,1,1,1098674575,path,,,NON_MOTOR_VEHICLE,NON_MOTOR_VEHICLE,highway=path; access=yes; bicycle=yes; surface=ground,VERY_LOW,TO_BE_RECONCILED,RESTRICTED_NOT_MODELLABLE,TO_BE_RECONCILED,TO_BE_RECONCILED,,False,0.0,False,False,
GEO_0569,46.5609061391564,13.26806540505034,827114.5596341018,5165225.72718961,1,1,1425613849,track,,,AGRICULTURAL_TRACK,AGRICULTURAL_TRACK,highway=track; tracktype=grade3; surface=ground,VERY_LOW,TO_BE_RECONCILED,RESTRICTED_NOT_MODELLABLE,TO_BE_RECONCILED,TO_BE_RECONCILED,,False,0.0,False,False,
GEO_0570,46.561055302409066,13.268433439250789,827141.8656659769,5165243.827820151,1,1,117487822,path,,,NON_MOTOR_VEHICLE,NON_MOTOR_VEHICLE,highway=path,VERY_LOW,TO_BE_RECONCILED,RESTRICTED_NOT_MODELLABLE,TO_BE_RECONCILED,TO_BE_RECONCILED,,False,0.0,False,False,
GEO_0571,46.56107314710542,13.27154583493444,827380.2746378893,5165258.741387563,1,1,117487910,path,,,NON_MOTOR_VEHICLE,NON_MOTOR_VEHICLE,highway=path,VERY_LOW,TO_BE_RECONCILED,RESTRICTED_NOT_MODELLABLE,TO_BE_RECONCILED,TO_BE_RECONCILED,,False,0.0,False,False,
GEO_0572,46.56107571426892,13.272362008946383,827442.806132717,5165262.419213339,3,2,117487818|1425613847,path|track,,Singletrail Easy Way,AGRICULTURAL_TRACK,AGRICULTURAL_TRACK|NON_MOTOR_VEHICLE,highway=path; name=Singletrail Easy Way; bicycle=yes; surface=ground || highway=track; name=Singletrail Easy Way; bicycle=yes; tracktype=grade3; surface=ground,VERY_LOW,TO_BE_RECONCILED,RESTRICTED_NOT_MODELLABLE,TO_BE_RECONCILED,TO_BE_RECONCILED,,False,87.452,False,False,
GEO_0573,46.5601503288984,13.275007775810142,827651.1430494944,5165170.609744263,1,1,1034076547,path,,,NON_MOTOR_VEHICLE,NON_MOTOR_VEHICLE,highway=path,VERY_LOW,TO_BE_RECONCILED,RESTRICTED_NOT_MODELLABLE,TO_BE_RECONCILED,TO_BE_RECONCILED,,False,0.0,False,False,
GEO_0574,46.56013056716699,13.2751995128273,827665.9561099298,5165169.211761106,1,1,697082704,path,,,NON_MOTOR_VEHICLE,NON_MOTOR_VEHICLE,highway=path,VERY_LOW,TO_BE_RECONCILED,RESTRICTED_NOT_MODELLABLE,TO_BE_RECONCILED,TO_BE_RECONCILED,,False,0.0,False,False,
GEO_0575,46.56008956482283,13.275597326552605,827696.6901139,5165166.311252844,1,1,26718569,secondary,B90,,OPEN_ORDINARY,OPEN_ORDINARY,highway=secondary; ref=B90; surface=asphalt,MEDIUM,TO_BE_RECONCILED,SECONDARY_BUT_POSSIBLY_MATERIAL,TO_BE_RECONCILED,TO_BE_RECONCILED,,False,0.0,False,False,
GEO_0576,46.56009404408262,13.276138631312012,827738.1463627683,5165169.060995022,2,1,111165334,unclassified,,,OPEN_LOCAL,OPEN_LOCAL,highway=unclassified; surface=paved,LOW,TO_BE_RECONCILED,MINOR_LIKELY_EXCLUDABLE,TO_BE_RECONCILED,TO_BE_RECONCILED,,False,40.658,False,False,
GEO_0577,46.559704908095924,13.27817725694433,827896.7261936427,5165134.311702582,1,1,111165336,path,,,NON_MOTOR_VEHICLE,NON_MOTOR_VEHICLE,highway=path,VERY_LOW,TO_BE_RECONCILED,RESTRICTED_NOT_MODELLABLE,TO_BE_RECONCILED,TO_BE_RECONCILED,,False,0.0,False,False,
GEO_0578,46.55961084387563,13.278520014931457,827923.5615727355,5165125.287929508,1,1,115632046,track,,,RESTRICTED,RESTRICTED,highway=track; motor_vehicle=no; tracktype=grade4; surface=ground,VERY_LOW,TO_BE_RECONCILED,RESTRICTED_NOT_MODELLABLE,TO_BE_RECONCILED,TO_BE_RECONCILED,,False,0.0,False,False,
GEO_0579,46.55886244463534,13.287664429823375,828628.8821463746,5165080.249601707,2,1,144786938,path,,,NON_MOTOR_VEHICLE,NON_MOTOR_VEHICLE,highway=path,VERY_LOW,TO_BE_RECONCILED,RESTRICTED_NOT_MODELLABLE,TO_BE_RECONCILED,TO_BE_RECONCILED,,False,137.465,False,False,
GEO_0580,46.55998522404289,13.29141158471149,828909.2579142405,5165220.630903945,2,1,144786938,path,,,NON_MOTOR_VEHICLE,NON_MOTOR_VEHICLE,highway=path,VERY_LOW,TO_BE_RECONCILED,RESTRICTED_NOT_MODELLABLE,TO_BE_RECONCILED,TO_BE_RECONCILED,,False,48.718,False,False,
GEO_0581,46.56042289420686,13.2969522320317,829331.2167498356,5165292.406888779,1,1,116830670,path,,,NON_MOTOR_VEHICLE,NON_MOTOR_VEHICLE,highway=path,VERY_LOW,TO_BE_RECONCILED,RESTRICTED_NOT_MODELLABLE,TO_BE_RECONCILED,TO_BE_RECONCILED,,False,0.0,False,False,
GEO_0582,46.56018894891712,13.297663956992137,829387.178171327,5165269.391391987,2,1,116836993,path,,,NON_MOTOR_VEHICLE,NON_MOTOR_VEHICLE,highway=path,VERY_LOW,TO_BE_RECONCILED,RESTRICTED_NOT_MODELLABLE,TO_BE_RECONCILED,TO_BE_RECONCILED,,False,45.999,False,False,
GEO_0583,46.559032455003795,13.30012889215871,829583.094629873,5165151.214633788,4,1,116836993,path,,,NON_MOTOR_VEHICLE,NON_MOTOR_VEHICLE,highway=path,VERY_LOW,TO_BE_RECONCILED,RESTRICTED_NOT_MODELLABLE,TO_BE_RECONCILED,TO_BE_RECONCILED,,False,77.279,False,False,
GEO_0584,46.5578243539769,13.30188374897385,829724.912565806,5165024.337716588,1,1,116830691,path,,,NON_MOTOR_VEHICLE,NON_MOTOR_VEHICLE,highway=path,VERY_LOW,TO_BE_RECONCILED,RESTRICTED_NOT_MODELLABLE,TO_BE_RECONCILED,TO_BE_RECONCILED,,False,0.0,False,False,
GEO_0585,46.556801398583005,13.304018720270545,829894.7445487208,5164919.625528368,2,1,116836993,path,,,NON_MOTOR_VEHICLE,NON_MOTOR_VEHICLE,highway=path,VERY_LOW,TO_BE_RECONCILED,RESTRICTED_NOT_MODELLABLE,TO_BE_RECONCILED,TO_BE_RECONCILED,,False,18.392,False,False,
GEO_0586,46.555668570402986,13.305816056052905,830039.372967408,5164801.29626027,2,1,116836993,path,,,NON_MOTOR_VEHICLE,NON_MOTOR_VEHICLE,highway=path,VERY_LOW,TO_BE_RECONCILED,RESTRICTED_NOT_MODELLABLE,TO_BE_RECONCILED,TO_BE_RECONCILED,,False,39.821,False,False,
GEO_0587,46.5543972273296,13.308372245471993,830243.009823686,5164670.762065109,2,1,116836993,path,,,NON_MOTOR_VEHICLE,NON_MOTOR_VEHICLE,highway=path,VERY_LOW,TO_BE_RECONCILED,RESTRICTED_NOT_MODELLABLE,TO_BE_RECONCILED,TO_BE_RECONCILED,,False,31.966,False,False,
GEO_0588,46.55268858009491,13.315199020663089,830776.6378676093,5164509.57234786,1,1,241543056,track,,,AGRICULTURAL_TRACK,AGRICULTURAL_TRACK,highway=track; tracktype=grade2; surface=gravel,VERY_LOW,TO_BE_RECONCILED,RESTRICTED_NOT_MODELLABLE,TO_BE_RECONCILED,TO_BE_RECONCILED,,False,0.0,False,False,
GEO_0589,46.55269387777062,13.315616607803477,830808.6119889198,5164511.91440948,1,1,1185103225,track,,,AGRICULTURAL_TRACK,AGRICULTURAL_TRACK,highway=track; tracktype=grade3,VERY_LOW,TO_BE_RECONCILED,RESTRICTED_NOT_MODELLABLE,TO_BE_RECONCILED,TO_BE_RECONCILED,,False,0.0,False,False,
GEO_0590,46.552696906782394,13.315855368428496,830826.8935859593,5164513.2535887435,1,1,116837004,path,,,NON_MOTOR_VEHICLE,NON_MOTOR_VEHICLE,highway=path; tracktype=grade3,VERY_LOW,TO_BE_RECONCILED,RESTRICTED_NOT_MODELLABLE,TO_BE_RECONCILED,TO_BE_RECONCILED,,False,0.0,False,False,
GEO_0591,46.552951314612436,13.318192271205968,831004.4581875862,5164551.334998141,1,1,116837004,path,,,NON_MOTOR_VEHICLE,NON_MOTOR_VEHICLE,highway=path; tracktype=grade3,VERY_LOW,TO_BE_RECONCILED,RESTRICTED_NOT_MODELLABLE,TO_BE_RECONCILED,TO_BE_RECONCILED,,False,0.0,False,False,
GEO_0592,46.55208555588466,13.320875984659619,831215.429321812,5164466.428787118,2,1,104677089,path,,,NON_MOTOR_VEHICLE,NON_MOTOR_VEHICLE,highway=path,VERY_LOW,TO_BE_RECONCILED,RESTRICTED_NOT_MODELLABLE,TO_BE_RECONCILED,TO_BE_RECONCILED,,False,71.349,False,False,
GEO_0593,46.553951652157934,13.322716014416924,831345.0838427003,5164681.490923257,1,1,117040752,path,,,NON_MOTOR_VEHICLE,NON_MOTOR_VEHICLE,highway=path,VERY_LOW,TO_BE_RECONCILED,RESTRICTED_NOT_MODELLABLE,TO_BE_RECONCILED,TO_BE_RECONCILED,,False,0.0,False,False,
GEO_0594,46.55509139332871,13.324704991478681,831490.5747744546,5164816.484764265,1,1,117220268,path,,,NON_MOTOR_VEHICLE,NON_MOTOR_VEHICLE,highway=path,VERY_LOW,TO_BE_RECONCILED,RESTRICTED_NOT_MODELLABLE,TO_BE_RECONCILED,TO_BE_RECONCILED,,False,0.0,False,False,
GEO_0595,46.56377886850595,13.338039917745228,832459.4341120565,5165837.869399383,3,2,38453873|241543055,track,,,AGRICULTURAL_TRACK,AGRICULTURAL_TRACK,highway=track; tracktype=grade2; surface=gravel || highway=track; tracktype=grade3,VERY_LOW,TO_BE_RECONCILED,RESTRICTED_NOT_MODELLABLE,TO_BE_RECONCILED,TO_BE_RECONCILED,,False,9.067,False,False,
GEO_0596,46.563834528397386,13.338707666221861,832510.2630835983,5165846.8720903,1,1,34630225,path,,,NON_MOTOR_VEHICLE,NON_MOTOR_VEHICLE,highway=path,VERY_LOW,TO_BE_RECONCILED,RESTRICTED_NOT_MODELLABLE,TO_BE_RECONCILED,TO_BE_RECONCILED,,False,0.0,False,False,
GEO_0597,46.56483425471598,13.339128907955402,832536.4230684091,5165959.720635178,1,1,117465867,path,,,NON_MOTOR_VEHICLE,NON_MOTOR_VEHICLE,highway=path,VERY_LOW,TO_BE_RECONCILED,RESTRICTED_NOT_MODELLABLE,TO_BE_RECONCILED,TO_BE_RECONCILED,,False,0.0,False,False,
GEO_0598,46.56987662663268,13.344539781196422,832920.1439277241,5166542.790355489,2,1,117465867,path,,,NON_MOTOR_VEHICLE,NON_MOTOR_VEHICLE,highway=path,VERY_LOW,TO_BE_RECONCILED,RESTRICTED_NOT_MODELLABLE,TO_BE_RECONCILED,TO_BE_RECONCILED,,False,17.038,False,False,
GEO_0599,46.5690962984572,13.358066510520962,833961.3792418963,5166513.367884892,3,1,117487905,path,,,NON_MOTOR_VEHICLE,NON_MOTOR_VEHICLE,highway=path,VERY_LOW,TO_BE_RECONCILED,RESTRICTED_NOT_MODELLABLE,TO_BE_RECONCILED,TO_BE_RECONCILED,,False,77.306,False,False,
GEO_0600,46.56999493943765,13.361977857854153,834255.5459110662,5166629.801089035,1,1,29955453,track,,,AGRICULTURAL_TRACK,AGRICULTURAL_TRACK,highway=track; tracktype=grade3,VERY_LOW,TO_BE_RECONCILED,RESTRICTED_NOT_MODELLABLE,TO_BE_RECONCILED,TO_BE_RECONCILED,,False,0.0,False,False,
GEO_0601,46.57003462892332,13.363334066618563,834359.2159049166,5166639.968111508,3,1,241543060,path,,,NON_MOTOR_VEHICLE,NON_MOTOR_VEHICLE,highway=path,VERY_LOW,TO_BE_RECONCILED,RESTRICTED_NOT_MODELLABLE,TO_BE_RECONCILED,TO_BE_RECONCILED,,False,136.826,False,False,
GEO_0602,46.57515750286808,13.369714093572755,834816.4750279046,5167236.228530453,1,1,142420046,path,,,NON_MOTOR_VEHICLE,NON_MOTOR_VEHICLE,highway=path,VERY_LOW,TO_BE_RECONCILED,RESTRICTED_NOT_MODELLABLE,TO_BE_RECONCILED,TO_BE_RECONCILED,,False,0.0,False,False,
GEO_0603,46.57697293709765,13.384422926084815,835932.1428713854,5167500.570300812,1,1,142312984,track,,,AGRICULTURAL_TRACK,AGRICULTURAL_TRACK,highway=track; tracktype=grade4,VERY_LOW,TO_BE_RECONCILED,RESTRICTED_NOT_MODELLABLE,TO_BE_RECONCILED,TO_BE_RECONCILED,,False,0.0,False,False,
GEO_0604,46.576708372527406,13.388395496777642,836238.1245021117,5167488.132952869,1,1,470779125,track,,,AGRICULTURAL_TRACK,AGRICULTURAL_TRACK,highway=track; tracktype=grade3; surface=ground,VERY_LOW,TO_BE_RECONCILED,RESTRICTED_NOT_MODELLABLE,TO_BE_RECONCILED,TO_BE_RECONCILED,,False,0.0,False,False,
GEO_0605,46.57623669499965,13.389600260280215,836333.3449365124,5167440.874750471,1,1,26976020,path,483,,NON_MOTOR_VEHICLE,NON_MOTOR_VEHICLE,highway=path; ref=483,VERY_LOW,TO_BE_RECONCILED,RESTRICTED_NOT_MODELLABLE,TO_BE_RECONCILED,TO_BE_RECONCILED,,False,0.0,False,False,
GEO_0606,46.575262838500755,13.393518041633,836639.5323084348,5167349.4208672615,1,1,449708463,track,,,AGRICULTURAL_TRACK,AGRICULTURAL_TRACK,highway=track; tracktype=grade3,VERY_LOW,TO_BE_RECONCILED,RESTRICTED_NOT_MODELLABLE,TO_BE_RECONCILED,TO_BE_RECONCILED,,False,0.0,False,False,
GEO_0607,46.57427013278369,13.395848298992242,836824.2192175647,5167249.09610242,4,1,26976020,path,483,,NON_MOTOR_VEHICLE,NON_MOTOR_VEHICLE,highway=path; ref=483,VERY_LOW,TO_BE_RECONCILED,RESTRICTED_NOT_MODELLABLE,TO_BE_RECONCILED,TO_BE_RECONCILED,,False,42.329,False,False,
GEO_0608,46.572333000902034,13.400483663307547,837191.3854909467,5167053.718740558,1,1,29954566,path,,,NON_MOTOR_VEHICLE,NON_MOTOR_VEHICLE,highway=path,VERY_LOW,TO_BE_RECONCILED,RESTRICTED_NOT_MODELLABLE,TO_BE_RECONCILED,TO_BE_RECONCILED,,False,0.0,False,False,
GEO_0609,46.288994835115936,13.380904723750104,837438.6034373385,5135491.467614466,2,1,324982930,path,,,NON_MOTOR_VEHICLE,NON_MOTOR_VEHICLE,highway=path,VERY_LOW,TO_BE_RECONCILED,RESTRICTED_NOT_MODELLABLE,TO_BE_RECONCILED,TO_BE_RECONCILED,,False,117.686,False,False,
GEO_0610,46.5721694336429,13.40417030323855,837474.8636647488,5167051.33927604,1,1,142334430,path,,,NON_MOTOR_VEHICLE,NON_MOTOR_VEHICLE,highway=path,VERY_LOW,TO_BE_RECONCILED,RESTRICTED_NOT_MODELLABLE,TO_BE_RECONCILED,TO_BE_RECONCILED,,False,0.0,False,False,
GEO_0611,46.57214333605812,13.40527948821962,837560.0092791987,5167053.19396951,1,1,26976020,path,483,,NON_MOTOR_VEHICLE,NON_MOTOR_VEHICLE,highway=path; ref=483,VERY_LOW,TO_BE_RECONCILED,RESTRICTED_NOT_MODELLABLE,TO_BE_RECONCILED,TO_BE_RECONCILED,,False,0.0,False,False,
GEO_0612,46.29056140555943,13.383787807345916,837651.0085256882,5135677.810549505,1,1,324982930,path,,,NON_MOTOR_VEHICLE,NON_MOTOR_VEHICLE,highway=path,VERY_LOW,TO_BE_RECONCILED,RESTRICTED_NOT_MODELLABLE,TO_BE_RECONCILED,TO_BE_RECONCILED,,False,0.0,False,False,
GEO_0613,46.572091377771265,13.409195405606148,837860.3618790514,5167064.215277662,4,1,26976020,path,483,,NON_MOTOR_VEHICLE,NON_MOTOR_VEHICLE,highway=path; ref=483,VERY_LOW,TO_BE_RECONCILED,RESTRICTED_NOT_MODELLABLE,TO_BE_RECONCILED,TO_BE_RECONCILED,,False,58.08,False,False,
GEO_0614,46.27849531364533,13.391754966269403,838339.0190265545,5134371.328149485,1,1,1159432755,path,,"Rio Bianco/Beli, Rio Nero/Črni",NON_MOTOR_VEHICLE,NON_MOTOR_VEHICLE,"highway=path; name=Rio Bianco/Beli, Rio Nero/Črni; bicycle=yes; foot=yes",VERY_LOW,TO_BE_RECONCILED,RESTRICTED_NOT_MODELLABLE,TO_BE_RECONCILED,TO_BE_RECONCILED,,False,0.0,False,False,
GEO_0615,46.55880904562286,13.423155700543804,839012.8597116674,5165648.542915048,1,1,304341633,path,,,NON_MOTOR_VEHICLE,NON_MOTOR_VEHICLE,highway=path,VERY_LOW,TO_BE_RECONCILED,RESTRICTED_NOT_MODELLABLE,TO_BE_RECONCILED,TO_BE_RECONCILED,,False,0.0,False,False,
GEO_0616,46.24377012635635,13.405914413776259,839644.5241164356,5130574.08647654,1,1,62332941,tertiary,,Ponte Vittorio Emanuele III,OPEN_ORDINARY,OPEN_ORDINARY,highway=tertiary; name=Ponte Vittorio Emanuele III; surface=asphalt,MEDIUM,TO_BE_RECONCILED,SECONDARY_BUT_POSSIBLY_MATERIAL,TO_BE_RECONCILED,TO_BE_RECONCILED,,False,0.0,False,False,
GEO_0617,46.22728636647915,13.4111302842377,840148.59580507,5128765.174224,1,1,1156310566,path,,,NON_MOTOR_VEHICLE,NON_MOTOR_VEHICLE,highway=path,VERY_LOW,TO_BE_RECONCILED,RESTRICTED_NOT_MODELLABLE,TO_BE_RECONCILED,TO_BE_RECONCILED,,False,0.0,False,False,
GEO_0618,46.2268496525421,13.41121802768041,840158.0638957879,5128717.0333938645,1,1,1156310567,path,,,NON_MOTOR_VEHICLE,NON_MOTOR_VEHICLE,highway=path,VERY_LOW,TO_BE_RECONCILED,RESTRICTED_NOT_MODELLABLE,TO_BE_RECONCILED,TO_BE_RECONCILED,,False,0.0,False,False,
GEO_0619,46.556907537413494,13.44299134666515,840544.9153532244,5165522.857099837,5,1,389580462,path,,,NON_MOTOR_VEHICLE,NON_MOTOR_VEHICLE,highway=path; foot=yes; smoothness=good; surface=sand,VERY_LOW,TO_BE_RECONCILED,RESTRICTED_NOT_MODELLABLE,TO_BE_RECONCILED,TO_BE_RECONCILED,,False,270.122,False,False,
GEO_0620,46.211625797787576,13.413745865161163,840447.230023186,5127036.567496629,1,1,41265420,tertiary,601,,OPEN_ORDINARY,OPEN_ORDINARY,highway=tertiary; ref=601; surface=asphalt,MEDIUM,TO_BE_RECONCILED,SECONDARY_BUT_POSSIBLY_MATERIAL,TO_BE_RECONCILED,TO_BE_RECONCILED,,False,0.0,False,False,
GEO_0621,46.321215335266835,13.423768488197187,840539.652778626,5139254.805407968,1,1,1158009278,path,,,NON_MOTOR_VEHICLE,NON_MOTOR_VEHICLE,highway=path,VERY_LOW,TO_BE_RECONCILED,RESTRICTED_NOT_MODELLABLE,TO_BE_RECONCILED,TO_BE_RECONCILED,,False,0.0,False,False,
GEO_0622,46.55661463282711,13.44628853755219,840799.4465629752,5165504.575843595,1,1,568866668,path,,,NON_MOTOR_VEHICLE,NON_MOTOR_VEHICLE,highway=path,VERY_LOW,TO_BE_RECONCILED,RESTRICTED_NOT_MODELLABLE,TO_BE_RECONCILED,TO_BE_RECONCILED,,False,0.0,False,False,
GEO_0623,46.55734428049699,13.44940598816741,841033.7869864802,5165599.132923098,2,1,568866668,path,,,NON_MOTOR_VEHICLE,NON_MOTOR_VEHICLE,highway=path,VERY_LOW,TO_BE_RECONCILED,RESTRICTED_NOT_MODELLABLE,TO_BE_RECONCILED,TO_BE_RECONCILED,,False,24.844,False,False,
GEO_0624,45.679095885715576,13.379730417404952,841080.1901174604,5067729.480949721,1,1,1289843898,footway,,,NON_MOTOR_VEHICLE,NON_MOTOR_VEHICLE,highway=footway; bicycle=dismount; surface=concrete,VERY_LOW,TO_BE_RECONCILED,RESTRICTED_NOT_MODELLABLE,TO_BE_RECONCILED,TO_BE_RECONCILED,,False,0.0,False,False,
GEO_0625,46.55901525835956,13.451194883658479,841160.3925345975,5165792.525052017,1,1,142061789,path,,,NON_MOTOR_VEHICLE,NON_MOTOR_VEHICLE,highway=path; foot=yes; tracktype=grade3; smoothness=good; surface=sand,VERY_LOW,TO_BE_RECONCILED,RESTRICTED_NOT_MODELLABLE,TO_BE_RECONCILED,TO_BE_RECONCILED,,False,0.0,False,False,
GEO_0626,46.559213920579595,13.451525618351752,841184.4911818419,5165816.029006779,1,1,568866668,path,,,NON_MOTOR_VEHICLE,NON_MOTOR_VEHICLE,highway=path,VERY_LOW,TO_BE_RECONCILED,RESTRICTED_NOT_MODELLABLE,TO_BE_RECONCILED,TO_BE_RECONCILED,,False,0.0,False,False,
GEO_0627,46.55929953789976,13.451715426294854,841198.4995861889,5165826.363308806,1,1,142061788,track,,,AGRICULTURAL_TRACK,AGRICULTURAL_TRACK,highway=track; tracktype=grade3; surface=gravel,VERY_LOW,TO_BE_RECONCILED,RESTRICTED_NOT_MODELLABLE,TO_BE_RECONCILED,TO_BE_RECONCILED,,False,0.0,False,False,
GEO_0628,46.55940129591397,13.45211537854927,841228.5111215913,5165839.401307077,1,1,568865761,path,,,NON_MOTOR_VEHICLE,NON_MOTOR_VEHICLE,highway=path,VERY_LOW,TO_BE_RECONCILED,RESTRICTED_NOT_MODELLABLE,TO_BE_RECONCILED,TO_BE_RECONCILED,,False,0.0,False,False,
GEO_0629,46.322126633043695,13.433647362085745,841294.3760858047,5139398.641672834,1,1,301635676,path,,,NON_MOTOR_VEHICLE,NON_MOTOR_VEHICLE,highway=path; surface=gravel,VERY_LOW,TO_BE_RECONCILED,RESTRICTED_NOT_MODELLABLE,TO_BE_RECONCILED,TO_BE_RECONCILED,,False,0.0,False,False,
GEO_0630,46.3543064169454,13.436935381345299,841346.7721124288,5142987.945449456,1,1,518866280,path,,,NON_MOTOR_VEHICLE,NON_MOTOR_VEHICLE,highway=path,VERY_LOW,TO_BE_RECONCILED,RESTRICTED_NOT_MODELLABLE,TO_BE_RECONCILED,TO_BE_RECONCILED,,False,0.0,False,False,
GEO_0631,46.35104591258028,13.440004790752493,841603.2455963864,5142638.9737791885,22,1,300966497,path,,,NON_MOTOR_VEHICLE,NON_MOTOR_VEHICLE,highway=path; motor_vehicle=no; bicycle=no; foot=yes,VERY_LOW,TO_BE_RECONCILED,RESTRICTED_NOT_MODELLABLE,TO_BE_RECONCILED,TO_BE_RECONCILED,,False,756.783,False,True,
GEO_0632,46.35719159398581,13.437506153236663,841372.6781709623,5143310.94845187,10,1,518866281,path,,,NON_MOTOR_VEHICLE,NON_MOTOR_VEHICLE,highway=path,VERY_LOW,TO_BE_RECONCILED,RESTRICTED_NOT_MODELLABLE,TO_BE_RECONCILED,TO_BE_RECONCILED,,False,325.673,False,False,
GEO_0633,46.55904891321131,13.454693076852871,841428.2693408772,5165811.42304919,2,1,568865761,path,,,NON_MOTOR_VEHICLE,NON_MOTOR_VEHICLE,highway=path,VERY_LOW,TO_BE_RECONCILED,RESTRICTED_NOT_MODELLABLE,TO_BE_RECONCILED,TO_BE_RECONCILED,,False,43.239,False,False,
GEO_0634,46.360209917985486,13.439012090933412,841469.6787135969,5143652.784886959,1,1,518866281,path,,,NON_MOTOR_VEHICLE,NON_MOTOR_VEHICLE,highway=path,VERY_LOW,TO_BE_RECONCILED,RESTRICTED_NOT_MODELLABLE,TO_BE_RECONCILED,TO_BE_RECONCILED,,False,0.0,False,False,
GEO_0635,46.321667811077866,13.436909605567282,841548.3351364455,5139361.753774104,1,1,301635676,path,,,NON_MOTOR_VEHICLE,NON_MOTOR_VEHICLE,highway=path; surface=gravel,VERY_LOW,TO_BE_RECONCILED,RESTRICTED_NOT_MODELLABLE,TO_BE_RECONCILED,TO_BE_RECONCILED,,False,0.0,False,False,
GEO_0636,46.36022262341644,13.440882261821024,841613.4479413748,5143662.279787024,3,1,363489440,path,,,NON_MOTOR_VEHICLE,NON_MOTOR_VEHICLE,highway=path,VERY_LOW,TO_BE_RECONCILED,RESTRICTED_NOT_MODELLABLE,TO_BE_RECONCILED,TO_BE_RECONCILED,,False,52.048,False,False,
GEO_0637,46.360754452170184,13.443689732587108,841826.0676963438,5143733.506432052,9,1,1084308958,path,,,NON_MOTOR_VEHICLE,NON_MOTOR_VEHICLE,highway=path; motor_vehicle=no; bicycle=no; foot=yes,VERY_LOW,TO_BE_RECONCILED,RESTRICTED_NOT_MODELLABLE,TO_BE_RECONCILED,TO_BE_RECONCILED,,False,323.776,False,False,
GEO_0638,46.322315996171106,13.439032848168555,841707.7216146381,5139442.939325513,2,2,301635665|302498782,path,,,NON_MOTOR_VEHICLE,NON_MOTOR_VEHICLE,highway=path; motor_vehicle=no; bicycle=no; foot=yes; surface=ground || highway=path; surface=gravel,VERY_LOW,TO_BE_RECONCILED,RESTRICTED_NOT_MODELLABLE,TO_BE_RECONCILED,TO_BE_RECONCILED,,False,5.755,False,False,
GEO_0639,46.323073252165415,13.439386593406239,841730.2257184886,5139528.597578345,1,1,152691395,path,,,NON_MOTOR_VEHICLE,NON_MOTOR_VEHICLE,highway=path,VERY_LOW,TO_BE_RECONCILED,RESTRICTED_NOT_MODELLABLE,TO_BE_RECONCILED,TO_BE_RECONCILED,,False,0.0,False,False,
GEO_0640,46.324092795664995,13.439960711251272,841768.0543252075,5139644.348049063,2,1,301635665,path,,,NON_MOTOR_VEHICLE,NON_MOTOR_VEHICLE,highway=path; surface=gravel,VERY_LOW,TO_BE_RECONCILED,RESTRICTED_NOT_MODELLABLE,TO_BE_RECONCILED,TO_BE_RECONCILED,,False,14.854,False,False,
GEO_0641,46.34560160308285,13.44236895193112,841819.1178193155,5142044.342599751,8,1,300966497,path,,,NON_MOTOR_VEHICLE,NON_MOTOR_VEHICLE,highway=path; motor_vehicle=no; bicycle=no; foot=yes,VERY_LOW,TO_BE_RECONCILED,RESTRICTED_NOT_MODELLABLE,TO_BE_RECONCILED,TO_BE_RECONCILED,,False,226.766,False,False,
GEO_0642,46.32606762956425,13.44149360631369,841873.712774779,5139870.374768802,1,1,301635665,path,,,NON_MOTOR_VEHICLE,NON_MOTOR_VEHICLE,highway=path; surface=gravel,VERY_LOW,TO_BE_RECONCILED,RESTRICTED_NOT_MODELLABLE,TO_BE_RECONCILED,TO_BE_RECONCILED,,False,0.0,False,False,
GEO_0643,46.360910916271905,13.444478389062946,841885.7509520962,5143754.300622819,1,1,363489439,path,,Via delle Cenge,NON_MOTOR_VEHICLE,NON_MOTOR_VEHICLE,highway=path; name=Via delle Cenge,VERY_LOW,TO_BE_RECONCILED,RESTRICTED_NOT_MODELLABLE,TO_BE_RECONCILED,TO_BE_RECONCILED,,False,0.0,False,False,
GEO_0644,45.67554600966164,13.390029335443954,841903.8612875626,5067379.113776264,1,1,1095867846,footway,,,NON_MOTOR_VEHICLE,NON_MOTOR_VEHICLE,highway=footway; node_barrier=gate; node_access=customers,VERY_LOW,TO_BE_RECONCILED,RESTRICTED_NOT_MODELLABLE,TO_BE_RECONCILED,TO_BE_RECONCILED,,False,0.0,False,False,
GEO_0645,46.55852614659491,13.461308578509628,841938.5460929046,5165782.04395221,1,1,568865761,path,,,NON_MOTOR_VEHICLE,NON_MOTOR_VEHICLE,highway=path,VERY_LOW,TO_BE_RECONCILED,RESTRICTED_NOT_MODELLABLE,TO_BE_RECONCILED,TO_BE_RECONCILED,,False,0.0,False,False,
GEO_0646,45.67566368591196,13.390864880882793,841968.2139993908,5067395.760923549,1,1,1095867817,footway,,,NON_MOTOR_VEHICLE,NON_MOTOR_VEHICLE,highway=footway,VERY_LOW,TO_BE_RECONCILED,RESTRICTED_NOT_MODELLABLE,TO_BE_RECONCILED,TO_BE_RECONCILED,,False,0.0,False,False,
GEO_0647,46.343088616292995,13.444155424167835,841972.2641021463,5141772.882325329,2,1,300966497,path,,,NON_MOTOR_VEHICLE,NON_MOTOR_VEHICLE,highway=path; motor_vehicle=no; bicycle=no; foot=yes,VERY_LOW,TO_BE_RECONCILED,RESTRICTED_NOT_MODELLABLE,TO_BE_RECONCILED,TO_BE_RECONCILED,,False,26.32,False,False,
GEO_0648,46.340620579326306,13.444507258645105,842014.7537653066,5141500.210941902,1,1,300966497,path,,,NON_MOTOR_VEHICLE,NON_MOTOR_VEHICLE,highway=path; motor_vehicle=no; bicycle=no; foot=yes,VERY_LOW,TO_BE_RECONCILED,RESTRICTED_NOT_MODELLABLE,TO_BE_RECONCILED,TO_BE_RECONCILED,,False,0.0,False,False,
GEO_0649,46.33962079905003,13.445509190812771,842098.0950632893,5141393.473380173,6,1,300966496,path,,,NON_MOTOR_VEHICLE,NON_MOTOR_VEHICLE,highway=path,VERY_LOW,TO_BE_RECONCILED,RESTRICTED_NOT_MODELLABLE,TO_BE_RECONCILED,TO_BE_RECONCILED,,False,156.763,False,False,
GEO_0650,45.6758652909144,13.393184957245788,842147.6661989361,5067428.085810823,1,1,1095867848,footway,,,NON_MOTOR_VEHICLE,NON_MOTOR_VEHICLE,highway=footway,VERY_LOW,TO_BE_RECONCILED,RESTRICTED_NOT_MODELLABLE,TO_BE_RECONCILED,TO_BE_RECONCILED,,False,0.0,False,False,
GEO_0651,45.675915132730026,13.393629065280123,842181.9480098975,5067435.52389618,1,1,1095867850,footway,,,NON_MOTOR_VEHICLE,NON_MOTOR_VEHICLE,highway=footway,VERY_LOW,TO_BE_RECONCILED,RESTRICTED_NOT_MODELLABLE,TO_BE_RECONCILED,TO_BE_RECONCILED,,False,0.0,False,False,
GEO_0652,46.33623626519399,13.447850385777947,842299.4011008536,5141027.594010401,8,1,300966496,path,,,NON_MOTOR_VEHICLE,NON_MOTOR_VEHICLE,highway=path,VERY_LOW,TO_BE_RECONCILED,RESTRICTED_NOT_MODELLABLE,TO_BE_RECONCILED,TO_BE_RECONCILED,,False,273.361,False,False,
GEO_0653,46.33325821736102,13.448247272358433,842348.560169162,5140698.45795322,2,1,300966493,path,,,NON_MOTOR_VEHICLE,NON_MOTOR_VEHICLE,highway=path,VERY_LOW,TO_BE_RECONCILED,RESTRICTED_NOT_MODELLABLE,TO_BE_RECONCILED,TO_BE_RECONCILED,,False,21.189,False,False,
GEO_0654,46.334885194756836,13.449360400269926,842424.0469691253,5140884.032567961,1,1,1213540724,path,,,NON_MOTOR_VEHICLE,NON_MOTOR_VEHICLE,highway=path,VERY_LOW,TO_BE_RECONCILED,RESTRICTED_NOT_MODELLABLE,TO_BE_RECONCILED,TO_BE_RECONCILED,,False,0.0,False,False,
GEO_0655,46.22558453639393,13.444353116974181,842720.8465459559,5128719.337589592,1,1,697799589,path,,,NON_MOTOR_VEHICLE,NON_MOTOR_VEHICLE,highway=path,VERY_LOW,TO_BE_RECONCILED,RESTRICTED_NOT_MODELLABLE,TO_BE_RECONCILED,TO_BE_RECONCILED,,False,0.0,False,False,
GEO_0656,45.67733595638185,13.406346754131707,843163.6713385403,5067647.887436515,1,1,1095867841,footway,,,NON_MOTOR_VEHICLE,NON_MOTOR_VEHICLE,highway=footway; surface=plastic,VERY_LOW,TO_BE_RECONCILED,RESTRICTED_NOT_MODELLABLE,TO_BE_RECONCILED,TO_BE_RECONCILED,,False,0.0,False,False,
GEO_0657,45.67753244774956,13.40884745352665,843357.2110779576,5067680.455214306,1,1,1095867835,footway,,,NON_MOTOR_VEHICLE,NON_MOTOR_VEHICLE,highway=footway; surface=plastic,VERY_LOW,TO_BE_RECONCILED,RESTRICTED_NOT_MODELLABLE,TO_BE_RECONCILED,TO_BE_RECONCILED,,False,0.0,False,False,
GEO_0658,46.56077458535512,13.480360777442172,843384.4335141743,5166114.736866191,1,1,219326478,track,,,AGRICULTURAL_TRACK,AGRICULTURAL_TRACK,highway=track; tracktype=grade4; surface=gravel,VERY_LOW,TO_BE_RECONCILED,RESTRICTED_NOT_MODELLABLE,TO_BE_RECONCILED,TO_BE_RECONCILED,,False,0.0,False,False,
GEO_0659,46.560977692867475,13.483083139469644,843591.7731645931,5166149.175413076,1,1,44909574,path,,,NON_MOTOR_VEHICLE,NON_MOTOR_VEHICLE,highway=path; tracktype=grade5,VERY_LOW,TO_BE_RECONCILED,RESTRICTED_NOT_MODELLABLE,TO_BE_RECONCILED,TO_BE_RECONCILED,,False,0.0,False,False,
GEO_0660,46.561074888357005,13.483409531732038,843616.1708665676,5166161.397789125,1,1,227686858,path,,,NON_MOTOR_VEHICLE,NON_MOTOR_VEHICLE,highway=path; surface=ground,VERY_LOW,TO_BE_RECONCILED,RESTRICTED_NOT_MODELLABLE,TO_BE_RECONCILED,TO_BE_RECONCILED,,False,0.0,False,False,
GEO_0661,46.361123998574016,13.469894422193805,843839.3178797724,5143888.255630876,1,1,621616439,path,,,NON_MOTOR_VEHICLE,NON_MOTOR_VEHICLE,highway=path,VERY_LOW,TO_BE_RECONCILED,RESTRICTED_NOT_MODELLABLE,TO_BE_RECONCILED,TO_BE_RECONCILED,,False,0.0,False,False,
GEO_0662,46.22489886086214,13.461735641005502,844065.4540329605,5128718.531461354,1,1,1497874274,track,,,AGRICULTURAL_TRACK,AGRICULTURAL_TRACK,highway=track,VERY_LOW,TO_BE_RECONCILED,RESTRICTED_NOT_MODELLABLE,TO_BE_RECONCILED,TO_BE_RECONCILED,,False,0.0,False,False,
GEO_0663,46.362591025242295,13.473516600849251,844108.692443884,5144067.007510802,2,1,439925245,path,,,NON_MOTOR_VEHICLE,NON_MOTOR_VEHICLE,highway=path; motor_vehicle=no; bicycle=no; foot=yes,VERY_LOW,TO_BE_RECONCILED,RESTRICTED_NOT_MODELLABLE,TO_BE_RECONCILED,TO_BE_RECONCILED,,False,96.857,False,False,
GEO_0664,46.22406920180679,13.464404678269716,844276.4544621096,5128637.958036771,1,1,225991657,track,,,AGRICULTURAL_TRACK,AGRICULTURAL_TRACK,highway=track; tracktype=grade3,VERY_LOW,TO_BE_RECONCILED,RESTRICTED_NOT_MODELLABLE,TO_BE_RECONCILED,TO_BE_RECONCILED,,False,0.0,False,False,
GEO_0665,46.36697712187815,13.480425705396149,844612.4630893883,5144584.405565277,2,1,1546798668,path,,,NON_MOTOR_VEHICLE,NON_MOTOR_VEHICLE,highway=path,VERY_LOW,TO_BE_RECONCILED,RESTRICTED_NOT_MODELLABLE,TO_BE_RECONCILED,TO_BE_RECONCILED,,False,13.467,False,False,
GEO_0666,46.36710729902601,13.48074690165656,844636.3452385031,5144600.268980642,1,1,1546798670,track,,,AGRICULTURAL_TRACK,AGRICULTURAL_TRACK,highway=track,VERY_LOW,TO_BE_RECONCILED,RESTRICTED_NOT_MODELLABLE,TO_BE_RECONCILED,TO_BE_RECONCILED,,False,0.0,False,False,
GEO_0667,46.3672350699807,13.480978417086556,844653.3453246236,5144615.4739599405,1,1,175039938,path,,Pot po dolini Krnice,NON_MOTOR_VEHICLE,NON_MOTOR_VEHICLE,highway=path; name=Pot po dolini Krnice; motor_vehicle=no; bicycle=no; foot=yes; surface=ground,VERY_LOW,TO_BE_RECONCILED,RESTRICTED_NOT_MODELLABLE,TO_BE_RECONCILED,TO_BE_RECONCILED,,False,0.0,False,False,
GEO_0668,46.56553298085125,13.498435484891218,844739.360704641,5166722.358026061,1,1,170859884,path,,,NON_MOTOR_VEHICLE,NON_MOTOR_VEHICLE,highway=path,VERY_LOW,TO_BE_RECONCILED,RESTRICTED_NOT_MODELLABLE,TO_BE_RECONCILED,TO_BE_RECONCILED,,False,0.0,False,False,
GEO_0669,46.56577697787952,13.499499767576678,844819.3641327242,5166754.125593013,1,1,93794187,path,,,NON_MOTOR_VEHICLE,NON_MOTOR_VEHICLE,highway=path; surface=paved,VERY_LOW,TO_BE_RECONCILED,RESTRICTED_NOT_MODELLABLE,TO_BE_RECONCILED,TO_BE_RECONCILED,,False,0.0,False,False,
GEO_0670,46.565966643930466,13.50330633735041,845109.8425487278,5166791.872539209,2,1,318283473,path,481,Oisternig Ostschulter,NON_MOTOR_VEHICLE,NON_MOTOR_VEHICLE,highway=path; ref=481; name=Oisternig Ostschulter; surface=ground,VERY_LOW,TO_BE_RECONCILED,RESTRICTED_NOT_MODELLABLE,TO_BE_RECONCILED,TO_BE_RECONCILED,,False,31.716,False,False,
GEO_0671,45.68144979977248,13.432568765675974,845180.3829390354,5068217.817513518,4,1,1067841087,path,,,NON_MOTOR_VEHICLE,NON_MOTOR_VEHICLE,highway=path; surface=ground,VERY_LOW,TO_BE_RECONCILED,RESTRICTED_NOT_MODELLABLE,TO_BE_RECONCILED,TO_BE_RECONCILED,,False,76.098,False,False,
GEO_0672,45.681278751542024,13.432515696602263,845177.3043076872,5068198.58609452,1,1,1067841091,path,,,NON_MOTOR_VEHICLE,NON_MOTOR_VEHICLE,highway=path; surface=ground,VERY_LOW,TO_BE_RECONCILED,RESTRICTED_NOT_MODELLABLE,TO_BE_RECONCILED,TO_BE_RECONCILED,,False,0.0,False,False,
GEO_0673,46.56582901297073,13.504258773441295,845183.6987063447,5166780.756330211,3,1,141642547,path,,,NON_MOTOR_VEHICLE,NON_MOTOR_VEHICLE,highway=path,VERY_LOW,TO_BE_RECONCILED,RESTRICTED_NOT_MODELLABLE,TO_BE_RECONCILED,TO_BE_RECONCILED,,False,8.405,False,False,
GEO_0674,45.68185471445449,13.43285294438558,845200.0168745501,5068264.027945204,1,1,1067841083,path,,,NON_MOTOR_VEHICLE,NON_MOTOR_VEHICLE,highway=path; surface=ground,VERY_LOW,TO_BE_RECONCILED,RESTRICTED_NOT_MODELLABLE,TO_BE_RECONCILED,TO_BE_RECONCILED,,False,0.0,False,False,
GEO_0675,45.680853788046434,13.432923193572831,845211.6547320292,5068153.135693897,1,1,620120261,path,,,NON_MOTOR_VEHICLE,NON_MOTOR_VEHICLE,highway=path; surface=ground,VERY_LOW,TO_BE_RECONCILED,RESTRICTED_NOT_MODELLABLE,TO_BE_RECONCILED,TO_BE_RECONCILED,,False,0.0,False,False,
GEO_0676,45.682235657057305,13.433586248770697,845254.7711165898,5068309.5153731285,1,1,1067841089,path,,,NON_MOTOR_VEHICLE,NON_MOTOR_VEHICLE,highway=path; surface=ground,VERY_LOW,TO_BE_RECONCILED,RESTRICTED_NOT_MODELLABLE,TO_BE_RECONCILED,TO_BE_RECONCILED,,False,0.0,False,False,
GEO_0677,46.22506179744239,13.477267817285043,845262.0849573044,5128804.230290492,1,1,494139058,path,,,NON_MOTOR_VEHICLE,NON_MOTOR_VEHICLE,highway=path,VERY_LOW,TO_BE_RECONCILED,RESTRICTED_NOT_MODELLABLE,TO_BE_RECONCILED,TO_BE_RECONCILED,,False,0.0,False,False,
GEO_0678,46.56097006838687,13.506293541101586,845370.5089197162,5166249.853370059,3,2,34630169|93794187,path|track,,,AGRICULTURAL_TRACK,AGRICULTURAL_TRACK|NON_MOTOR_VEHICLE,highway=path; surface=paved || highway=track; tracktype=grade2; surface=gravel,VERY_LOW,TO_BE_RECONCILED,RESTRICTED_NOT_MODELLABLE,TO_BE_RECONCILED,TO_BE_RECONCILED,,False,45.219,False,False,
GEO_0679,46.560386144172,13.5066752315583,845403.4718161148,5166186.653895963,1,1,994926825,track,,,AGRICULTURAL_TRACK,AGRICULTURAL_TRACK,highway=track; tracktype=grade3; surface=ground,VERY_LOW,TO_BE_RECONCILED,RESTRICTED_NOT_MODELLABLE,TO_BE_RECONCILED,TO_BE_RECONCILED,,False,0.0,False,False,
GEO_0680,46.55954057148341,13.507229073174663,845451.2919240338,5166095.14078876,1,1,1000312924,path,,,NON_MOTOR_VEHICLE,NON_MOTOR_VEHICLE,highway=path,VERY_LOW,TO_BE_RECONCILED,RESTRICTED_NOT_MODELLABLE,TO_BE_RECONCILED,TO_BE_RECONCILED,,False,0.0,False,False,
GEO_0681,46.55559474403311,13.509738016014467,845668.6698330495,5165667.7715575155,1,1,318283476,path,,,NON_MOTOR_VEHICLE,NON_MOTOR_VEHICLE,highway=path; surface=fine_gravel,VERY_LOW,TO_BE_RECONCILED,RESTRICTED_NOT_MODELLABLE,TO_BE_RECONCILED,TO_BE_RECONCILED,,False,0.0,False,False,
GEO_0682,46.553638721723814,13.51186741518851,845844.3186836379,5165459.807375625,3,1,318283476,path,,,NON_MOTOR_VEHICLE,NON_MOTOR_VEHICLE,highway=path; surface=fine_gravel,VERY_LOW,TO_BE_RECONCILED,RESTRICTED_NOT_MODELLABLE,TO_BE_RECONCILED,TO_BE_RECONCILED,,False,110.943,False,False,
GEO_0683,46.552202816507226,13.511718318183176,845842.0304226467,5165299.625146559,1,1,38025800,path,,,NON_MOTOR_VEHICLE,NON_MOTOR_VEHICLE,highway=path,VERY_LOW,TO_BE_RECONCILED,RESTRICTED_NOT_MODELLABLE,TO_BE_RECONCILED,TO_BE_RECONCILED,,False,0.0,False,False,
GEO_0684,46.551648495446805,13.512039655861306,845870.187873999,5165239.451677397,2,1,38025932,track,,Almweg,AGRICULTURAL_TRACK,AGRICULTURAL_TRACK,highway=track; name=Almweg; bicycle=yes; foot=yes; tracktype=grade2; smoothness=bad; surface=gravel; toll=no,VERY_LOW,TO_BE_RECONCILED,RESTRICTED_NOT_MODELLABLE,TO_BE_RECONCILED,TO_BE_RECONCILED,,False,87.275,False,False,
GEO_0685,46.370929925527236,13.497292335428057,845884.633240355,5145097.259706765,1,1,848935537,path,,,NON_MOTOR_VEHICLE,NON_MOTOR_VEHICLE,highway=path; motor_vehicle=no; bicycle=no; foot=yes; surface=gravel,VERY_LOW,TO_BE_RECONCILED,RESTRICTED_NOT_MODELLABLE,TO_BE_RECONCILED,TO_BE_RECONCILED,,False,0.0,False,False,
GEO_0686,45.68800537357281,13.446271694343622,846206.9092756358,5069005.366540676,2,1,151584116,footway,,,NON_MOTOR_VEHICLE,NON_MOTOR_VEHICLE,highway=footway; bicycle=yes; foot=yes; surface=concrete:lanes,VERY_LOW,TO_BE_RECONCILED,RESTRICTED_NOT_MODELLABLE,TO_BE_RECONCILED,TO_BE_RECONCILED,,False,147.476,False,False,
GEO_0687,46.548062387205924,13.515975886200417,846194.7300359311,5164858.331148341,1,1,132017511,track,,,AGRICULTURAL_TRACK,AGRICULTURAL_TRACK,highway=track; tracktype=grade3,VERY_LOW,TO_BE_RECONCILED,RESTRICTED_NOT_MODELLABLE,TO_BE_RECONCILED,TO_BE_RECONCILED,,False,0.0,False,False,
GEO_0688,46.54784512720073,13.516593304838459,846243.440183586,5164836.907562912,1,1,288952780,path,,,NON_MOTOR_VEHICLE,NON_MOTOR_VEHICLE,highway=path,VERY_LOW,TO_BE_RECONCILED,RESTRICTED_NOT_MODELLABLE,TO_BE_RECONCILED,TO_BE_RECONCILED,,False,0.0,False,False,
GEO_0689,46.547737837917175,13.516902124365387,846267.7953024723,5164826.345347673,1,1,141700153,path,,,NON_MOTOR_VEHICLE,NON_MOTOR_VEHICLE,highway=path,VERY_LOW,TO_BE_RECONCILED,RESTRICTED_NOT_MODELLABLE,TO_BE_RECONCILED,TO_BE_RECONCILED,,False,0.0,False,False,
GEO_0690,46.54746021091987,13.521922883581658,846654.4163853667,5164817.584540435,1,1,141700153,path,,,NON_MOTOR_VEHICLE,NON_MOTOR_VEHICLE,highway=path,VERY_LOW,TO_BE_RECONCILED,RESTRICTED_NOT_MODELLABLE,TO_BE_RECONCILED,TO_BE_RECONCILED,,False,0.0,False,False,
GEO_0691,46.376490756316336,13.508340773608369,846699.0181212546,5145763.486677531,1,1,1546893929,path,,Proti Hudemu Vršiču,NON_MOTOR_VEHICLE,NON_MOTOR_VEHICLE,highway=path; name=Proti Hudemu Vršiču; motor_vehicle=no; bicycle=no; foot=yes,VERY_LOW,TO_BE_RECONCILED,RESTRICTED_NOT_MODELLABLE,TO_BE_RECONCILED,TO_BE_RECONCILED,,False,0.0,False,False,
GEO_0692,46.00425564784333,13.478369532031948,846731.7738530856,5104278.37934658,1,1,25687295,secondary,402,Neblo,OPEN_ORDINARY,OPEN_ORDINARY,highway=secondary; ref=402; name=Neblo; access=yes; surface=asphalt,MEDIUM,TO_BE_RECONCILED,SECONDARY_BUT_POSSIBLY_MATERIAL,TO_BE_RECONCILED,TO_BE_RECONCILED,,False,0.0,False,False,
GEO_0693,46.21996336430387,13.49762350210732,846863.833925709,5128326.758167089,1,1,486055859,path,,,NON_MOTOR_VEHICLE,NON_MOTOR_VEHICLE,highway=path,VERY_LOW,TO_BE_RECONCILED,RESTRICTED_NOT_MODELLABLE,TO_BE_RECONCILED,TO_BE_RECONCILED,,False,0.0,False,False,
GEO_0694,46.217558923758595,13.49745853268268,846866.2823541891,5128058.910627313,1,1,479681136,primary,102,,OPEN_ORDINARY,OPEN_ORDINARY,highway=primary; ref=102; surface=asphalt,HIGH,TO_BE_RECONCILED,CORE_CANDIDATE,TO_BE_RECONCILED,TO_BE_RECONCILED,,False,0.0,False,False,
GEO_0695,45.711208149405344,13.461143505671416,847220.9081104447,5071647.562735816,1,1,1214279631,cycleway,,,NON_MOTOR_VEHICLE,NON_MOTOR_VEHICLE,highway=cycleway; bicycle=designated; smoothness=good; surface=concrete,VERY_LOW,TO_BE_RECONCILED,RESTRICTED_NOT_MODELLABLE,TO_BE_RECONCILED,TO_BE_RECONCILED,,False,0.0,False,False,
GEO_0696,46.54948607401268,13.530171303372853,847273.7296500577,5165078.9887917135,2,1,30360406,path,,,NON_MOTOR_VEHICLE,NON_MOTOR_VEHICLE,highway=path; foot=yes; surface=ground,VERY_LOW,TO_BE_RECONCILED,RESTRICTED_NOT_MODELLABLE,TO_BE_RECONCILED,TO_BE_RECONCILED,,False,93.579,False,False,
GEO_0697,45.71003544100125,13.461585095574478,847262.5531365309,5071519.202760092,3,2,186604410|301610460,cycleway|primary,SP19,,OPEN_ORDINARY,NON_MOTOR_VEHICLE|OPEN_ORDINARY,highway=cycleway; smoothness=good; surface=asphalt || highway=primary; ref=SP19; smoothness=excellent; surface=asphalt,HIGH,TO_BE_RECONCILED,CORE_CANDIDATE,TO_BE_RECONCILED,TO_BE_RECONCILED,,False,139.599,True,True,
GEO_0698,45.711205313931515,13.461329532585129,847235.4038656473,5071648.056344097,1,1,102910822,path,,,NON_MOTOR_VEHICLE,NON_MOTOR_VEHICLE,highway=path; surface=ground,VERY_LOW,TO_BE_RECONCILED,RESTRICTED_NOT_MODELLABLE,TO_BE_RECONCILED,TO_BE_RECONCILED,,False,0.0,False,False,
GEO_0699,45.99753050533193,13.48701358311725,847443.1555107423,5103568.992529181,1,1,320864196,unclassified,,,OPEN_LOCAL,OPEN_LOCAL,highway=unclassified; surface=asphalt,LOW,TO_BE_RECONCILED,MINOR_LIKELY_EXCLUDABLE,TO_BE_RECONCILED,TO_BE_RECONCILED,,False,0.0,False,False,
GEO_0700,46.54994170838923,13.534933725472913,847635.8507333524,5165150.6171621885,2,1,30360406,path,,,NON_MOTOR_VEHICLE,NON_MOTOR_VEHICLE,highway=path; foot=yes; surface=ground,VERY_LOW,TO_BE_RECONCILED,RESTRICTED_NOT_MODELLABLE,TO_BE_RECONCILED,TO_BE_RECONCILED,,False,94.386,False,False,
GEO_0701,45.70640483822646,13.467321117322141,847731.5432329118,5071140.819835618,1,1,1201521280,service,,,PRIVATE,PRIVATE,highway=service; access=private; service=driveway,VERY_LOW,TO_BE_RECONCILED,RESTRICTED_NOT_MODELLABLE,TO_BE_RECONCILED,TO_BE_RECONCILED,,False,0.0,False,False,
GEO_0702,46.05046501947127,13.496876034314498,847873.9451645559,5109492.909225198,1,1,320862865,tertiary,,,OPEN_ORDINARY,OPEN_ORDINARY,highway=tertiary,MEDIUM,TO_BE_RECONCILED,SECONDARY_BUT_POSSIBLY_MATERIAL,TO_BE_RECONCILED,TO_BE_RECONCILED,,False,0.0,False,False,
GEO_0703,46.04868280700184,13.496782115182162,847877.8908055595,5109294.502475527,1,1,425129727,unclassified,,,OPEN_LOCAL,OPEN_LOCAL,highway=unclassified,LOW,TO_BE_RECONCILED,MINOR_LIKELY_EXCLUDABLE,TO_BE_RECONCILED,TO_BE_RECONCILED,,False,0.0,False,False,
GEO_0704,46.38804193452635,13.52718187478747,848074.2219109111,5147129.660383587,1,1,710354745,path,,,NON_MOTOR_VEHICLE,NON_MOTOR_VEHICLE,highway=path,VERY_LOW,TO_BE_RECONCILED,RESTRICTED_NOT_MODELLABLE,TO_BE_RECONCILED,TO_BE_RECONCILED,,False,0.0,False,False,
GEO_0705,46.388233799133026,13.527382550674066,848088.4273368542,5147151.860533584,2,2,1077719611|1077719612,path,,,NON_MOTOR_VEHICLE,NON_MOTOR_VEHICLE,highway=path,VERY_LOW,TO_BE_RECONCILED,RESTRICTED_NOT_MODELLABLE,TO_BE_RECONCILED,TO_BE_RECONCILED,,False,6.903,False,False,
GEO_0706,46.019447320272214,13.49793023579973,848150.6021937805,5106051.610703707,1,1,178454650,track,,,AGRICULTURAL_TRACK,AGRICULTURAL_TRACK,highway=track; tracktype=grade3,VERY_LOW,TO_BE_RECONCILED,RESTRICTED_NOT_MODELLABLE,TO_BE_RECONCILED,TO_BE_RECONCILED,,False,0.0,False,False,
GEO_0707,46.55349836112468,13.54389098137251,848299.6134045708,5165585.329401595,4,1,30360396,path,,,NON_MOTOR_VEHICLE,NON_MOTOR_VEHICLE,highway=path,VERY_LOW,TO_BE_RECONCILED,RESTRICTED_NOT_MODELLABLE,TO_BE_RECONCILED,TO_BE_RECONCILED,,False,224.821,False,False,
GEO_0708,46.38736908291074,13.529077997795268,848224.2784695337,5147063.266678038,1,1,1077741556,path,,,NON_MOTOR_VEHICLE,NON_MOTOR_VEHICLE,highway=path,VERY_LOW,TO_BE_RECONCILED,RESTRICTED_NOT_MODELLABLE,TO_BE_RECONCILED,TO_BE_RECONCILED,,False,0.0,False,False,
GEO_0709,45.98506232328367,13.49632421217948,848242.3968207287,5102224.5770355025,1,1,470589874,track,,,AGRICULTURAL_TRACK,AGRICULTURAL_TRACK,highway=track,VERY_LOW,TO_BE_RECONCILED,RESTRICTED_NOT_MODELLABLE,TO_BE_RECONCILED,TO_BE_RECONCILED,,False,0.0,False,False,
GEO_0710,46.3868677305571,13.530130445199735,848308.3842514027,5147012.208566242,1,1,293080026,path,,,NON_MOTOR_VEHICLE,NON_MOTOR_VEHICLE,highway=path,VERY_LOW,TO_BE_RECONCILED,RESTRICTED_NOT_MODELLABLE,TO_BE_RECONCILED,TO_BE_RECONCILED,,False,0.0,False,False,
GEO_0711,45.98399717108749,13.497510256880258,848340.943811628,5102111.439460369,2,1,25102450,unclassified,,,OPEN_LOCAL,OPEN_LOCAL,highway=unclassified,LOW,TO_BE_RECONCILED,MINOR_LIKELY_EXCLUDABLE,TO_BE_RECONCILED,TO_BE_RECONCILED,,False,33.899,False,False,
GEO_0712,45.98396432235421,13.49754405009754,848343.7673876418,5102107.938175379,1,1,470589870,path,,,NON_MOTOR_VEHICLE,NON_MOTOR_VEHICLE,highway=path,VERY_LOW,TO_BE_RECONCILED,RESTRICTED_NOT_MODELLABLE,TO_BE_RECONCILED,TO_BE_RECONCILED,,False,0.0,False,False,
GEO_0713,46.38643149071852,13.531046207302976,848381.5680852309,5146967.782452235,1,1,181698913,path,,,NON_MOTOR_VEHICLE,NON_MOTOR_VEHICLE,highway=path,VERY_LOW,TO_BE_RECONCILED,RESTRICTED_NOT_MODELLABLE,TO_BE_RECONCILED,TO_BE_RECONCILED,,False,0.0,False,False,
GEO_0714,46.55333287881691,13.54601361200396,848463.3603267772,5165576.332838662,1,1,1446775866,track,,,AGRICULTURAL_TRACK,AGRICULTURAL_TRACK,highway=track; bicycle=yes; foot=yes; tracktype=grade2; smoothness=bad; surface=gravel,VERY_LOW,TO_BE_RECONCILED,RESTRICTED_NOT_MODELLABLE,TO_BE_RECONCILED,TO_BE_RECONCILED,,False,0.0,False,False,
GEO_0715,45.98275718078484,13.49967184825817,848516.14751676,5101983.155080605,4,1,25102450,unclassified,,,OPEN_LOCAL,OPEN_LOCAL,highway=unclassified,LOW,TO_BE_RECONCILED,MINOR_LIKELY_EXCLUDABLE,TO_BE_RECONCILED,TO_BE_RECONCILED,,False,55.202,False,False,
GEO_0716,45.98171570125183,13.500330305410573,848573.6926881513,5101870.338408371,1,1,59472594,tertiary,SR409,Località Plessiva,OPEN_ORDINARY,OPEN_ORDINARY,highway=tertiary; ref=SR409; name=Località Plessiva,MEDIUM,TO_BE_RECONCILED,SECONDARY_BUT_POSSIBLY_MATERIAL,TO_BE_RECONCILED,TO_BE_RECONCILED,,False,0.0,False,False,
GEO_0717,46.38548890290508,13.533932428468527,848609.4724516213,5146875.79865095,2,1,972701322,path,,,NON_MOTOR_VEHICLE,NON_MOTOR_VEHICLE,highway=path,VERY_LOW,TO_BE_RECONCILED,RESTRICTED_NOT_MODELLABLE,TO_BE_RECONCILED,TO_BE_RECONCILED,,False,29.508,False,False,
GEO_0718,46.06213328983887,13.508375261028391,848689.8514686325,5110839.6291951835,2,1,490303475,tertiary,,,OPEN_ORDINARY,OPEN_ORDINARY,highway=tertiary; surface=asphalt,MEDIUM,TO_BE_RECONCILED,SECONDARY_BUT_POSSIBLY_MATERIAL,TO_BE_RECONCILED,TO_BE_RECONCILED,,False,1.107,False,False,
GEO_0719,45.98045302085037,13.501936979538172,848706.0715130589,5101737.10568643,1,1,27254564,track,,,AGRICULTURAL_TRACK,AGRICULTURAL_TRACK,highway=track; tracktype=grade3; smoothness=very_horrible; surface=unpaved,VERY_LOW,TO_BE_RECONCILED,RESTRICTED_NOT_MODELLABLE,TO_BE_RECONCILED,TO_BE_RECONCILED,,False,0.0,False,False,
GEO_0720,46.55271454977246,13.55010448396089,848780.8690394654,5165525.744894659,4,1,241521101,path,,,NON_MOTOR_VEHICLE,NON_MOTOR_VEHICLE,highway=path,VERY_LOW,TO_BE_RECONCILED,RESTRICTED_NOT_MODELLABLE,TO_BE_RECONCILED,TO_BE_RECONCILED,,False,66.545,False,False,
GEO_0721,46.38596628358728,13.536576971997727,848809.7413340847,5146940.510572686,1,1,972701322,path,,,NON_MOTOR_VEHICLE,NON_MOTOR_VEHICLE,highway=path,VERY_LOW,TO_BE_RECONCILED,RESTRICTED_NOT_MODELLABLE,TO_BE_RECONCILED,TO_BE_RECONCILED,,False,0.0,False,False,
GEO_0722,46.38610791100564,13.536910719609624,848834.4960596045,5146957.719066283,1,1,972701321,path,,,NON_MOTOR_VEHICLE,NON_MOTOR_VEHICLE,highway=path,VERY_LOW,TO_BE_RECONCILED,RESTRICTED_NOT_MODELLABLE,TO_BE_RECONCILED,TO_BE_RECONCILED,,False,0.0,False,False,
GEO_0723,46.55222104267174,13.551476093862231,848889.1641971867,5165476.991760274,1,1,241521103,track,,,AGRICULTURAL_TRACK,AGRICULTURAL_TRACK,highway=track; bicycle=yes; foot=yes; tracktype=grade2; smoothness=bad; surface=gravel,VERY_LOW,TO_BE_RECONCILED,RESTRICTED_NOT_MODELLABLE,TO_BE_RECONCILED,TO_BE_RECONCILED,,False,0.0,False,False,
GEO_0724,46.04399325327925,13.509936308344313,848925.0251301494,5108831.213560477,3,1,205384287,track,,,AGRICULTURAL_TRACK,AGRICULTURAL_TRACK,highway=track; bicycle=yes; foot=yes; surface=gravel,VERY_LOW,TO_BE_RECONCILED,RESTRICTED_NOT_MODELLABLE,TO_BE_RECONCILED,TO_BE_RECONCILED,,False,70.205,False,False,
GEO_0725,45.98005110367453,13.506585020950599,849068.5994591056,5101712.848290666,1,1,27254561,path,,,NON_MOTOR_VEHICLE,NON_MOTOR_VEHICLE,highway=path; bicycle=yes; foot=yes; tracktype=grade4,VERY_LOW,TO_BE_RECONCILED,RESTRICTED_NOT_MODELLABLE,TO_BE_RECONCILED,TO_BE_RECONCILED,,False,0.0,False,False,
GEO_0726,46.3898794748371,13.541158825162896,849136.9958034058,5147395.502170097,1,1,972700378,path,,,NON_MOTOR_VEHICLE,NON_MOTOR_VEHICLE,highway=path,VERY_LOW,TO_BE_RECONCILED,RESTRICTED_NOT_MODELLABLE,TO_BE_RECONCILED,TO_BE_RECONCILED,,False,0.0,False,False,
GEO_0727,46.06256876161756,13.515895514451806,849268.6915049156,5110921.05788337,1,1,425159760,track,,,AGRICULTURAL_TRACK,AGRICULTURAL_TRACK,highway=track,VERY_LOW,TO_BE_RECONCILED,RESTRICTED_NOT_MODELLABLE,TO_BE_RECONCILED,TO_BE_RECONCILED,,False,0.0,False,False,
GEO_0728,46.21473335920594,13.528841113140981,849304.3980769629,5127882.920491818,1,1,218988592,path,,,NON_MOTOR_VEHICLE,NON_MOTOR_VEHICLE,highway=path,VERY_LOW,TO_BE_RECONCILED,RESTRICTED_NOT_MODELLABLE,TO_BE_RECONCILED,TO_BE_RECONCILED,,False,0.0,False,False,
GEO_0729,46.21272291145152,13.52916649094453,849342.264819446,5127661.00220089,4,1,180752357,path,,,NON_MOTOR_VEHICLE,NON_MOTOR_VEHICLE,highway=path; surface=ground,VERY_LOW,TO_BE_RECONCILED,RESTRICTED_NOT_MODELLABLE,TO_BE_RECONCILED,TO_BE_RECONCILED,,False,49.585,False,False,
GEO_0730,45.98010571356868,13.510633793472811,849381.8405225046,5101736.696542525,1,1,27254553,track,,,AGRICULTURAL_TRACK,AGRICULTURAL_TRACK,highway=track; tracktype=grade4,VERY_LOW,TO_BE_RECONCILED,RESTRICTED_NOT_MODELLABLE,TO_BE_RECONCILED,TO_BE_RECONCILED,,False,0.0,False,False,
GEO_0731,46.21214426721088,13.52988695188603,849401.5070244716,5127599.894806568,2,1,180752348,path,,,NON_MOTOR_VEHICLE,NON_MOTOR_VEHICLE,highway=path; surface=ground,VERY_LOW,TO_BE_RECONCILED,RESTRICTED_NOT_MODELLABLE,TO_BE_RECONCILED,TO_BE_RECONCILED,,False,17.995,False,False,
GEO_0732,46.55133411052037,13.558061023039114,849399.570800015,5165407.645142328,1,1,1411144755,path,,,NON_MOTOR_VEHICLE,NON_MOTOR_VEHICLE,highway=path; surface=ground,VERY_LOW,TO_BE_RECONCILED,RESTRICTED_NOT_MODELLABLE,TO_BE_RECONCILED,TO_BE_RECONCILED,,False,0.0,False,False,
GEO_0733,46.39286795959378,13.547645671637,849616.5502499829,5147756.213618356,1,1,183213664,path,,,NON_MOTOR_VEHICLE,NON_MOTOR_VEHICLE,highway=path,VERY_LOW,TO_BE_RECONCILED,RESTRICTED_NOT_MODELLABLE,TO_BE_RECONCILED,TO_BE_RECONCILED,,False,0.0,False,False,
GEO_0734,46.39265142073424,13.549549701397458,849764.3004677335,5147740.588409401,7,1,181661332,path,,,NON_MOTOR_VEHICLE,NON_MOTOR_VEHICLE,highway=path,VERY_LOW,TO_BE_RECONCILED,RESTRICTED_NOT_MODELLABLE,TO_BE_RECONCILED,TO_BE_RECONCILED,,False,205.12,False,False,
GEO_0735,46.550310674279714,13.56402761398643,849863.4782785568,5165320.4287856305,1,1,1411144755,path,,,NON_MOTOR_VEHICLE,NON_MOTOR_VEHICLE,highway=path; surface=ground,VERY_LOW,TO_BE_RECONCILED,RESTRICTED_NOT_MODELLABLE,TO_BE_RECONCILED,TO_BE_RECONCILED,,False,0.0,False,False,
GEO_0736,45.975127189531605,13.517440983359988,849940.4922176527,5101213.541198775,1,1,164588805,unclassified,,,OPEN_LOCAL,OPEN_LOCAL,highway=unclassified; surface=asphalt,LOW,TO_BE_RECONCILED,MINOR_LIKELY_EXCLUDABLE,TO_BE_RECONCILED,TO_BE_RECONCILED,,False,0.0,False,False,
GEO_0737,45.97458423013302,13.518239779055495,850005.7933555541,5101156.736721298,1,1,333388888,track,,,AGRICULTURAL_TRACK,AGRICULTURAL_TRACK,highway=track; tracktype=grade4,VERY_LOW,TO_BE_RECONCILED,RESTRICTED_NOT_MODELLABLE,TO_BE_RECONCILED,TO_BE_RECONCILED,,False,0.0,False,False,
GEO_0738,46.21342285720207,13.538351217628241,850046.1790948042,5127779.313779053,1,1,218988591,path,,,NON_MOTOR_VEHICLE,NON_MOTOR_VEHICLE,highway=path,VERY_LOW,TO_BE_RECONCILED,RESTRICTED_NOT_MODELLABLE,TO_BE_RECONCILED,TO_BE_RECONCILED,,False,0.0,False,False,
GEO_0739,46.547031531769235,13.567914728759849,850182.5474721263,5164973.394938573,1,1,34630219,path,,,NON_MOTOR_VEHICLE,NON_MOTOR_VEHICLE,highway=path,VERY_LOW,TO_BE_RECONCILED,RESTRICTED_NOT_MODELLABLE,TO_BE_RECONCILED,TO_BE_RECONCILED,,False,0.0,False,False,
GEO_0740,46.07017544372518,13.529478895560253,850270.9654427299,5111825.95990303,2,1,185410944,tertiary,,,OPEN_ORDINARY,OPEN_ORDINARY,highway=tertiary,MEDIUM,TO_BE_RECONCILED,SECONDARY_BUT_POSSIBLY_MATERIAL,TO_BE_RECONCILED,TO_BE_RECONCILED,,False,8.946,False,False,
GEO_0741,46.53962372931931,13.568774605208455,850296.1982257093,5164154.223199301,1,1,1348713211,path,,,NON_MOTOR_VEHICLE,NON_MOTOR_VEHICLE,highway=path,VERY_LOW,TO_BE_RECONCILED,RESTRICTED_NOT_MODELLABLE,TO_BE_RECONCILED,TO_BE_RECONCILED,,False,0.0,False,False,
GEO_0742,45.972975795849095,13.521866514346394,850296.8797401339,5100994.016978964,1,1,27251093,track,,,AGRICULTURAL_TRACK,AGRICULTURAL_TRACK,highway=track; tracktype=grade3,VERY_LOW,TO_BE_RECONCILED,RESTRICTED_NOT_MODELLABLE,TO_BE_RECONCILED,TO_BE_RECONCILED,,False,0.0,False,False,
GEO_0743,46.543177052651565,13.56916745108941,850303.4145798532,5164550.738572285,1,1,241521084,path,,,NON_MOTOR_VEHICLE,NON_MOTOR_VEHICLE,highway=path; surface=ground,VERY_LOW,TO_BE_RECONCILED,RESTRICTED_NOT_MODELLABLE,TO_BE_RECONCILED,TO_BE_RECONCILED,,False,0.0,False,False,
GEO_0744,46.54102712003806,13.56990286120386,850373.6478633927,5164315.155219907,1,1,241521084,path,,,NON_MOTOR_VEHICLE,NON_MOTOR_VEHICLE,highway=path; surface=ground,VERY_LOW,TO_BE_RECONCILED,RESTRICTED_NOT_MODELLABLE,TO_BE_RECONCILED,TO_BE_RECONCILED,,False,0.0,False,False,
GEO_0745,46.39752169322372,13.558150219657042,850394.1945529515,5148319.791382968,3,1,840971851,path,,,NON_MOTOR_VEHICLE,NON_MOTOR_VEHICLE,highway=path,VERY_LOW,TO_BE_RECONCILED,RESTRICTED_NOT_MODELLABLE,TO_BE_RECONCILED,TO_BE_RECONCILED,,False,28.558,False,False,
GEO_0746,45.973290051480376,13.524990819532446,850536.907396625,5101042.695779821,2,1,1284115345,track,,,AGRICULTURAL_TRACK,AGRICULTURAL_TRACK,highway=track,VERY_LOW,TO_BE_RECONCILED,RESTRICTED_NOT_MODELLABLE,TO_BE_RECONCILED,TO_BE_RECONCILED,,False,9.083,False,False,
GEO_0747,46.07297457737812,13.53412142093192,850612.189526331,5112157.422196297,2,1,185410944,tertiary,,,OPEN_ORDINARY,OPEN_ORDINARY,highway=tertiary,MEDIUM,TO_BE_RECONCILED,SECONDARY_BUT_POSSIBLY_MATERIAL,TO_BE_RECONCILED,TO_BE_RECONCILED,,False,15.25,False,False,
GEO_0748,46.538389047440575,13.574079203893858,850710.830100849,5164040.653729966,1,1,185446036,track,,,AGRICULTURAL_TRACK,AGRICULTURAL_TRACK,highway=track; smoothness=very_horrible,VERY_LOW,TO_BE_RECONCILED,RESTRICTED_NOT_MODELLABLE,TO_BE_RECONCILED,TO_BE_RECONCILED,,False,0.0,False,False,
GEO_0749,45.96789285780226,13.52702341263126,850728.488130311,5100452.05852098,1,1,363560417,track,,,AGRICULTURAL_TRACK,AGRICULTURAL_TRACK,highway=track,VERY_LOW,TO_BE_RECONCILED,RESTRICTED_NOT_MODELLABLE,TO_BE_RECONCILED,TO_BE_RECONCILED,,False,0.0,False,False,
GEO_0750,46.53826293065471,13.574908358970081,850775.210814316,5164030.333999575,1,1,273043006,track,,,AGRICULTURAL_TRACK,AGRICULTURAL_TRACK,highway=track; bicycle=yes; foot=yes; tracktype=grade4; smoothness=bad; surface=compacted,VERY_LOW,TO_BE_RECONCILED,RESTRICTED_NOT_MODELLABLE,TO_BE_RECONCILED,TO_BE_RECONCILED,,False,0.0,False,False,
GEO_0751,45.96707297250758,13.527813287995382,850794.8647308047,5100364.457333513,2,2,27251086|363559937,track,,,AGRICULTURAL_TRACK,AGRICULTURAL_TRACK,highway=track || highway=track; tracktype=grade4; surface=compacted,VERY_LOW,TO_BE_RECONCILED,RESTRICTED_NOT_MODELLABLE,TO_BE_RECONCILED,TO_BE_RECONCILED,,False,11.457,False,False,
GEO_0752,46.39835489003285,13.56486072346974,850904.638942945,5148442.156981057,2,1,840971851,path,,,NON_MOTOR_VEHICLE,NON_MOTOR_VEHICLE,highway=path,VERY_LOW,TO_BE_RECONCILED,RESTRICTED_NOT_MODELLABLE,TO_BE_RECONCILED,TO_BE_RECONCILED,,False,16.357,False,False,
GEO_0753,46.07629721925369,13.538342178858333,850917.4411557325,5112545.200296661,2,1,185410944,tertiary,,,OPEN_ORDINARY,OPEN_ORDINARY,highway=tertiary,MEDIUM,TO_BE_RECONCILED,SECONDARY_BUT_POSSIBLY_MATERIAL,TO_BE_RECONCILED,TO_BE_RECONCILED,,False,10.812,False,False,
GEO_0754,46.21016110350723,13.549621838579586,850936.2280032336,5127466.817541866,1,1,612396149,path,,,NON_MOTOR_VEHICLE,NON_MOTOR_VEHICLE,highway=path; foot=yes; surface=ground,VERY_LOW,TO_BE_RECONCILED,RESTRICTED_NOT_MODELLABLE,TO_BE_RECONCILED,TO_BE_RECONCILED,,False,0.0,False,False,
GEO_0755,46.208943231849766,13.552535581255444,851168.7371285413,5127344.430194623,1,1,1546706295,track,,,AGRICULTURAL_TRACK,AGRICULTURAL_TRACK,highway=track; tracktype=grade2; surface=gravel,VERY_LOW,TO_BE_RECONCILED,RESTRICTED_NOT_MODELLABLE,TO_BE_RECONCILED,TO_BE_RECONCILED,,False,0.0,False,False,
GEO_0756,46.208527721535276,13.55347334493647,851243.7207440715,5127302.426490577,2,1,286403426,path,,,NON_MOTOR_VEHICLE,NON_MOTOR_VEHICLE,highway=path,VERY_LOW,TO_BE_RECONCILED,RESTRICTED_NOT_MODELLABLE,TO_BE_RECONCILED,TO_BE_RECONCILED,,False,26.614,False,False,
GEO_0757,45.96595243997567,13.533543978648309,851245.9179089889,5100265.264494448,1,1,27251078,track,,,AGRICULTURAL_TRACK,AGRICULTURAL_TRACK,highway=track; tracktype=grade2,VERY_LOW,TO_BE_RECONCILED,RESTRICTED_NOT_MODELLABLE,TO_BE_RECONCILED,TO_BE_RECONCILED,,False,0.0,False,False,
GEO_0758,46.082555225361986,13.5436423474189,851287.4362019652,5113263.877054083,1,1,183173596,track,,,AGRICULTURAL_TRACK,AGRICULTURAL_TRACK,highway=track,VERY_LOW,TO_BE_RECONCILED,RESTRICTED_NOT_MODELLABLE,TO_BE_RECONCILED,TO_BE_RECONCILED,,False,0.0,False,False,
GEO_0759,46.54252647188685,13.584766354654217,851503.4001233603,5164547.948368769,4,1,125164674,path,,,NON_MOTOR_VEHICLE,NON_MOTOR_VEHICLE,highway=path,VERY_LOW,TO_BE_RECONCILED,RESTRICTED_NOT_MODELLABLE,TO_BE_RECONCILED,TO_BE_RECONCILED,,False,328.412,False,False,
GEO_0760,46.40808597607205,13.574581908390785,851589.1912656097,5149566.502037754,3,1,1225625203,path,,,NON_MOTOR_VEHICLE,NON_MOTOR_VEHICLE,highway=path; bicycle=no,VERY_LOW,TO_BE_RECONCILED,RESTRICTED_NOT_MODELLABLE,TO_BE_RECONCILED,TO_BE_RECONCILED,,False,33.273,False,False,
GEO_0761,46.40881459071615,13.575492386354437,851654.4686246503,5149651.504458121,4,1,285955416,path,,,NON_MOTOR_VEHICLE,NON_MOTOR_VEHICLE,highway=path; surface=ground,VERY_LOW,TO_BE_RECONCILED,RESTRICTED_NOT_MODELLABLE,TO_BE_RECONCILED,TO_BE_RECONCILED,,False,91.575,False,False,
GEO_0762,45.96521906376876,13.540052189536759,851754.770461098,5100212.553146241,1,1,292586610,track,,,AGRICULTURAL_TRACK,AGRICULTURAL_TRACK,highway=track,VERY_LOW,TO_BE_RECONCILED,RESTRICTED_NOT_MODELLABLE,TO_BE_RECONCILED,TO_BE_RECONCILED,,False,0.0,False,False,
GEO_0763,46.54479167777495,13.588875006059848,851803.7030208039,5164817.950487319,2,1,125164674,path,,,NON_MOTOR_VEHICLE,NON_MOTOR_VEHICLE,highway=path,VERY_LOW,TO_BE_RECONCILED,RESTRICTED_NOT_MODELLABLE,TO_BE_RECONCILED,TO_BE_RECONCILED,,False,35.395,False,False,
GEO_0764,46.42351554429398,13.578460334779589,851787.8092942871,5151297.96664395,2,1,441820012,path,,,NON_MOTOR_VEHICLE,NON_MOTOR_VEHICLE,highway=path; motor_vehicle=no; bicycle=no; foot=yes,VERY_LOW,TO_BE_RECONCILED,RESTRICTED_NOT_MODELLABLE,TO_BE_RECONCILED,TO_BE_RECONCILED,,False,4.86,False,False,
GEO_0765,46.42010485410956,13.578188695466405,851788.9209505909,5150917.836988146,1,1,311780875,path,,Kavernenbatterie Predilkopf,NON_MOTOR_VEHICLE,NON_MOTOR_VEHICLE,highway=path; name=Kavernenbatterie Predilkopf; surface=ground,VERY_LOW,TO_BE_RECONCILED,RESTRICTED_NOT_MODELLABLE,TO_BE_RECONCILED,TO_BE_RECONCILED,,False,0.0,False,False,
GEO_0766,46.41852122539855,13.57806259140593,851789.4374575773,5150741.337888991,2,2,216522358|216522366,secondary,SS54,,OPEN_ORDINARY,OPEN_ORDINARY,highway=secondary; ref=SS54; surface=asphalt,MEDIUM,TO_BE_RECONCILED,SECONDARY_BUT_POSSIBLY_MATERIAL,TO_BE_RECONCILED,TO_BE_RECONCILED,,False,4.712,False,False,
GEO_0767,46.42602817717397,13.579014818596498,851814.2117811453,5151579.5853184275,1,1,1220493393,path,,,NON_MOTOR_VEHICLE,NON_MOTOR_VEHICLE,highway=path; motor_vehicle=no; bicycle=no; foot=yes,VERY_LOW,TO_BE_RECONCILED,RESTRICTED_NOT_MODELLABLE,TO_BE_RECONCILED,TO_BE_RECONCILED,,False,0.0,False,False,
GEO_0768,45.96476869963679,13.542398779163463,851939.4245423158,5100172.900998531,1,1,25812086,tertiary,,,OPEN_ORDINARY,OPEN_ORDINARY,highway=tertiary; node_access=yes,MEDIUM,TO_BE_RECONCILED,SECONDARY_BUT_POSSIBLY_MATERIAL,TO_BE_RECONCILED,TO_BE_RECONCILED,,False,0.0,False,False,
GEO_0769,46.19904023123691,13.562310777943376,851986.0666367293,5126287.629931411,1,1,152437794,track,,,AGRICULTURAL_TRACK,AGRICULTURAL_TRACK,highway=track; tracktype=grade3,VERY_LOW,TO_BE_RECONCILED,RESTRICTED_NOT_MODELLABLE,TO_BE_RECONCILED,TO_BE_RECONCILED,,False,0.0,False,False,
GEO_0770,46.54600289843856,13.593155771322676,852123.9997247295,5164971.642926636,2,1,34772333,path,,,NON_MOTOR_VEHICLE,NON_MOTOR_VEHICLE,highway=path,VERY_LOW,TO_BE_RECONCILED,RESTRICTED_NOT_MODELLABLE,TO_BE_RECONCILED,TO_BE_RECONCILED,,False,2.211,False,False,
GEO_0771,45.96650044292317,13.546263028801773,852227.8025959802,5100382.394261983,1,1,179421717,track,,,AGRICULTURAL_TRACK,AGRICULTURAL_TRACK,highway=track; tracktype=grade3,VERY_LOW,TO_BE_RECONCILED,RESTRICTED_NOT_MODELLABLE,TO_BE_RECONCILED,TO_BE_RECONCILED,,False,0.0,False,False,
GEO_0772,45.77296742119524,13.530513390563152,852230.4738420225,5078812.454110221,1,1,1512615315,footway,,,NON_MOTOR_VEHICLE,NON_MOTOR_VEHICLE,highway=footway,VERY_LOW,TO_BE_RECONCILED,RESTRICTED_NOT_MODELLABLE,TO_BE_RECONCILED,TO_BE_RECONCILED,,False,0.0,False,False,
GEO_0773,45.80426393082822,13.533315872039289,852250.7517032368,5082301.656684331,4,2,1287172902|1288710571,footway|pedestrian,,Scalinata Norma Cossetto,NON_MOTOR_VEHICLE,NON_MOTOR_VEHICLE,highway=footway || highway=pedestrian; name=Scalinata Norma Cossetto; motor_vehicle=permit; bicycle=yes; foot=yes; surface=sett,VERY_LOW,TO_BE_RECONCILED,RESTRICTED_NOT_MODELLABLE,TO_BE_RECONCILED,TO_BE_RECONCILED,,False,82.861,False,False,
GEO_0774,45.96803275833156,13.546468733803517,852234.0066955191,5100553.536934787,1,1,323958245,track,,,AGRICULTURAL_TRACK,AGRICULTURAL_TRACK,highway=track,VERY_LOW,TO_BE_RECONCILED,RESTRICTED_NOT_MODELLABLE,TO_BE_RECONCILED,TO_BE_RECONCILED,,False,0.0,False,False,
GEO_0775,46.18751004280895,13.56526243229917,852287.5842226081,5125019.791545038,3,1,217947181,track,,,AGRICULTURAL_TRACK,AGRICULTURAL_TRACK,highway=track; tracktype=grade4,VERY_LOW,TO_BE_RECONCILED,RESTRICTED_NOT_MODELLABLE,TO_BE_RECONCILED,TO_BE_RECONCILED,,False,179.09,False,False,
GEO_0776,46.545751445346376,13.596489533899991,852381.1757328163,5164958.615793888,1,1,34772333,path,,,NON_MOTOR_VEHICLE,NON_MOTOR_VEHICLE,highway=path,VERY_LOW,TO_BE_RECONCILED,RESTRICTED_NOT_MODELLABLE,TO_BE_RECONCILED,TO_BE_RECONCILED,,False,0.0,False,False,
GEO_0777,46.0850599850798,13.559064678306495,852463.7192570348,5113610.511177018,2,1,1282569471,tertiary,606,Mišček,OPEN_ORDINARY,OPEN_ORDINARY,highway=tertiary; ref=606; name=Mišček; surface=gravel,MEDIUM,TO_BE_RECONCILED,SECONDARY_BUT_POSSIBLY_MATERIAL,TO_BE_RECONCILED,TO_BE_RECONCILED,,False,99.748,False,False,
GEO_0778,46.54572913762571,13.597108223483517,852428.7455201123,5164958.905471075,1,1,241521094,track,,,AGRICULTURAL_TRACK,AGRICULTURAL_TRACK,highway=track; bicycle=yes; foot=yes; tracktype=grade3; smoothness=bad; surface=gravel,VERY_LOW,TO_BE_RECONCILED,RESTRICTED_NOT_MODELLABLE,TO_BE_RECONCILED,TO_BE_RECONCILED,,False,0.0,False,False,
GEO_0779,46.545079130543385,13.598520466432955,852541.2163453952,5164893.010707556,2,1,30359202,track,,,AGRICULTURAL_TRACK,AGRICULTURAL_TRACK,highway=track; bicycle=yes; foot=yes; tracktype=grade4; smoothness=bad; surface=grass,VERY_LOW,TO_BE_RECONCILED,RESTRICTED_NOT_MODELLABLE,TO_BE_RECONCILED,TO_BE_RECONCILED,,False,50.432,False,False,
GEO_0780,45.801716198176514,13.539897035151764,852778.2079891183,5082047.709944184,1,1,1495923063,footway,,,NON_MOTOR_VEHICLE,NON_MOTOR_VEHICLE,highway=footway; bicycle=permissive; smoothness=good; surface=asphalt,VERY_LOW,TO_BE_RECONCILED,RESTRICTED_NOT_MODELLABLE,TO_BE_RECONCILED,TO_BE_RECONCILED,,False,0.0,False,False,
GEO_0781,46.43652630224752,13.593071358186075,852826.1967288997,5152808.65512139,3,1,1324852557,path,,,NON_MOTOR_VEHICLE,NON_MOTOR_VEHICLE,highway=path; motor_vehicle=no; bicycle=no; foot=yes,VERY_LOW,TO_BE_RECONCILED,RESTRICTED_NOT_MODELLABLE,TO_BE_RECONCILED,TO_BE_RECONCILED,,False,72.978,False,False,
GEO_0782,45.96970489188419,13.553971905078424,852804.6291318655,5100772.559781458,2,1,178456198,track,,Località Giasbana 22,AGRICULTURAL_TRACK,AGRICULTURAL_TRACK,highway=track; name=Località Giasbana 22; tracktype=grade2,VERY_LOW,TO_BE_RECONCILED,RESTRICTED_NOT_MODELLABLE,TO_BE_RECONCILED,TO_BE_RECONCILED,,False,14.875,False,False,
GEO_0783,45.80150415663076,13.540227416286601,852805.2202147825,5082025.614992794,1,1,657340569,steps,,,NON_MOTOR_VEHICLE,NON_MOTOR_VEHICLE,highway=steps,VERY_LOW,TO_BE_RECONCILED,RESTRICTED_NOT_MODELLABLE,TO_BE_RECONCILED,TO_BE_RECONCILED,,False,0.0,False,False,
GEO_0784,45.79183531499081,13.539678566623625,852823.7126903513,5080949.04486922,2,1,1358889641,service,,,OPEN_LOCAL,OPEN_LOCAL,highway=service; service=driveway,VERY_LOW,TO_BE_RECONCILED,MINOR_LIKELY_EXCLUDABLE,TO_BE_RECONCILED,TO_BE_RECONCILED,,False,18.699,False,False,
GEO_0785,46.18489366928065,13.571954784967462,852820.739494342,5124758.899049451,1,1,553528121,path,,,NON_MOTOR_VEHICLE,NON_MOTOR_VEHICLE,highway=path,VERY_LOW,TO_BE_RECONCILED,RESTRICTED_NOT_MODELLABLE,TO_BE_RECONCILED,TO_BE_RECONCILED,,False,0.0,False,False,
GEO_0786,46.543147213298774,13.602329241003977,852845.720295321,5164695.432352841,1,1,879312541,path,,,NON_MOTOR_VEHICLE,NON_MOTOR_VEHICLE,highway=path; surface=ground,VERY_LOW,TO_BE_RECONCILED,RESTRICTED_NOT_MODELLABLE,TO_BE_RECONCILED,TO_BE_RECONCILED,,False,0.0,False,False,
GEO_0787,45.80022886012792,13.541930500056104,852945.6217520362,5081891.473428779,1,1,150752541,footway,,,NON_MOTOR_VEHICLE,NON_MOTOR_VEHICLE,highway=footway; foot=yes,VERY_LOW,TO_BE_RECONCILED,RESTRICTED_NOT_MODELLABLE,TO_BE_RECONCILED,TO_BE_RECONCILED,,False,0.0,False,False,
GEO_0788,45.79513158652985,13.542048317339285,852987.0256267868,5081325.7225266285,4,1,1358889627,service,,,OPEN_LOCAL,OPEN_LOCAL,highway=service; service=driveway,VERY_LOW,TO_BE_RECONCILED,MINOR_LIKELY_EXCLUDABLE,TO_BE_RECONCILED,TO_BE_RECONCILED,,False,74.414,False,False,
GEO_0789,45.799094317889896,13.542970530520412,853033.6156015231,5081770.03647792,1,1,653534354,footway,,,NON_MOTOR_VEHICLE,NON_MOTOR_VEHICLE,highway=footway; vehicle=no; bicycle=permissive; smoothness=good; surface=asphalt; node_barrier=cycle_barrier,VERY_LOW,TO_BE_RECONCILED,RESTRICTED_NOT_MODELLABLE,TO_BE_RECONCILED,TO_BE_RECONCILED,,False,0.0,False,False,
GEO_0790,46.54333575144078,13.605176201158203,853062.7372572775,5164729.135317476,1,1,851264613,path,,,NON_MOTOR_VEHICLE,NON_MOTOR_VEHICLE,highway=path,VERY_LOW,TO_BE_RECONCILED,RESTRICTED_NOT_MODELLABLE,TO_BE_RECONCILED,TO_BE_RECONCILED,,False,0.0,False,False,
GEO_0791,46.43871216391608,13.598936142792397,853262.508191321,5153077.738494449,1,1,1215451286,path,,,NON_MOTOR_VEHICLE,NON_MOTOR_VEHICLE,highway=path; motor_vehicle=no; bicycle=no; foot=yes,VERY_LOW,TO_BE_RECONCILED,RESTRICTED_NOT_MODELLABLE,TO_BE_RECONCILED,TO_BE_RECONCILED,,False,0.0,False,False,
GEO_0792,46.438549583024624,13.599089078904761,853275.3074268486,5153060.360886841,1,1,1305306721,path,,,NON_MOTOR_VEHICLE,NON_MOTOR_VEHICLE,highway=path; motor_vehicle=no; bicycle=no; foot=yes,VERY_LOW,TO_BE_RECONCILED,RESTRICTED_NOT_MODELLABLE,TO_BE_RECONCILED,TO_BE_RECONCILED,,False,0.0,False,False,
GEO_0793,46.438347172477606,13.599279481859787,853291.2423595275,5153038.726082759,1,1,1221254340,path,,,NON_MOTOR_VEHICLE,NON_MOTOR_VEHICLE,highway=path; motor_vehicle=no; bicycle=no; foot=yes,VERY_LOW,TO_BE_RECONCILED,RESTRICTED_NOT_MODELLABLE,TO_BE_RECONCILED,TO_BE_RECONCILED,,False,0.0,False,False,
GEO_0794,46.5436583814295,13.608282857811886,853298.7886114549,5164778.908307072,1,1,163713366,track,,,AGRICULTURAL_TRACK,AGRICULTURAL_TRACK,highway=track; tracktype=grade2,VERY_LOW,TO_BE_RECONCILED,RESTRICTED_NOT_MODELLABLE,TO_BE_RECONCILED,TO_BE_RECONCILED,,False,0.0,False,False,
GEO_0795,46.438462101925076,13.600171430255932,853359.0049608074,5153055.488394323,3,1,1305308720,path,,,NON_MOTOR_VEHICLE,NON_MOTOR_VEHICLE,highway=path; motor_vehicle=no; bicycle=no; foot=yes,VERY_LOW,TO_BE_RECONCILED,RESTRICTED_NOT_MODELLABLE,TO_BE_RECONCILED,TO_BE_RECONCILED,,False,38.48,False,False,
GEO_0796,46.54369712984132,13.609744124062912,853410.5530015114,5164789.768368482,1,1,127632797,track,,,AGRICULTURAL_TRACK,AGRICULTURAL_TRACK,highway=track; bicycle=yes; foot=yes; tracktype=grade2; smoothness=bad; surface=gravel,VERY_LOW,TO_BE_RECONCILED,RESTRICTED_NOT_MODELLABLE,TO_BE_RECONCILED,TO_BE_RECONCILED,,False,0.0,False,False,
GEO_0797,46.43963111478044,13.603885931674608,853636.7221446864,5153202.003676481,1,1,961205050,path,,,NON_MOTOR_VEHICLE,NON_MOTOR_VEHICLE,highway=path,VERY_LOW,TO_BE_RECONCILED,RESTRICTED_NOT_MODELLABLE,TO_BE_RECONCILED,TO_BE_RECONCILED,,False,0.0,False,False,
GEO_0798,46.439741417646374,13.604020483834432,853646.3412142842,5153214.861082531,1,1,931996321,path,,,NON_MOTOR_VEHICLE,NON_MOTOR_VEHICLE,highway=path,VERY_LOW,TO_BE_RECONCILED,RESTRICTED_NOT_MODELLABLE,TO_BE_RECONCILED,TO_BE_RECONCILED,,False,0.0,False,False,
GEO_0799,45.96898040265992,13.56538168907705,853693.1230024223,5100742.753107266,2,1,335179512,service,,,OPEN_LOCAL,OPEN_LOCAL,highway=service; service=driveway; tracktype=grade2; surface=gravel,VERY_LOW,TO_BE_RECONCILED,MINOR_LIKELY_EXCLUDABLE,TO_BE_RECONCILED,TO_BE_RECONCILED,,False,29.226,False,False,
GEO_0800,46.44012311541838,13.604639572344592,853691.4148069458,5153260.041613687,1,1,931996322,path,,,NON_MOTOR_VEHICLE,NON_MOTOR_VEHICLE,highway=path,VERY_LOW,TO_BE_RECONCILED,RESTRICTED_NOT_MODELLABLE,TO_BE_RECONCILED,TO_BE_RECONCILED,,False,0.0,False,False,
GEO_0801,46.18979365140635,13.58644423065379,853907.2875736469,5125367.882950686,2,2,425206764|452206084,path|tertiary,,,OPEN_ORDINARY,NON_MOTOR_VEHICLE|OPEN_ORDINARY,highway=path || highway=tertiary; surface=asphalt; maxweight=7.5 t,MEDIUM,TO_BE_RECONCILED,SECONDARY_BUT_POSSIBLY_MATERIAL,TO_BE_RECONCILED,TO_BE_RECONCILED,,False,7.62,True,True,
GEO_0802,45.96810359796246,13.568236191407472,853919.8490320966,5100658.0441472195,2,1,66099965,tertiary,,Località Valerisce,OPEN_ORDINARY,OPEN_ORDINARY,highway=tertiary; name=Località Valerisce,MEDIUM,TO_BE_RECONCILED,SECONDARY_BUT_POSSIBLY_MATERIAL,TO_BE_RECONCILED,TO_BE_RECONCILED,,False,10.31,False,False,
GEO_0803,45.968736138294815,13.568609317126235,853944.7174008798,5100729.976301667,1,1,27333214,unclassified,,,OPEN_LOCAL,OPEN_LOCAL,highway=unclassified,LOW,TO_BE_RECONCILED,MINOR_LIKELY_EXCLUDABLE,TO_BE_RECONCILED,TO_BE_RECONCILED,,False,0.0,False,False,
GEO_0804,46.44106286199253,13.609572230242435,854064.1602083727,5153386.568009951,3,1,1317091064,path,,,NON_MOTOR_VEHICLE,NON_MOTOR_VEHICLE,highway=path,VERY_LOW,TO_BE_RECONCILED,RESTRICTED_NOT_MODELLABLE,TO_BE_RECONCILED,TO_BE_RECONCILED,,False,136.725,False,False,
GEO_0805,46.19075742585476,13.58906122837347,854103.00485721,5125486.646684183,1,1,452201004,path,,,NON_MOTOR_VEHICLE,NON_MOTOR_VEHICLE,highway=path,VERY_LOW,TO_BE_RECONCILED,RESTRICTED_NOT_MODELLABLE,TO_BE_RECONCILED,TO_BE_RECONCILED,,False,0.0,False,False,
GEO_0806,46.54252311069577,13.61911848757955,854136.8127354388,5164701.439937594,1,1,30358644,path,,,NON_MOTOR_VEHICLE,NON_MOTOR_VEHICLE,highway=path; surface=ground,VERY_LOW,TO_BE_RECONCILED,RESTRICTED_NOT_MODELLABLE,TO_BE_RECONCILED,TO_BE_RECONCILED,,False,0.0,False,False,
GEO_0807,46.18808138591757,13.590145131716776,854203.8583491427,5125194.194850865,1,1,452201001,path,,,NON_MOTOR_VEHICLE,NON_MOTOR_VEHICLE,highway=path,VERY_LOW,TO_BE_RECONCILED,RESTRICTED_NOT_MODELLABLE,TO_BE_RECONCILED,TO_BE_RECONCILED,,False,0.0,False,False,
GEO_0808,46.09935051556387,13.582890885674425,854213.9008059704,5115304.197103568,1,1,425159756,tertiary,,,OPEN_ORDINARY,OPEN_ORDINARY,highway=tertiary,MEDIUM,TO_BE_RECONCILED,SECONDARY_BUT_POSSIBLY_MATERIAL,TO_BE_RECONCILED,TO_BE_RECONCILED,,False,0.0,False,False,
GEO_0809,46.18857165748203,13.593398661316005,854451.7403503391,5125263.211206911,1,1,452204592,path,,,NON_MOTOR_VEHICLE,NON_MOTOR_VEHICLE,highway=path,VERY_LOW,TO_BE_RECONCILED,RESTRICTED_NOT_MODELLABLE,TO_BE_RECONCILED,TO_BE_RECONCILED,,False,0.0,False,False,
GEO_0810,46.54171357188818,13.62554326202434,854634.6087598219,5164640.406870847,1,1,30358644,path,,,NON_MOTOR_VEHICLE,NON_MOTOR_VEHICLE,highway=path; surface=ground,VERY_LOW,TO_BE_RECONCILED,RESTRICTED_NOT_MODELLABLE,TO_BE_RECONCILED,TO_BE_RECONCILED,,False,0.0,False,False,
GEO_0811,46.188289967569496,13.59610375456046,854662.2767958166,5125244.021324347,1,1,452204592,path,,,NON_MOTOR_VEHICLE,NON_MOTOR_VEHICLE,highway=path,VERY_LOW,TO_BE_RECONCILED,RESTRICTED_NOT_MODELLABLE,TO_BE_RECONCILED,TO_BE_RECONCILED,,False,0.0,False,False,
GEO_0812,46.540820772742165,13.628954336028736,854901.930101764,5164556.581602125,1,1,339563052,path,,Faligi,NON_MOTOR_VEHICLE,NON_MOTOR_VEHICLE,highway=path; name=Faligi; access=yes; vehicle=no; motor_vehicle=no; motorcar=no; hgv=no; bicycle=no; foot=yes; smoothness=impassable; surface=ground,VERY_LOW,TO_BE_RECONCILED,RESTRICTED_NOT_MODELLABLE,TO_BE_RECONCILED,TO_BE_RECONCILED,,False,0.0,False,False,
GEO_0813,46.187385727137155,13.599772987379547,854951.2230656003,5125159.99453859,1,1,452203512,path,,,NON_MOTOR_VEHICLE,NON_MOTOR_VEHICLE,highway=path,VERY_LOW,TO_BE_RECONCILED,RESTRICTED_NOT_MODELLABLE,TO_BE_RECONCILED,TO_BE_RECONCILED,,False,0.0,False,False,
GEO_0814,45.98591610186182,13.583038060392056,854952.463467085,5102702.889170768,1,1,25410090,tertiary,,Hum,OPEN_ORDINARY,OPEN_ORDINARY,highway=tertiary; name=Hum; surface=asphalt,MEDIUM,TO_BE_RECONCILED,SECONDARY_BUT_POSSIBLY_MATERIAL,TO_BE_RECONCILED,TO_BE_RECONCILED,,False,0.0,False,False,
GEO_0815,46.540108533263194,13.629689876778546,854962.9685464613,5164480.767558926,1,1,127632798,track,,,AGRICULTURAL_TRACK,AGRICULTURAL_TRACK,highway=track; tracktype=grade3,VERY_LOW,TO_BE_RECONCILED,RESTRICTED_NOT_MODELLABLE,TO_BE_RECONCILED,TO_BE_RECONCILED,,False,0.0,False,False,
GEO_0816,46.187245669778065,13.600852681471503,855035.4360076557,5125149.272031931,1,1,145241388,path,,,NON_MOTOR_VEHICLE,NON_MOTOR_VEHICLE,highway=path,VERY_LOW,TO_BE_RECONCILED,RESTRICTED_NOT_MODELLABLE,TO_BE_RECONCILED,TO_BE_RECONCILED,,False,0.0,False,False,
GEO_0817,45.84801567524115,13.572986532313585,855054.2486809216,5087338.168497568,1,1,47438395,path,,,NON_MOTOR_VEHICLE,NON_MOTOR_VEHICLE,highway=path; surface=compacted,VERY_LOW,TO_BE_RECONCILED,RESTRICTED_NOT_MODELLABLE,TO_BE_RECONCILED,TO_BE_RECONCILED,,False,0.0,False,False,
GEO_0818,45.848844770412924,13.573439508432987,855084.1298240632,5087432.293806539,1,1,457410924,path,,,NON_MOTOR_VEHICLE,NON_MOTOR_VEHICLE,highway=path; surface=compacted,VERY_LOW,TO_BE_RECONCILED,RESTRICTED_NOT_MODELLABLE,TO_BE_RECONCILED,TO_BE_RECONCILED,,False,0.0,False,False,
GEO_0819,45.8500342924755,13.57403832159226,855123.0333169284,5087567.110274917,1,1,43994878,track,,,AGRICULTURAL_TRACK,AGRICULTURAL_TRACK,highway=track; bicycle=yes; foot=yes; tracktype=grade3; surface=gravel,VERY_LOW,TO_BE_RECONCILED,RESTRICTED_NOT_MODELLABLE,TO_BE_RECONCILED,TO_BE_RECONCILED,,False,0.0,False,False,
GEO_0820,45.84356010505636,13.574414398238297,855193.5176726251,5086849.546951592,1,1,47438395,path,,,NON_MOTOR_VEHICLE,NON_MOTOR_VEHICLE,highway=path; surface=compacted,VERY_LOW,TO_BE_RECONCILED,RESTRICTED_NOT_MODELLABLE,TO_BE_RECONCILED,TO_BE_RECONCILED,,False,0.0,False,False,
GEO_0821,45.84329192454269,13.574439094855988,855197.1453790742,5086819.863948033,1,1,39669498,track,,,RESTRICTED,RESTRICTED,highway=track; motor_vehicle=no; bicycle=yes; foot=yes; tracktype=grade3; surface=compacted,VERY_LOW,TO_BE_RECONCILED,RESTRICTED_NOT_MODELLABLE,TO_BE_RECONCILED,TO_BE_RECONCILED,,False,0.0,False,False,
GEO_0822,45.85424233356906,13.576888241552036,855317.4309571598,5088047.30072367,3,1,43994880,track,,,AGRICULTURAL_TRACK,AGRICULTURAL_TRACK,highway=track; bicycle=yes; tracktype=grade3; surface=gravel,VERY_LOW,TO_BE_RECONCILED,RESTRICTED_NOT_MODELLABLE,TO_BE_RECONCILED,TO_BE_RECONCILED,,False,174.597,False,False,
GEO_0823,45.85548553412599,13.576159752947135,855252.9470218922,5088182.163604092,1,1,47438394,path,,,NON_MOTOR_VEHICLE,NON_MOTOR_VEHICLE,highway=path; surface=compacted,VERY_LOW,TO_BE_RECONCILED,RESTRICTED_NOT_MODELLABLE,TO_BE_RECONCILED,TO_BE_RECONCILED,,False,0.0,False,False,
GEO_0824,45.85698197592133,13.577071718799864,855314.1891140683,5088352.474895818,2,1,200466789,path,,,NON_MOTOR_VEHICLE,NON_MOTOR_VEHICLE,highway=path; surface=compacted,VERY_LOW,TO_BE_RECONCILED,RESTRICTED_NOT_MODELLABLE,TO_BE_RECONCILED,TO_BE_RECONCILED,,False,32.799,False,False,
GEO_0825,45.857183582524016,13.57725654539091,855327.2493609423,5088375.696283115,1,1,47438394,path,,,NON_MOTOR_VEHICLE,NON_MOTOR_VEHICLE,highway=path; surface=compacted,VERY_LOW,TO_BE_RECONCILED,RESTRICTED_NOT_MODELLABLE,TO_BE_RECONCILED,TO_BE_RECONCILED,,False,0.0,False,False,
GEO_0826,45.85360035677979,13.577419731578651,855362.7863529637,5087978.351210876,1,1,1152354762,service,,,OPEN_LOCAL,OPEN_LOCAL,highway=service; service=driveway,VERY_LOW,TO_BE_RECONCILED,MINOR_LIKELY_EXCLUDABLE,TO_BE_RECONCILED,TO_BE_RECONCILED,,False,0.0,False,False,
GEO_0827,45.855859061395456,13.5795809245096,855516.1345329948,5088238.919085822,1,1,200466793,path,,,NON_MOTOR_VEHICLE,NON_MOTOR_VEHICLE,highway=path; surface=compacted,VERY_LOW,TO_BE_RECONCILED,RESTRICTED_NOT_MODELLABLE,TO_BE_RECONCILED,TO_BE_RECONCILED,,False,0.0,False,False,
GEO_0828,45.85868386227866,13.581374352289506,855637.3051941954,5088560.739470842,1,1,324027139,path,,,NON_MOTOR_VEHICLE,NON_MOTOR_VEHICLE,highway=path; surface=dirt,VERY_LOW,TO_BE_RECONCILED,RESTRICTED_NOT_MODELLABLE,TO_BE_RECONCILED,TO_BE_RECONCILED,,False,0.0,False,False,
GEO_0829,46.53587012538033,13.63861562115575,855674.9641542778,5164050.150141865,2,1,127638065,track,,,AGRICULTURAL_TRACK,AGRICULTURAL_TRACK,highway=track; tracktype=grade2; surface=gravel,VERY_LOW,TO_BE_RECONCILED,RESTRICTED_NOT_MODELLABLE,TO_BE_RECONCILED,TO_BE_RECONCILED,,False,38.383,False,False,
GEO_0830,46.53563401434652,13.639195576370897,855720.9730271201,5164026.537359201,1,1,127716632,service,,,RESTRICTED,RESTRICTED,highway=service; access=no; service=driveway; smoothness=intermediate; surface=asphalt,VERY_LOW,TO_BE_RECONCILED,RESTRICTED_NOT_MODELLABLE,TO_BE_RECONCILED,TO_BE_RECONCILED,,False,0.0,False,False,
GEO_0831,46.5355533196994,13.639393098053887,855736.644697688,5164018.464301724,2,2,80421724|799310242,cycleway|unclassified,,Alpe Adria Radweg,OPEN_LOCAL,NON_MOTOR_VEHICLE|OPEN_LOCAL,highway=cycleway; name=Alpe Adria Radweg; smoothness=good; surface=asphalt || highway=unclassified; surface=asphalt,LOW,TO_BE_RECONCILED,MINOR_LIKELY_EXCLUDABLE,TO_BE_RECONCILED,TO_BE_RECONCILED,,False,2.521,True,True,
GEO_0832,46.53542765321154,13.63970073710582,855761.0532370845,5164005.892300337,1,1,930798302,primary,B83,,OPEN_ORDINARY,OPEN_ORDINARY,highway=primary; ref=B83; surface=asphalt,HIGH,TO_BE_RECONCILED,CORE_CANDIDATE,TO_BE_RECONCILED,TO_BE_RECONCILED,,False,0.0,False,False,
GEO_0833,45.86750253831551,13.584074046670876,855790.4856614289,5089552.490519184,1,1,44949602,path,,,NON_MOTOR_VEHICLE,NON_MOTOR_VEHICLE,highway=path; surface=compacted,VERY_LOW,TO_BE_RECONCILED,RESTRICTED_NOT_MODELLABLE,TO_BE_RECONCILED,TO_BE_RECONCILED,,False,0.0,False,False,
GEO_0834,45.862069835508656,13.583662643795156,855793.2840549853,5088947.115430212,1,1,39948283,track,,,AGRICULTURAL_TRACK,AGRICULTURAL_TRACK,highway=track; bicycle=yes; tracktype=grade2; surface=gravel,VERY_LOW,TO_BE_RECONCILED,RESTRICTED_NOT_MODELLABLE,TO_BE_RECONCILED,TO_BE_RECONCILED,,False,0.0,False,False,
GEO_0835,45.86769102600225,13.584175672632908,855797.1677396566,5089573.8841586895,1,1,384477174,track,,,AGRICULTURAL_TRACK,AGRICULTURAL_TRACK,highway=track; tracktype=grade4; surface=dirt,VERY_LOW,TO_BE_RECONCILED,RESTRICTED_NOT_MODELLABLE,TO_BE_RECONCILED,TO_BE_RECONCILED,,False,0.0,False,False,
GEO_0836,45.868265948447636,13.584499854059775,855818.6512634298,5089639.202235411,1,1,25014666,secondary,SR518,Strada regionale 518 di Devetaki,OPEN_ORDINARY,OPEN_ORDINARY,highway=secondary; ref=SR518; name=Strada regionale 518 di Devetaki; hgv=no; smoothness=excellent; surface=asphalt,MEDIUM,TO_BE_RECONCILED,SECONDARY_BUT_POSSIBLY_MATERIAL,TO_BE_RECONCILED,TO_BE_RECONCILED,,False,0.0,False,False,
GEO_0837,45.989111350594484,13.594528230405897,855821.7851060962,5103109.2260707645,1,1,521077696,footway,,,NON_MOTOR_VEHICLE,NON_MOTOR_VEHICLE,highway=footway,VERY_LOW,TO_BE_RECONCILED,RESTRICTED_NOT_MODELLABLE,TO_BE_RECONCILED,TO_BE_RECONCILED,,False,0.0,False,False,
GEO_0838,45.838854320779944,13.582144101253018,855823.7329033681,5086361.245283576,1,1,39669500,track,,,AGRICULTURAL_TRACK,AGRICULTURAL_TRACK,highway=track; tracktype=grade2; surface=compacted,VERY_LOW,TO_BE_RECONCILED,RESTRICTED_NOT_MODELLABLE,TO_BE_RECONCILED,TO_BE_RECONCILED,,False,0.0,False,False,
GEO_0839,46.53514920705777,13.640522557929037,855825.8834939506,5163978.669263111,1,1,185800922,track,,,AGRICULTURAL_TRACK,AGRICULTURAL_TRACK,highway=track; tracktype=grade2,VERY_LOW,TO_BE_RECONCILED,RESTRICTED_NOT_MODELLABLE,TO_BE_RECONCILED,TO_BE_RECONCILED,,False,0.0,False,False,
GEO_0840,45.868510367560475,13.584805641326174,855840.820027953,5089667.721483472,1,1,1525457553,path,,,NON_MOTOR_VEHICLE,NON_MOTOR_VEHICLE,highway=path; bicycle=yes; foot=yes; surface=dirt,VERY_LOW,TO_BE_RECONCILED,RESTRICTED_NOT_MODELLABLE,TO_BE_RECONCILED,TO_BE_RECONCILED,,False,0.0,False,False,
GEO_0841,46.53483336916689,13.641459957672485,855899.8205238681,5163947.814904677,2,2,123142037|123142056,service,,,OPEN_LOCAL,OPEN_LOCAL,highway=service; surface=asphalt,VERY_LOW,TO_BE_RECONCILED,MINOR_LIKELY_EXCLUDABLE,TO_BE_RECONCILED,TO_BE_RECONCILED,,False,3.673,False,False,
GEO_0842,46.53470452400077,13.641739300194581,855922.0810628,5163934.762541929,2,2,4762542|38024743,motorway,A2,Süd Autobahn,OPEN_ORDINARY,OPEN_ORDINARY,highway=motorway; ref=A2; name=Süd Autobahn; surface=asphalt; toll=yes,VERY_HIGH,TO_BE_RECONCILED,CORE_CANDIDATE,TO_BE_RECONCILED,TO_BE_RECONCILED,,False,12.597,False,False,
GEO_0843,46.53455574189368,13.641897066222198,855935.1509890021,5163918.945994321,1,1,1084633819,service,,,OPEN_LOCAL,OPEN_LOCAL,highway=service; surface=asphalt; toll=yes,VERY_LOW,TO_BE_RECONCILED,MINOR_LIKELY_EXCLUDABLE,TO_BE_RECONCILED,TO_BE_RECONCILED,,False,0.0,False,False,
GEO_0844,45.87127736184772,13.587333229801722,856019.2780063278,5089986.410134681,1,1,44506700,track,,,AGRICULTURAL_TRACK,AGRICULTURAL_TRACK,highway=track; bicycle=yes; foot=yes; tracktype=grade3; surface=compacted,VERY_LOW,TO_BE_RECONCILED,RESTRICTED_NOT_MODELLABLE,TO_BE_RECONCILED,TO_BE_RECONCILED,,False,0.0,False,False,
GEO_0845,45.871423890206124,13.587478907616168,856029.6456695558,5090003.339579111,1,1,51158794,path,,,NON_MOTOR_VEHICLE,NON_MOTOR_VEHICLE,highway=path; surface=dirt,VERY_LOW,TO_BE_RECONCILED,RESTRICTED_NOT_MODELLABLE,TO_BE_RECONCILED,TO_BE_RECONCILED,,False,0.0,False,False,
GEO_0846,45.887775142974434,13.590439778471739,856154.7181471385,5091833.0959429275,1,1,1503598617,cycleway,,,NON_MOTOR_VEHICLE,NON_MOTOR_VEHICLE,highway=cycleway; bicycle=designated; foot=designated; smoothness=good; surface=gravel,VERY_LOW,TO_BE_RECONCILED,RESTRICTED_NOT_MODELLABLE,TO_BE_RECONCILED,TO_BE_RECONCILED,,False,0.0,False,False,
GEO_0847,45.887516286140695,13.590493459630748,856160.5405776396,5091804.578688864,2,2,41179106|203908280,path,,,NON_MOTOR_VEHICLE,NON_MOTOR_VEHICLE,highway=path; bicycle=yes; foot=yes; surface=ground || highway=path; surface=dirt,VERY_LOW,TO_BE_RECONCILED,RESTRICTED_NOT_MODELLABLE,TO_BE_RECONCILED,TO_BE_RECONCILED,,False,1.512,False,False,
GEO_0848,45.88435549532196,13.59101324561096,856221.1105984752,5091455.759947116,1,1,163123906,track,,Protipožarna preseka,AGRICULTURAL_TRACK,AGRICULTURAL_TRACK,highway=track; name=Protipožarna preseka; access=forestry; motor_vehicle=forestry; tracktype=grade2; surface=gravel,VERY_LOW,TO_BE_RECONCILED,RESTRICTED_NOT_MODELLABLE,TO_BE_RECONCILED,TO_BE_RECONCILED,,False,0.0,False,False,
GEO_0849,45.88101178854813,13.591611150943132,856288.9170322961,5091086.970239942,1,1,163123906,track,,Protipožarna preseka,AGRICULTURAL_TRACK,AGRICULTURAL_TRACK,highway=track; name=Protipožarna preseka; access=forestry; motor_vehicle=forestry; tracktype=grade2; surface=gravel,VERY_LOW,TO_BE_RECONCILED,RESTRICTED_NOT_MODELLABLE,TO_BE_RECONCILED,TO_BE_RECONCILED,,False,0.0,False,False,
GEO_0850,46.532760981082625,13.647103337312682,856346.0777613951,5163743.0884097945,2,1,686589539,track,,,AGRICULTURAL_TRACK,AGRICULTURAL_TRACK,highway=track,VERY_LOW,TO_BE_RECONCILED,RESTRICTED_NOT_MODELLABLE,TO_BE_RECONCILED,TO_BE_RECONCILED,,False,13.357,False,False,
GEO_0851,45.87866625088719,13.59213006454953,856344.2046541928,5090828.717682193,1,1,39685597,track,,,RESTRICTED,RESTRICTED,highway=track; motor_vehicle=no; bicycle=yes; foot=yes; tracktype=grade3; surface=compacted,VERY_LOW,TO_BE_RECONCILED,RESTRICTED_NOT_MODELLABLE,TO_BE_RECONCILED,TO_BE_RECONCILED,,False,0.0,False,False,
GEO_0852,46.444139349684846,13.639551152262877,856346.5047232674,5153863.32247241,1,1,132404354,path,,,NON_MOTOR_VEHICLE,NON_MOTOR_VEHICLE,highway=path,VERY_LOW,TO_BE_RECONCILED,RESTRICTED_NOT_MODELLABLE,TO_BE_RECONCILED,TO_BE_RECONCILED,,False,0.0,False,False,
GEO_0853,46.53268713598916,13.647323489519732,856363.4413418452,5163735.880225889,1,1,702124471,track,,,AGRICULTURAL_TRACK,AGRICULTURAL_TRACK,highway=track; tracktype=grade5,VERY_LOW,TO_BE_RECONCILED,RESTRICTED_NOT_MODELLABLE,TO_BE_RECONCILED,TO_BE_RECONCILED,,False,0.0,False,False,
GEO_0854,45.87406030640419,13.592189104850762,856378.2888940258,5090317.291330185,1,1,203908261,track,,,AGRICULTURAL_TRACK,AGRICULTURAL_TRACK,highway=track; bicycle=yes; tracktype=grade3; surface=gravel,VERY_LOW,TO_BE_RECONCILED,RESTRICTED_NOT_MODELLABLE,TO_BE_RECONCILED,TO_BE_RECONCILED,,False,0.0,False,False,
GEO_0855,46.53261738808172,13.6475410808172,856380.5817628298,5163729.1156955,1,1,30359185,track,,,AGRICULTURAL_TRACK,AGRICULTURAL_TRACK,highway=track; tracktype=grade2,VERY_LOW,TO_BE_RECONCILED,RESTRICTED_NOT_MODELLABLE,TO_BE_RECONCILED,TO_BE_RECONCILED,,False,0.0,False,False,
GEO_0856,45.87586703043155,13.592961344371378,856426.6402842859,5090521.4619739605,1,1,39685597,track,,,RESTRICTED,RESTRICTED,highway=track; motor_vehicle=no; bicycle=yes; foot=yes; tracktype=grade3; surface=compacted,VERY_LOW,TO_BE_RECONCILED,RESTRICTED_NOT_MODELLABLE,TO_BE_RECONCILED,TO_BE_RECONCILED,,False,0.0,False,False,
GEO_0857,46.44429768328748,13.640861482720304,856446.1002545416,5153886.83202727,3,2,1117339109|1201523191,path,,,NON_MOTOR_VEHICLE,NON_MOTOR_VEHICLE,highway=path,VERY_LOW,TO_BE_RECONCILED,RESTRICTED_NOT_MODELLABLE,TO_BE_RECONCILED,TO_BE_RECONCILED,,False,22.292,False,False,
GEO_0858,45.831127071696,13.589384923412807,856435.410344609,5085535.152182301,1,1,319985568,path,,,NON_MOTOR_VEHICLE,NON_MOTOR_VEHICLE,highway=path; surface=dirt,VERY_LOW,TO_BE_RECONCILED,RESTRICTED_NOT_MODELLABLE,TO_BE_RECONCILED,TO_BE_RECONCILED,,False,0.0,False,False,
GEO_0859,45.83085629560902,13.589466757071566,856443.4976405075,5085505.436729486,1,1,47438393,track,,,AGRICULTURAL_TRACK,AGRICULTURAL_TRACK,highway=track; bicycle=yes; foot=yes; tracktype=grade2; surface=gravel,VERY_LOW,TO_BE_RECONCILED,RESTRICTED_NOT_MODELLABLE,TO_BE_RECONCILED,TO_BE_RECONCILED,,False,0.0,False,False,
GEO_0860,46.532371364307735,13.648425960652434,856450.0406089671,5163705.786362605,1,1,1535470995,track,,,AGRICULTURAL_TRACK,AGRICULTURAL_TRACK,highway=track; tracktype=grade4,VERY_LOW,TO_BE_RECONCILED,RESTRICTED_NOT_MODELLABLE,TO_BE_RECONCILED,TO_BE_RECONCILED,,False,0.0,False,False,
GEO_0861,45.828191090590636,13.590461429416692,856537.7963295224,5085213.798936577,1,1,1282862200,path,,,NON_MOTOR_VEHICLE,NON_MOTOR_VEHICLE,highway=path; bicycle=yes; tracktype=grade5,VERY_LOW,TO_BE_RECONCILED,RESTRICTED_NOT_MODELLABLE,TO_BE_RECONCILED,TO_BE_RECONCILED,,False,0.0,False,False,
GEO_0862,45.82686151165605,13.591024286605014,856590.0175917287,5085068.609415775,1,1,203908253,path,,,NON_MOTOR_VEHICLE,NON_MOTOR_VEHICLE,highway=path; surface=gravel,VERY_LOW,TO_BE_RECONCILED,RESTRICTED_NOT_MODELLABLE,TO_BE_RECONCILED,TO_BE_RECONCILED,,False,0.0,False,False,
GEO_0863,45.82635128127205,13.591182352323537,856605.5587301167,5085012.633382273,1,1,39575778,track,,,AGRICULTURAL_TRACK,AGRICULTURAL_TRACK,highway=track; bicycle=yes; tracktype=grade4; surface=gravel,VERY_LOW,TO_BE_RECONCILED,RESTRICTED_NOT_MODELLABLE,TO_BE_RECONCILED,TO_BE_RECONCILED,,False,0.0,False,False,
GEO_0864,45.890998761020825,13.5965396931844,856607.2825195773,5092218.518160235,1,1,282215292,track,,,AGRICULTURAL_TRACK,AGRICULTURAL_TRACK,highway=track; bicycle=yes; foot=yes; tracktype=grade3; surface=compacted,VERY_LOW,TO_BE_RECONCILED,RESTRICTED_NOT_MODELLABLE,TO_BE_RECONCILED,TO_BE_RECONCILED,,False,0.0,False,False,
GEO_0865,45.82520458746639,13.591535222269695,856640.3027799041,5084886.822127525,1,1,203908250,track,,,AGRICULTURAL_TRACK,AGRICULTURAL_TRACK,highway=track; tracktype=grade4; surface=gravel,VERY_LOW,TO_BE_RECONCILED,RESTRICTED_NOT_MODELLABLE,TO_BE_RECONCILED,TO_BE_RECONCILED,,False,0.0,False,False,
GEO_0866,45.82337666291097,13.592403071679959,856719.4062454158,5084687.635124921,1,1,267214552,path,,,NON_MOTOR_VEHICLE,NON_MOTOR_VEHICLE,highway=path; bicycle=yes; surface=gravel,VERY_LOW,TO_BE_RECONCILED,RESTRICTED_NOT_MODELLABLE,TO_BE_RECONCILED,TO_BE_RECONCILED,,False,0.0,False,False,
GEO_0867,45.89508039771586,13.59956568125553,856815.8336275233,5092685.5174737945,1,1,313654905,path,,,NON_MOTOR_VEHICLE,NON_MOTOR_VEHICLE,highway=path,VERY_LOW,TO_BE_RECONCILED,RESTRICTED_NOT_MODELLABLE,TO_BE_RECONCILED,TO_BE_RECONCILED,,False,0.0,False,False,
GEO_0868,46.44601922066562,13.646065729275668,856834.5087370187,5154101.61542743,2,1,997401717,path,,,NON_MOTOR_VEHICLE,NON_MOTOR_VEHICLE,highway=path,VERY_LOW,TO_BE_RECONCILED,RESTRICTED_NOT_MODELLABLE,TO_BE_RECONCILED,TO_BE_RECONCILED,,False,27.968,False,False,
GEO_0869,46.12109728353855,13.61856616866538,856830.3737262939,5117880.021384619,1,1,186257170,track,,,AGRICULTURAL_TRACK,AGRICULTURAL_TRACK,highway=track; tracktype=grade3,VERY_LOW,TO_BE_RECONCILED,RESTRICTED_NOT_MODELLABLE,TO_BE_RECONCILED,TO_BE_RECONCILED,,False,0.0,False,False,
GEO_0870,46.188076622721645,13.62524341278195,856912.0429576855,5125351.166441545,1,1,153580506,track,,,AGRICULTURAL_TRACK,AGRICULTURAL_TRACK,highway=track; tracktype=grade3,VERY_LOW,TO_BE_RECONCILED,RESTRICTED_NOT_MODELLABLE,TO_BE_RECONCILED,TO_BE_RECONCILED,,False,0.0,False,False,
GEO_0871,46.188268637270944,13.625711892412845,856946.9449169822,5125374.608799487,1,1,1317809936,path,,,NON_MOTOR_VEHICLE,NON_MOTOR_VEHICLE,highway=path; surface=unpaved,VERY_LOW,TO_BE_RECONCILED,RESTRICTED_NOT_MODELLABLE,TO_BE_RECONCILED,TO_BE_RECONCILED,,False,0.0,False,False,
GEO_0872,46.530382889297044,13.6549755526037,856965.2707270214,5163514.526747435,1,1,30358819,track,,,AGRICULTURAL_TRACK,AGRICULTURAL_TRACK,highway=track; tracktype=grade4,VERY_LOW,TO_BE_RECONCILED,RESTRICTED_NOT_MODELLABLE,TO_BE_RECONCILED,TO_BE_RECONCILED,,False,0.0,False,False,
GEO_0873,46.53030306464133,13.655227848360221,856985.1397321242,5163506.801606138,1,1,30358811,track,,,AGRICULTURAL_TRACK,AGRICULTURAL_TRACK,highway=track; tracktype=grade5,VERY_LOW,TO_BE_RECONCILED,RESTRICTED_NOT_MODELLABLE,TO_BE_RECONCILED,TO_BE_RECONCILED,,False,0.0,False,False,
GEO_0874,45.8970264663049,13.603290591385484,857092.2773056661,5092918.412363833,2,1,336983390,track,,,AGRICULTURAL_TRACK,AGRICULTURAL_TRACK,highway=track,VERY_LOW,TO_BE_RECONCILED,RESTRICTED_NOT_MODELLABLE,TO_BE_RECONCILED,TO_BE_RECONCILED,,False,136.976,False,False,
GEO_0875,45.80888455220362,13.595652897296716,857064.627295295,5083092.20887063,5,1,203908281,path,,,NON_MOTOR_VEHICLE,NON_MOTOR_VEHICLE,highway=path; foot=yes; surface=dirt,VERY_LOW,TO_BE_RECONCILED,RESTRICTED_NOT_MODELLABLE,TO_BE_RECONCILED,TO_BE_RECONCILED,,False,121.631,False,False,
GEO_0876,45.81107382467409,13.596024923204268,857079.5113809534,5083337.087680993,3,1,203908272,track,,,AGRICULTURAL_TRACK,AGRICULTURAL_TRACK,highway=track; foot=yes; tracktype=grade2; surface=ground,VERY_LOW,TO_BE_RECONCILED,RESTRICTED_NOT_MODELLABLE,TO_BE_RECONCILED,TO_BE_RECONCILED,,False,134.724,False,False,
GEO_0877,45.81951909323224,13.596647520987208,857073.7878170129,5084278.086617766,1,1,1332180790,path,,,NON_MOTOR_VEHICLE,NON_MOTOR_VEHICLE,highway=path; bicycle=no; surface=compacted,VERY_LOW,TO_BE_RECONCILED,RESTRICTED_NOT_MODELLABLE,TO_BE_RECONCILED,TO_BE_RECONCILED,,False,0.0,False,False,
GEO_0878,45.81676152616233,13.59643527778612,857074.9638258282,5083970.78946134,1,1,203908252,path,,,NON_MOTOR_VEHICLE,NON_MOTOR_VEHICLE,highway=path; foot=yes; surface=stone,VERY_LOW,TO_BE_RECONCILED,RESTRICTED_NOT_MODELLABLE,TO_BE_RECONCILED,TO_BE_RECONCILED,,False,0.0,False,False,
GEO_0879,45.81491619765034,13.596292146921261,857075.6639327179,5083765.145269023,1,1,25039041,secondary,SR519,Via Simon Gregorčič / Gregorčičeva ulica,OPEN_ORDINARY,OPEN_ORDINARY,highway=secondary; ref=SR519; name=Via Simon Gregorčič / Gregorčičeva ulica; hgv=no; smoothness=good; surface=asphalt; maxweight=3.5,MEDIUM,TO_BE_RECONCILED,SECONDARY_BUT_POSSIBLY_MATERIAL,TO_BE_RECONCILED,TO_BE_RECONCILED,,False,0.0,False,False,
GEO_0880,45.81785261139195,13.596643098373544,857084.1186103193,5084092.932225012,13,1,203908256,path,,,NON_MOTOR_VEHICLE,NON_MOTOR_VEHICLE,highway=path; surface=stone,VERY_LOW,TO_BE_RECONCILED,RESTRICTED_NOT_MODELLABLE,TO_BE_RECONCILED,TO_BE_RECONCILED,,False,278.41,False,False,
GEO_0881,46.53001831202521,13.656596079435808,857091.9198492162,5163481.366995761,1,1,30358821,track,,,RESTRICTED,RESTRICTED,highway=track; tracktype=grade4; node_barrier=block,VERY_LOW,TO_BE_RECONCILED,RESTRICTED_NOT_MODELLABLE,TO_BE_RECONCILED,TO_BE_RECONCILED,,False,0.0,False,False,
GEO_0882,46.445717450641105,13.649524476323037,857102.0992459828,5154083.73943689,1,1,35371982,path,,,NON_MOTOR_VEHICLE,NON_MOTOR_VEHICLE,highway=path; node_barrier=gate,VERY_LOW,TO_BE_RECONCILED,RESTRICTED_NOT_MODELLABLE,TO_BE_RECONCILED,TO_BE_RECONCILED,,False,0.0,False,False,
GEO_0883,46.12609471607201,13.625057626010642,857299.4846339461,5118464.433675779,1,1,305826701,track,,,AGRICULTURAL_TRACK,AGRICULTURAL_TRACK,highway=track; surface=gravel,VERY_LOW,TO_BE_RECONCILED,RESTRICTED_NOT_MODELLABLE,TO_BE_RECONCILED,TO_BE_RECONCILED,,False,0.0,False,False,
GEO_0884,46.444381386721645,13.652697268288122,857354.5097234629,5153949.6729469225,2,1,905606765,path,,,NON_MOTOR_VEHICLE,NON_MOTOR_VEHICLE,highway=path; foot=yes; surface=ground,VERY_LOW,TO_BE_RECONCILED,RESTRICTED_NOT_MODELLABLE,TO_BE_RECONCILED,TO_BE_RECONCILED,,False,9.391,False,False,
GEO_0885,45.89865415784084,13.60704204374645,857372.8064268103,5093116.069743223,1,1,538305849,track,,,AGRICULTURAL_TRACK,AGRICULTURAL_TRACK,highway=track; access=agricultural; tracktype=grade3; surface=dirt,VERY_LOW,TO_BE_RECONCILED,RESTRICTED_NOT_MODELLABLE,TO_BE_RECONCILED,TO_BE_RECONCILED,,False,0.0,False,False,
GEO_0886,46.443284905518496,13.654076404116577,857467.6103567346,5153834.104917318,1,1,62263719,path,,,NON_MOTOR_VEHICLE,NON_MOTOR_VEHICLE,highway=path; foot=yes; surface=rock,VERY_LOW,TO_BE_RECONCILED,RESTRICTED_NOT_MODELLABLE,TO_BE_RECONCILED,TO_BE_RECONCILED,,False,0.0,False,False,
GEO_0887,45.899163368141764,13.608864950835695,857510.9265771279,5093180.823492774,3,2,1175033487|1461316620,service|tertiary,,,OPEN_ORDINARY,OPEN_LOCAL|OPEN_ORDINARY,highway=service; service=driveway; surface=gravel || highway=tertiary; smoothness=excellent; surface=asphalt; maxweight=7.5,MEDIUM,TO_BE_RECONCILED,SECONDARY_BUT_POSSIBLY_MATERIAL,TO_BE_RECONCILED,TO_BE_RECONCILED,,False,7.605,False,False,
GEO_0888,45.899355800994876,13.60928079132489,857541.9435217609,5093204.068873503,1,1,429470167,service,,,RESTRICTED,RESTRICTED,highway=service; motor_vehicle=no; bicycle=yes; foot=yes; service=driveway; surface=compacted,VERY_LOW,TO_BE_RECONCILED,RESTRICTED_NOT_MODELLABLE,TO_BE_RECONCILED,TO_BE_RECONCILED,,False,0.0,False,False,
GEO_0889,45.80514307411774,13.601688470890641,857557.5267028711,5082703.600898741,1,1,203908277,path,,,NON_MOTOR_VEHICLE,NON_MOTOR_VEHICLE,highway=path; foot=yes; surface=ground,VERY_LOW,TO_BE_RECONCILED,RESTRICTED_NOT_MODELLABLE,TO_BE_RECONCILED,TO_BE_RECONCILED,,False,0.0,False,False,
GEO_0890,45.901272749122676,13.610384010039114,857615.1814738279,5093421.984324007,3,1,688915098,path,,,NON_MOTOR_VEHICLE,NON_MOTOR_VEHICLE,highway=path; motor_vehicle=no; bicycle=no; foot=yes; surface=dirt,VERY_LOW,TO_BE_RECONCILED,RESTRICTED_NOT_MODELLABLE,TO_BE_RECONCILED,TO_BE_RECONCILED,,False,106.917,False,False,
GEO_0891,46.19001275845769,13.634392048746076,857605.3605496613,5125607.513943635,1,1,484478435,path,,,NON_MOTOR_VEHICLE,NON_MOTOR_VEHICLE,highway=path; surface=gravel,VERY_LOW,TO_BE_RECONCILED,RESTRICTED_NOT_MODELLABLE,TO_BE_RECONCILED,TO_BE_RECONCILED,,False,0.0,False,False,
GEO_0892,45.98340236214947,13.617241219035867,857617.4900055479,5102576.901527475,1,1,43105547,unclassified,,Podsabotin,OPEN_LOCAL,OPEN_LOCAL,highway=unclassified; name=Podsabotin; surface=asphalt,LOW,TO_BE_RECONCILED,MINOR_LIKELY_EXCLUDABLE,TO_BE_RECONCILED,TO_BE_RECONCILED,,False,0.0,False,False,
GEO_0893,45.90346109656782,13.611453700590335,857684.0663197814,5093669.901026433,1,1,1043458019,path,,,NON_MOTOR_VEHICLE,NON_MOTOR_VEHICLE,highway=path,VERY_LOW,TO_BE_RECONCILED,RESTRICTED_NOT_MODELLABLE,TO_BE_RECONCILED,TO_BE_RECONCILED,,False,0.0,False,False,
GEO_0894,45.90513597719255,13.612371347208983,857744.4572030711,5093860.092745997,1,1,688915098,path,,,NON_MOTOR_VEHICLE,NON_MOTOR_VEHICLE,highway=path; motor_vehicle=no; bicycle=no; foot=yes; surface=dirt,VERY_LOW,TO_BE_RECONCILED,RESTRICTED_NOT_MODELLABLE,TO_BE_RECONCILED,TO_BE_RECONCILED,,False,0.0,False,False,
GEO_0895,46.132951049944985,13.632233985806204,857809.3389146476,5119258.491730125,6,1,866599184,path,,,NON_MOTOR_VEHICLE,NON_MOTOR_VEHICLE,highway=path,VERY_LOW,TO_BE_RECONCILED,RESTRICTED_NOT_MODELLABLE,TO_BE_RECONCILED,TO_BE_RECONCILED,,False,203.692,False,False,
GEO_0896,45.80375753028797,13.605748673521852,857881.8812735723,5082567.890159908,4,2,203908277|998673761,path,,,NON_MOTOR_VEHICLE,NON_MOTOR_VEHICLE,highway=path; access=no; surface=grass; node_barrier=gate || highway=path; foot=yes; surface=ground,VERY_LOW,TO_BE_RECONCILED,RESTRICTED_NOT_MODELLABLE,TO_BE_RECONCILED,TO_BE_RECONCILED,,False,166.708,False,False,
GEO_0897,46.43979776330633,13.658524544742898,857832.099395493,5153466.857727069,3,1,62263749,path,,,NON_MOTOR_VEHICLE,NON_MOTOR_VEHICLE,highway=path; surface=rock,VERY_LOW,TO_BE_RECONCILED,RESTRICTED_NOT_MODELLABLE,TO_BE_RECONCILED,TO_BE_RECONCILED,,False,58.572,False,False,
GEO_0898,45.907726979122984,13.614107191141803,857862.398755067,5094155.738331604,5,1,688915104,track,,,AGRICULTURAL_TRACK,AGRICULTURAL_TRACK,highway=track; tracktype=grade4; surface=dirt,VERY_LOW,TO_BE_RECONCILED,RESTRICTED_NOT_MODELLABLE,TO_BE_RECONCILED,TO_BE_RECONCILED,,False,61.597,False,False,
GEO_0899,45.90847128167719,13.615619488553486,857974.8872565329,5094245.224998067,1,1,1202720559,path,,,NON_MOTOR_VEHICLE,NON_MOTOR_VEHICLE,highway=path,VERY_LOW,TO_BE_RECONCILED,RESTRICTED_NOT_MODELLABLE,TO_BE_RECONCILED,TO_BE_RECONCILED,,False,0.0,False,False,
GEO_0900,46.43992751129317,13.660432826930462,857977.8110443034,5153489.928563799,1,1,62263725,path,,,NON_MOTOR_VEHICLE,NON_MOTOR_VEHICLE,highway=path,VERY_LOW,TO_BE_RECONCILED,RESTRICTED_NOT_MODELLABLE,TO_BE_RECONCILED,TO_BE_RECONCILED,,False,0.0,False,False,
GEO_0901,45.91271648832225,13.616710560068686,858032.1478122186,5094721.747310773,1,1,1222362143,path,,,NON_MOTOR_VEHICLE,NON_MOTOR_VEHICLE,highway=path,VERY_LOW,TO_BE_RECONCILED,RESTRICTED_NOT_MODELLABLE,TO_BE_RECONCILED,TO_BE_RECONCILED,,False,0.0,False,False,
GEO_0902,45.98491391486415,13.62281513146082,858039.4068214556,5102769.9128957745,1,1,320853334,secondary,402,Sabotinska cesta,OPEN_ORDINARY,OPEN_ORDINARY,highway=secondary; ref=402; name=Sabotinska cesta; access=yes; surface=asphalt,MEDIUM,TO_BE_RECONCILED,SECONDARY_BUT_POSSIBLY_MATERIAL,TO_BE_RECONCILED,TO_BE_RECONCILED,,False,0.0,False,False,
GEO_0903,45.91428287262072,13.617338964374882,858070.7830956198,5094898.589317719,1,1,1222362143,path,,,NON_MOTOR_VEHICLE,NON_MOTOR_VEHICLE,highway=path,VERY_LOW,TO_BE_RECONCILED,RESTRICTED_NOT_MODELLABLE,TO_BE_RECONCILED,TO_BE_RECONCILED,,False,0.0,False,False,
GEO_0904,45.80336031675325,13.60839822142352,858090.2972868661,5082535.65589867,1,1,1106703078,path,,CAI 79,NON_MOTOR_VEHICLE,NON_MOTOR_VEHICLE,highway=path; name=CAI 79; foot=yes; surface=ground,VERY_LOW,TO_BE_RECONCILED,RESTRICTED_NOT_MODELLABLE,TO_BE_RECONCILED,TO_BE_RECONCILED,,False,0.0,False,False,
GEO_0905,45.80332469164507,13.608590543786901,858105.4692870463,5082532.561805075,1,1,998882635,track,,,AGRICULTURAL_TRACK,AGRICULTURAL_TRACK,highway=track; foot=yes; tracktype=grade3; surface=ground,VERY_LOW,TO_BE_RECONCILED,RESTRICTED_NOT_MODELLABLE,TO_BE_RECONCILED,TO_BE_RECONCILED,,False,0.0,False,False,
GEO_0906,46.188952095356754,13.641872227179052,858189.4076346434,5125523.468446819,2,2,37613859|843223081,path,,,NON_MOTOR_VEHICLE,NON_MOTOR_VEHICLE,highway=path || highway=path; surface=ground,VERY_LOW,TO_BE_RECONCILED,RESTRICTED_NOT_MODELLABLE,TO_BE_RECONCILED,TO_BE_RECONCILED,,False,0.493,False,False,
GEO_0907,45.985650219155396,13.625508660352724,858243.2467446167,5102863.845718421,1,1,816246680,path,,,NON_MOTOR_VEHICLE,NON_MOTOR_VEHICLE,highway=path,VERY_LOW,TO_BE_RECONCILED,RESTRICTED_NOT_MODELLABLE,TO_BE_RECONCILED,TO_BE_RECONCILED,,False,0.0,False,False,
GEO_0908,45.80257716421943,13.611363237313729,858325.7074793922,5082461.971344423,2,1,189422389,path,,,NON_MOTOR_VEHICLE,NON_MOTOR_VEHICLE,highway=path,VERY_LOW,TO_BE_RECONCILED,RESTRICTED_NOT_MODELLABLE,TO_BE_RECONCILED,TO_BE_RECONCILED,,False,26.809,False,False,
GEO_0909,45.986869315646445,13.627496171984268,858389.2826010098,5103008.238471242,5,1,204428105,path,,,NON_MOTOR_VEHICLE,NON_MOTOR_VEHICLE,highway=path,VERY_LOW,TO_BE_RECONCILED,RESTRICTED_NOT_MODELLABLE,TO_BE_RECONCILED,TO_BE_RECONCILED,,False,226.417,False,False,
GEO_0910,45.919346585320554,13.62143010866669,858355.3605701312,5095479.547749108,2,2,461203619|674113593,trunk,A34,Autostrada Villesse-Gorizia,OPEN_ORDINARY,OPEN_ORDINARY,highway=trunk; ref=A34; name=Autostrada Villesse-Gorizia; surface=asphalt; toll=no,VERY_HIGH,TO_BE_RECONCILED,CORE_CANDIDATE,TO_BE_RECONCILED,TO_BE_RECONCILED,,False,12.546,False,False,
GEO_0911,45.91974732429259,13.621770929801695,858379.2012864216,5095525.601897936,1,1,963370458,service,,,OPEN_LOCAL,OPEN_LOCAL,highway=service; surface=asphalt,VERY_LOW,TO_BE_RECONCILED,MINOR_LIKELY_EXCLUDABLE,TO_BE_RECONCILED,TO_BE_RECONCILED,,False,0.0,False,False,
GEO_0912,45.920185739404936,13.621968507544036,858391.6920667079,5095575.19670662,1,1,161776577,service,,,OPEN_LOCAL,OPEN_LOCAL,highway=service; service=parking_aisle; surface=asphalt,VERY_LOW,TO_BE_RECONCILED,MINOR_LIKELY_EXCLUDABLE,TO_BE_RECONCILED,TO_BE_RECONCILED,,False,0.0,False,False,
GEO_0913,45.92042208972166,13.622089524420623,858399.5502018188,5095601.998672329,1,1,161776575,service,,,OPEN_LOCAL,OPEN_LOCAL,highway=service; service=parking_aisle; surface=asphalt,VERY_LOW,TO_BE_RECONCILED,MINOR_LIKELY_EXCLUDABLE,TO_BE_RECONCILED,TO_BE_RECONCILED,,False,0.0,False,False,
GEO_0914,45.920645838620366,13.62221027088526,858407.4685928036,5095627.399497142,1,1,161776570,service,,,OPEN_LOCAL,OPEN_LOCAL,highway=service; service=parking_aisle; surface=asphalt,VERY_LOW,TO_BE_RECONCILED,MINOR_LIKELY_EXCLUDABLE,TO_BE_RECONCILED,TO_BE_RECONCILED,,False,0.0,False,False,
GEO_0915,45.920919996899244,13.622358220855595,858417.1708415889,5095658.52300591,2,1,161776578,service,,,OPEN_LOCAL,OPEN_LOCAL,highway=service; service=parking_aisle; surface=asphalt,VERY_LOW,TO_BE_RECONCILED,MINOR_LIKELY_EXCLUDABLE,TO_BE_RECONCILED,TO_BE_RECONCILED,,False,7.3,False,False,
GEO_0916,46.440339415428994,13.668066275494489,858561.3789473101,5153570.351995997,2,1,62263725,path,,,NON_MOTOR_VEHICLE,NON_MOTOR_VEHICLE,highway=path,VERY_LOW,TO_BE_RECONCILED,RESTRICTED_NOT_MODELLABLE,TO_BE_RECONCILED,TO_BE_RECONCILED,,False,16.019,False,False,
GEO_0917,45.98728938269865,13.629909922379369,858573.4904152193,5103065.789060202,1,1,204428107,track,,,AGRICULTURAL_TRACK,AGRICULTURAL_TRACK,highway=track; access=forestry; motor_vehicle=forestry; foot=yes; tracktype=grade3; surface=gravel,VERY_LOW,TO_BE_RECONCILED,RESTRICTED_NOT_MODELLABLE,TO_BE_RECONCILED,TO_BE_RECONCILED,,False,0.0,False,False,
GEO_0918,46.439996435580134,13.668596257599287,858604.3380367265,5153534.656689203,4,2,712672506|825367903,path,,,NON_MOTOR_VEHICLE,NON_MOTOR_VEHICLE,highway=path,VERY_LOW,TO_BE_RECONCILED,RESTRICTED_NOT_MODELLABLE,TO_BE_RECONCILED,TO_BE_RECONCILED,,False,12.856,False,False,
GEO_0919,45.98812250141554,13.631750991639375,858710.6723793584,5103166.64921212,1,1,204428050,path,,,NON_MOTOR_VEHICLE,NON_MOTOR_VEHICLE,highway=path,VERY_LOW,TO_BE_RECONCILED,RESTRICTED_NOT_MODELLABLE,TO_BE_RECONCILED,TO_BE_RECONCILED,,False,0.0,False,False,
GEO_0920,45.98884487340583,13.632616572392005,858773.0261636302,5103250.806483771,1,1,544951964,path,,,NON_MOTOR_VEHICLE,NON_MOTOR_VEHICLE,highway=path,VERY_LOW,TO_BE_RECONCILED,RESTRICTED_NOT_MODELLABLE,TO_BE_RECONCILED,TO_BE_RECONCILED,,False,0.0,False,False,
GEO_0921,45.92274640285684,13.62710292562149,858773.2513601067,5095882.803277575,1,1,1283671172,track,,,AGRICULTURAL_TRACK,AGRICULTURAL_TRACK,highway=track,VERY_LOW,TO_BE_RECONCILED,RESTRICTED_NOT_MODELLABLE,TO_BE_RECONCILED,TO_BE_RECONCILED,,False,0.0,False,False,
GEO_0922,46.43974074335859,13.672030175389667,858869.756712919,5153521.863527028,7,1,712672506,path,,,NON_MOTOR_VEHICLE,NON_MOTOR_VEHICLE,highway=path,VERY_LOW,TO_BE_RECONCILED,RESTRICTED_NOT_MODELLABLE,TO_BE_RECONCILED,TO_BE_RECONCILED,,False,170.805,False,False,
GEO_0923,45.98904745077542,13.6328626359941,858790.7694703896,5103274.422150146,1,1,816246677,path,,,NON_MOTOR_VEHICLE,NON_MOTOR_VEHICLE,highway=path,VERY_LOW,TO_BE_RECONCILED,RESTRICTED_NOT_MODELLABLE,TO_BE_RECONCILED,TO_BE_RECONCILED,,False,0.0,False,False,
GEO_0924,45.98919462087717,13.633039599987015,858803.5204237842,5103291.570577171,1,1,204428050,path,,,NON_MOTOR_VEHICLE,NON_MOTOR_VEHICLE,highway=path,VERY_LOW,TO_BE_RECONCILED,RESTRICTED_NOT_MODELLABLE,TO_BE_RECONCILED,TO_BE_RECONCILED,,False,0.0,False,False,
GEO_0925,45.80122887129069,13.617490597811155,858810.4775702875,5082339.73547048,1,1,161684786,path,,,NON_MOTOR_VEHICLE,NON_MOTOR_VEHICLE,highway=path; foot=yes; surface=grass,VERY_LOW,TO_BE_RECONCILED,RESTRICTED_NOT_MODELLABLE,TO_BE_RECONCILED,TO_BE_RECONCILED,,False,0.0,False,False,
GEO_0926,45.98931089700569,13.6331851821029,858814.0411851628,5103305.1452522855,1,1,204428049,path,,,NON_MOTOR_VEHICLE,NON_MOTOR_VEHICLE,highway=path,VERY_LOW,TO_BE_RECONCILED,RESTRICTED_NOT_MODELLABLE,TO_BE_RECONCILED,TO_BE_RECONCILED,,False,0.0,False,False,
GEO_0927,45.92675368782532,13.62903635470324,858897.2571751166,5096336.704913747,1,1,991714170,track,,,AGRICULTURAL_TRACK,AGRICULTURAL_TRACK,highway=track,VERY_LOW,TO_BE_RECONCILED,RESTRICTED_NOT_MODELLABLE,TO_BE_RECONCILED,TO_BE_RECONCILED,,False,0.0,False,False,
GEO_0928,45.988512818434415,13.634835463446397,858947.0059766839,5103223.933495527,1,1,1361710901,path,,,NON_MOTOR_VEHICLE,NON_MOTOR_VEHICLE,highway=path,VERY_LOW,TO_BE_RECONCILED,RESTRICTED_NOT_MODELLABLE,TO_BE_RECONCILED,TO_BE_RECONCILED,,False,0.0,False,False,
GEO_0929,45.92958236233457,13.630595208262823,858999.8220500725,5096657.984145829,1,1,271232685,track,,,AGRICULTURAL_TRACK,AGRICULTURAL_TRACK,highway=track; tracktype=grade5,VERY_LOW,TO_BE_RECONCILED,RESTRICTED_NOT_MODELLABLE,TO_BE_RECONCILED,TO_BE_RECONCILED,,False,0.0,False,False,
GEO_0930,45.930101413941955,13.631092437151683,859035.0122546772,5096717.890812101,2,1,1043459288,service,,,OPEN_LOCAL,OPEN_LOCAL,highway=service,VERY_LOW,TO_BE_RECONCILED,MINOR_LIKELY_EXCLUDABLE,TO_BE_RECONCILED,TO_BE_RECONCILED,,False,24.185,False,False,
GEO_0931,45.94968183263488,13.63314610620757,859067.5349081107,5098902.420444406,1,1,1248809983,path,,,NON_MOTOR_VEHICLE,NON_MOTOR_VEHICLE,highway=path,VERY_LOW,TO_BE_RECONCILED,RESTRICTED_NOT_MODELLABLE,TO_BE_RECONCILED,TO_BE_RECONCILED,,False,0.0,False,False,
GEO_0932,45.949292842135726,13.633143554220963,859069.8542327617,5098859.194495631,1,1,1244676591,service,,,OPEN_LOCAL,OPEN_LOCAL,highway=service; service=driveway; node_barrier=gate; node_access=no|yes,VERY_LOW,TO_BE_RECONCILED,MINOR_LIKELY_EXCLUDABLE,TO_BE_RECONCILED,TO_BE_RECONCILED,,False,0.0,False,False,
GEO_0933,45.95061470523129,13.633365524485782,859078.5017073589,5099007.047229655,1,1,133890461,cycleway,,Via della Cappella,NON_MOTOR_VEHICLE,NON_MOTOR_VEHICLE,highway=cycleway; name=Via della Cappella; bicycle=designated; foot=designated,VERY_LOW,TO_BE_RECONCILED,RESTRICTED_NOT_MODELLABLE,TO_BE_RECONCILED,TO_BE_RECONCILED,,False,0.0,False,False,
GEO_0934,45.951124494316595,13.633595350753284,859093.0124188927,5099064.719093443,1,1,288810156,residential,,Via del Poligono,OPEN_LOCAL,OPEN_LOCAL,highway=residential; name=Via del Poligono,LOW,TO_BE_RECONCILED,MINOR_LIKELY_EXCLUDABLE,TO_BE_RECONCILED,TO_BE_RECONCILED,,False,0.0,False,False,
GEO_0935,45.94698726713858,13.633439668963259,859107.7211067872,5098604.396088239,2,2,498818122|1251184355,cycleway|service,,,OPEN_LOCAL,NON_MOTOR_VEHICLE|OPEN_LOCAL,highway=cycleway; bicycle=designated; foot=designated; smoothness=excellent; surface=asphalt || highway=service; service=driveway,VERY_LOW,TO_BE_RECONCILED,MINOR_LIKELY_EXCLUDABLE,TO_BE_RECONCILED,TO_BE_RECONCILED,,False,0.175,True,True,
GEO_0936,46.44023037706938,13.675358219641481,859122.1392220153,5153591.40282821,2,1,712672506,path,,,NON_MOTOR_VEHICLE,NON_MOTOR_VEHICLE,highway=path,VERY_LOW,TO_BE_RECONCILED,RESTRICTED_NOT_MODELLABLE,TO_BE_RECONCILED,TO_BE_RECONCILED,,False,16.588,False,False,
GEO_0937,45.95255168791974,13.634148261406871,859126.6210851612,5099225.767559455,4,4,147559318|1117858310|1164882622|1249186457,cycleway|secondary,,Erjavčeva ulica,OPEN_ORDINARY,NON_MOTOR_VEHICLE|OPEN_ORDINARY,highway=cycleway; bicycle=designated; foot=designated; surface=asphalt || highway=cycleway; surface=asphalt || highway=secondary; name=Erjavčeva ulica; surface=asphalt; node_barrier=border_control; node_access=yes,MEDIUM,TO_BE_RECONCILED,SECONDARY_BUT_POSSIBLY_MATERIAL,TO_BE_RECONCILED,TO_BE_RECONCILED,,False,16.65,True,True,
GEO_0938,45.952778356968835,13.634235989649046,859131.9519888118,5099251.34516072,1,1,26198587,unclassified,,Kolodvorska pot,OPEN_LOCAL,OPEN_LOCAL,highway=unclassified; name=Kolodvorska pot; surface=asphalt,LOW,TO_BE_RECONCILED,MINOR_LIKELY_EXCLUDABLE,TO_BE_RECONCILED,TO_BE_RECONCILED,,False,0.0,False,False,
GEO_0939,45.95288635650795,13.634277829957693,859134.4951244878,5099263.532143262,1,1,985489996,footway,,,NON_MOTOR_VEHICLE,NON_MOTOR_VEHICLE,highway=footway; foot=yes; smoothness=excellent; surface=asphalt,VERY_LOW,TO_BE_RECONCILED,RESTRICTED_NOT_MODELLABLE,TO_BE_RECONCILED,TO_BE_RECONCILED,,False,0.0,False,False,
GEO_0940,45.953396593505225,13.634430595873251,859143.0301076898,5099320.906043782,1,1,1365384861,unclassified,,Kolodvorska pot,OPEN_LOCAL,OPEN_LOCAL,highway=unclassified; name=Kolodvorska pot; surface=asphalt,LOW,TO_BE_RECONCILED,MINOR_LIKELY_EXCLUDABLE,TO_BE_RECONCILED,TO_BE_RECONCILED,,False,0.0,False,False,
GEO_0941,45.95525682290517,13.63492749077593,859169.4909714911,5099529.809638669,3,2,292316451|364633463,pedestrian,,Trg Evrope,NON_MOTOR_VEHICLE,NON_MOTOR_VEHICLE,highway=pedestrian; name=Trg Evrope; bicycle=yes; smoothness=excellent; surface=concrete; node_barrier=bollard; node_access=permit || highway=pedestrian; name=Trg Evrope; smoothness=excellent; surface=paving_stones,VERY_LOW,TO_BE_RECONCILED,RESTRICTED_NOT_MODELLABLE,TO_BE_RECONCILED,TO_BE_RECONCILED,,False,120.818,False,False,
GEO_0942,45.98625967842308,13.637934300750508,859201.5827659451,5102987.619714716,2,1,204428100,path,,,NON_MOTOR_VEHICLE,NON_MOTOR_VEHICLE,highway=path; motor_vehicle=no; bicycle=no; foot=yes,VERY_LOW,TO_BE_RECONCILED,RESTRICTED_NOT_MODELLABLE,TO_BE_RECONCILED,TO_BE_RECONCILED,,False,35.609,False,False,
GEO_0943,45.95656901843339,13.635316212542994,859191.1157298961,5099677.341791026,1,1,1117858307,path,,,NON_MOTOR_VEHICLE,NON_MOTOR_VEHICLE,highway=path,VERY_LOW,TO_BE_RECONCILED,RESTRICTED_NOT_MODELLABLE,TO_BE_RECONCILED,TO_BE_RECONCILED,,False,0.0,False,False,
GEO_0944,46.147947091032876,13.651895851095558,859230.2086728145,5121013.375432658,2,1,225069537,track,,,AGRICULTURAL_TRACK,AGRICULTURAL_TRACK,highway=track; tracktype=grade3; surface=gravel,VERY_LOW,TO_BE_RECONCILED,RESTRICTED_NOT_MODELLABLE,TO_BE_RECONCILED,TO_BE_RECONCILED,,False,110.319,False,False,
GEO_0945,46.439807145911146,13.676764844677054,859232.9596908716,5153550.786689806,1,1,620939539,path,,,NON_MOTOR_VEHICLE,NON_MOTOR_VEHICLE,highway=path,VERY_LOW,TO_BE_RECONCILED,RESTRICTED_NOT_MODELLABLE,TO_BE_RECONCILED,TO_BE_RECONCILED,,False,0.0,False,False,
GEO_0946,45.932260135886985,13.633924329553894,859240.578092128,5096970.492188344,1,1,269932500,track,,,AGRICULTURAL_TRACK,AGRICULTURAL_TRACK,highway=track; tracktype=grade2; surface=gravel,VERY_LOW,TO_BE_RECONCILED,RESTRICTED_NOT_MODELLABLE,TO_BE_RECONCILED,TO_BE_RECONCILED,,False,0.0,False,False,
GEO_0947,45.95996219828027,13.636344519907023,859248.818320049,5100058.947357559,1,1,679451537,cycleway,,,NON_MOTOR_VEHICLE,NON_MOTOR_VEHICLE,highway=cycleway; foot=yes; smoothness=excellent; surface=asphalt,VERY_LOW,TO_BE_RECONCILED,RESTRICTED_NOT_MODELLABLE,TO_BE_RECONCILED,TO_BE_RECONCILED,,False,0.0,False,False,
GEO_0948,45.961431358060686,13.636500003037963,859251.349698582,5100222.864278661,1,1,253309255,secondary,,Via del Monte Santo,OPEN_ORDINARY,OPEN_ORDINARY,highway=secondary; name=Via del Monte Santo; surface=asphalt; node_access=yes,MEDIUM,TO_BE_RECONCILED,SECONDARY_BUT_POSSIBLY_MATERIAL,TO_BE_RECONCILED,TO_BE_RECONCILED,,False,0.0,False,False,
GEO_0949,45.962267657701354,13.636819958760064,859270.7220922239,5100317.217316991,1,1,1197690492,cycleway,,,NON_MOTOR_VEHICLE,NON_MOTOR_VEHICLE,highway=cycleway; bicycle=designated; foot=designated; smoothness=excellent; surface=asphalt,VERY_LOW,TO_BE_RECONCILED,RESTRICTED_NOT_MODELLABLE,TO_BE_RECONCILED,TO_BE_RECONCILED,,False,0.0,False,False,
GEO_0950,45.800118106497,13.62341553496161,859278.0115011954,5082243.012166631,1,1,101169445,track,,,AGRICULTURAL_TRACK,AGRICULTURAL_TRACK,highway=track; bicycle=yes; foot=yes; tracktype=grade3; surface=gravel,VERY_LOW,TO_BE_RECONCILED,RESTRICTED_NOT_MODELLABLE,TO_BE_RECONCILED,TO_BE_RECONCILED,,False,0.0,False,False,
GEO_0951,45.93282901593451,13.634509201949223,859282.2353524759,5097036.33180946,1,1,165025051,tertiary,,Goriška ulica,OPEN_ORDINARY,OPEN_ORDINARY,highway=tertiary; name=Goriška ulica; surface=asphalt; node_access=yes,MEDIUM,TO_BE_RECONCILED,SECONDARY_BUT_POSSIBLY_MATERIAL,TO_BE_RECONCILED,TO_BE_RECONCILED,,False,0.0,False,False,
GEO_0952,45.969206013830515,13.637781241595139,859300.2444124939,5101092.369062347,2,1,292780598,service,,,OPEN_LOCAL,OPEN_LOCAL,highway=service; foot=yes; service=driveway; surface=compacted,VERY_LOW,TO_BE_RECONCILED,MINOR_LIKELY_EXCLUDABLE,TO_BE_RECONCILED,TO_BE_RECONCILED,,False,31.475,False,False,
GEO_0953,45.9663023796011,13.637440293612165,859292.6445562309,5100768.252608278,2,1,116040688,track,,,AGRICULTURAL_TRACK,AGRICULTURAL_TRACK,highway=track; tracktype=grade2,VERY_LOW,TO_BE_RECONCILED,RESTRICTED_NOT_MODELLABLE,TO_BE_RECONCILED,TO_BE_RECONCILED,,False,3.974,False,False,
GEO_0954,45.941820040974136,13.635724617992887,859318.2516999405,5098040.666574171,1,1,1005217967,primary,,Via della Casa Rossa,OPEN_ORDINARY,OPEN_ORDINARY,highway=primary; name=Via della Casa Rossa; surface=asphalt; maxheight=3.45,HIGH,TO_BE_RECONCILED,CORE_CANDIDATE,TO_BE_RECONCILED,TO_BE_RECONCILED,,False,0.0,False,False,
GEO_0955,45.96436748698043,13.637763656605314,859330.2319673785,5100554.758857643,1,1,116040699,residential,,,OPEN_LOCAL,OPEN_LOCAL,highway=residential,LOW,TO_BE_RECONCILED,MINOR_LIKELY_EXCLUDABLE,TO_BE_RECONCILED,TO_BE_RECONCILED,,False,0.0,False,False,
GEO_0956,45.93332839067193,13.635204079123735,859332.8687039686,5097094.9469256345,1,1,271232682,residential,,Ulica Franca Kramarja,OPEN_LOCAL,OPEN_LOCAL,highway=residential; name=Ulica Franca Kramarja; surface=asphalt,LOW,TO_BE_RECONCILED,MINOR_LIKELY_EXCLUDABLE,TO_BE_RECONCILED,TO_BE_RECONCILED,,False,0.0,False,False,
GEO_0957,45.96830460453874,13.638164752228963,859335.7948269004,5100993.960831102,1,1,162692034,unclassified,,Velika pot,OPEN_LOCAL,OPEN_LOCAL,highway=unclassified; name=Velika pot,LOW,TO_BE_RECONCILED,MINOR_LIKELY_EXCLUDABLE,TO_BE_RECONCILED,TO_BE_RECONCILED,,False,0.0,False,False,
GEO_0958,45.964859954655935,13.637900075049734,859337.6099985985,5100610.085373026,1,1,116040688,track,,,AGRICULTURAL_TRACK,AGRICULTURAL_TRACK,highway=track; tracktype=grade2,VERY_LOW,TO_BE_RECONCILED,RESTRICTED_NOT_MODELLABLE,TO_BE_RECONCILED,TO_BE_RECONCILED,,False,0.0,False,False,
GEO_0959,45.93354602242623,13.635489346894826,859353.5731850865,5097120.412719581,2,1,1509446543,service,,,OPEN_LOCAL,OPEN_LOCAL,highway=service; service=driveway; surface=asphalt,VERY_LOW,TO_BE_RECONCILED,MINOR_LIKELY_EXCLUDABLE,TO_BE_RECONCILED,TO_BE_RECONCILED,,False,33.178,False,False,
GEO_0960,45.979728818104945,13.639486221446674,859364.1098352694,5102269.093555882,1,1,204428043,path,,,NON_MOTOR_VEHICLE,NON_MOTOR_VEHICLE,highway=path,VERY_LOW,TO_BE_RECONCILED,RESTRICTED_NOT_MODELLABLE,TO_BE_RECONCILED,TO_BE_RECONCILED,,False,0.0,False,False,
GEO_0961,45.97938529499459,13.63947731299402,859365.6469212754,5102230.889948414,1,1,204428112,path,,,NON_MOTOR_VEHICLE,NON_MOTOR_VEHICLE,highway=path,VERY_LOW,TO_BE_RECONCILED,RESTRICTED_NOT_MODELLABLE,TO_BE_RECONCILED,TO_BE_RECONCILED,,False,0.0,False,False,
GEO_0962,45.97926084693747,13.63947459326882,859366.2430659704,5102217.052228396,1,1,425005043,path,,,NON_MOTOR_VEHICLE,NON_MOTOR_VEHICLE,highway=path,VERY_LOW,TO_BE_RECONCILED,RESTRICTED_NOT_MODELLABLE,TO_BE_RECONCILED,TO_BE_RECONCILED,,False,0.0,False,False,
GEO_0963,45.97830062510676,13.639534925260278,859377.1410507701,5102110.650077434,1,1,425005051,path,,,NON_MOTOR_VEHICLE,NON_MOTOR_VEHICLE,highway=path; surface=pebblestone,VERY_LOW,TO_BE_RECONCILED,RESTRICTED_NOT_MODELLABLE,TO_BE_RECONCILED,TO_BE_RECONCILED,,False,0.0,False,False,
GEO_0964,46.15616308781814,13.654672851931508,859391.0408623382,5121938.717928544,2,1,225069537,track,,,AGRICULTURAL_TRACK,AGRICULTURAL_TRACK,highway=track; tracktype=grade3; surface=gravel,VERY_LOW,TO_BE_RECONCILED,RESTRICTED_NOT_MODELLABLE,TO_BE_RECONCILED,TO_BE_RECONCILED,,False,30.657,False,False,
GEO_0965,45.977746527450485,13.63961472935857,859386.9144193409,5102049.453886968,1,1,912673133,path,,,NON_MOTOR_VEHICLE,NON_MOTOR_VEHICLE,highway=path; foot=yes,VERY_LOW,TO_BE_RECONCILED,RESTRICTED_NOT_MODELLABLE,TO_BE_RECONCILED,TO_BE_RECONCILED,,False,0.0,False,False,
GEO_0966,45.9772885323062,13.639680543939765,859394.9812781129,5101998.870879521,1,1,292601331,secondary,NSA55,Strada di Osimo,OPEN_ORDINARY,OPEN_ORDINARY,highway=secondary; ref=NSA55; name=Strada di Osimo; surface=asphalt,MEDIUM,TO_BE_RECONCILED,SECONDARY_BUT_POSSIBLY_MATERIAL,TO_BE_RECONCILED,TO_BE_RECONCILED,,False,0.0,False,False,
GEO_0967,46.43892699487601,13.678857685538397,859399.4966745032,5153462.535751062,1,1,620939515,path,,,NON_MOTOR_VEHICLE,NON_MOTOR_VEHICLE,highway=path,VERY_LOW,TO_BE_RECONCILED,RESTRICTED_NOT_MODELLABLE,TO_BE_RECONCILED,TO_BE_RECONCILED,,False,0.0,False,False,
GEO_0968,45.98079414892193,13.640210262967138,859413.2804807967,5102390.718161702,1,1,204428038,path,,,NON_MOTOR_VEHICLE,NON_MOTOR_VEHICLE,highway=path,VERY_LOW,TO_BE_RECONCILED,RESTRICTED_NOT_MODELLABLE,TO_BE_RECONCILED,TO_BE_RECONCILED,,False,0.0,False,False,
GEO_0969,45.976007640210334,13.639874360519734,859418.2977362929,5101857.447602921,4,1,1086667324,path,,,NON_MOTOR_VEHICLE,NON_MOTOR_VEHICLE,highway=path; bicycle=designated; surface=dirt,VERY_LOW,TO_BE_RECONCILED,RESTRICTED_NOT_MODELLABLE,TO_BE_RECONCILED,TO_BE_RECONCILED,,False,36.624,False,False,
GEO_0970,45.974924932062535,13.64004917083445,859438.8576182498,5101737.955493466,1,1,1153982191,path,,,NON_MOTOR_VEHICLE,NON_MOTOR_VEHICLE,highway=path; surface=unpaved,VERY_LOW,TO_BE_RECONCILED,RESTRICTED_NOT_MODELLABLE,TO_BE_RECONCILED,TO_BE_RECONCILED,,False,0.0,False,False,
GEO_0971,45.97475515687935,13.640077604284953,859442.1607423981,5101719.223032443,1,1,100646866,track,,,AGRICULTURAL_TRACK,AGRICULTURAL_TRACK,highway=track; bicycle=yes; tracktype=grade2,VERY_LOW,TO_BE_RECONCILED,RESTRICTED_NOT_MODELLABLE,TO_BE_RECONCILED,TO_BE_RECONCILED,,False,0.0,False,False,
GEO_0972,45.79652977873487,13.625265111629563,859444.8505397493,5081852.708820766,1,1,297708018,path,,,NON_MOTOR_VEHICLE,NON_MOTOR_VEHICLE,highway=path,VERY_LOW,TO_BE_RECONCILED,RESTRICTED_NOT_MODELLABLE,TO_BE_RECONCILED,TO_BE_RECONCILED,,False,0.0,False,False,
GEO_0973,45.97064210190047,13.639817020415345,859448.6400401532,5101261.10974803,1,1,425005046,cycleway,,,NON_MOTOR_VEHICLE,NON_MOTOR_VEHICLE,highway=cycleway; foot=yes; surface=gravel,VERY_LOW,TO_BE_RECONCILED,RESTRICTED_NOT_MODELLABLE,TO_BE_RECONCILED,TO_BE_RECONCILED,,False,0.0,False,False,
GEO_0974,45.93772881688717,13.637433617220282,859477.2017088198,5097593.877200409,2,1,244940826,cycleway,,,NON_MOTOR_VEHICLE,NON_MOTOR_VEHICLE,highway=cycleway; bicycle=designated; foot=designated; smoothness=excellent; surface=asphalt,VERY_LOW,TO_BE_RECONCILED,RESTRICTED_NOT_MODELLABLE,TO_BE_RECONCILED,TO_BE_RECONCILED,,False,105.983,False,False,
GEO_0975,45.98254861759573,13.64230018980595,859563.7644986243,5102595.078704953,1,1,220542003,path,,,NON_MOTOR_VEHICLE,NON_MOTOR_VEHICLE,highway=path,VERY_LOW,TO_BE_RECONCILED,RESTRICTED_NOT_MODELLABLE,TO_BE_RECONCILED,TO_BE_RECONCILED,,False,0.0,False,False,
GEO_0976,45.982897572871536,13.642752597934845,859596.5385541527,5102635.891666196,2,2,204428100|220542008,path|track,,,AGRICULTURAL_TRACK,AGRICULTURAL_TRACK|NON_MOTOR_VEHICLE,highway=path; motor_vehicle=no; bicycle=no; foot=yes || highway=track; bicycle=yes; tracktype=grade5,VERY_LOW,TO_BE_RECONCILED,RESTRICTED_NOT_MODELLABLE,TO_BE_RECONCILED,TO_BE_RECONCILED,,False,6.419,False,False,
GEO_0977,46.18066221594362,13.660774552830317,859702.0463489031,5124688.131648054,1,1,444762478,unclassified,,,OPEN_LOCAL,OPEN_LOCAL,highway=unclassified; surface=asphalt,LOW,TO_BE_RECONCILED,MINOR_LIKELY_EXCLUDABLE,TO_BE_RECONCILED,TO_BE_RECONCILED,,False,0.0,False,False,
GEO_0978,45.798082698773605,13.628811740743448,859710.4407409865,5082041.217251231,1,1,46672161,path,,,NON_MOTOR_VEHICLE,NON_MOTOR_VEHICLE,highway=path,VERY_LOW,TO_BE_RECONCILED,RESTRICTED_NOT_MODELLABLE,TO_BE_RECONCILED,TO_BE_RECONCILED,,False,0.0,False,False,
GEO_0979,46.43872809208266,13.684902183059503,859865.055478723,5153467.989561845,2,1,305378313,path,,,NON_MOTOR_VEHICLE,NON_MOTOR_VEHICLE,highway=path,VERY_LOW,TO_BE_RECONCILED,RESTRICTED_NOT_MODELLABLE,TO_BE_RECONCILED,TO_BE_RECONCILED,,False,68.592,False,False,
GEO_0980,46.18014058511221,13.663087221870263,859883.9240572129,5124640.681686114,1,1,153580705,tertiary,,,OPEN_ORDINARY,OPEN_ORDINARY,highway=tertiary; surface=asphalt,MEDIUM,TO_BE_RECONCILED,SECONDARY_BUT_POSSIBLY_MATERIAL,TO_BE_RECONCILED,TO_BE_RECONCILED,,False,0.0,False,False,
GEO_0981,45.79927623499366,13.632173851622227,859963.996483562,5082188.980153949,1,1,776290887,track,,,AGRICULTURAL_TRACK,AGRICULTURAL_TRACK,highway=track; bicycle=yes; foot=yes; tracktype=grade2; surface=gravel,VERY_LOW,TO_BE_RECONCILED,RESTRICTED_NOT_MODELLABLE,TO_BE_RECONCILED,TO_BE_RECONCILED,,False,0.0,False,False,
GEO_0982,45.768420032777605,13.630077534444784,860000.0741939546,5078751.622215743,1,1,172283942,footway,,,NON_MOTOR_VEHICLE,NON_MOTOR_VEHICLE,highway=footway; smoothness=intermediate; surface=paving_stones,VERY_LOW,TO_BE_RECONCILED,RESTRICTED_NOT_MODELLABLE,TO_BE_RECONCILED,TO_BE_RECONCILED,,False,0.0,False,False,
GEO_0983,46.172708436233904,13.664012915785044,860003.9595864802,5123819.210753157,1,1,532809166,path,,,NON_MOTOR_VEHICLE,NON_MOTOR_VEHICLE,highway=path; motor_vehicle=no; foot=yes,VERY_LOW,TO_BE_RECONCILED,RESTRICTED_NOT_MODELLABLE,TO_BE_RECONCILED,TO_BE_RECONCILED,,False,0.0,False,False,
GEO_0984,46.17160258948876,13.664109269543113,860018.6271143993,5123696.794302179,2,1,39433267,track,,,AGRICULTURAL_TRACK,AGRICULTURAL_TRACK,highway=track; tracktype=grade3; surface=gravel,VERY_LOW,TO_BE_RECONCILED,RESTRICTED_NOT_MODELLABLE,TO_BE_RECONCILED,TO_BE_RECONCILED,,False,68.02,False,False,
GEO_0985,45.77033002081282,13.6314124698843,860091.54613769,5078969.831609018,5,2,172283942|173584179,footway|service,,,OPEN_LOCAL,NON_MOTOR_VEHICLE|OPEN_LOCAL,highway=footway; smoothness=intermediate; surface=paving_stones || highway=service; service=parking_aisle,VERY_LOW,TO_BE_RECONCILED,MINOR_LIKELY_EXCLUDABLE,TO_BE_RECONCILED,TO_BE_RECONCILED,,False,155.748,True,True,
GEO_0986,45.79971207407712,13.633543148573771,860067.5840156197,5082243.580078616,1,1,202819423,path,,,NON_MOTOR_VEHICLE,NON_MOTOR_VEHICLE,highway=path,VERY_LOW,TO_BE_RECONCILED,RESTRICTED_NOT_MODELLABLE,TO_BE_RECONCILED,TO_BE_RECONCILED,,False,0.0,False,False,
GEO_0987,46.52337156810198,13.697919586425273,860304.4770903692,5162931.069548899,2,1,30358463,track,,,AGRICULTURAL_TRACK,AGRICULTURAL_TRACK,highway=track; tracktype=grade5,VERY_LOW,TO_BE_RECONCILED,RESTRICTED_NOT_MODELLABLE,TO_BE_RECONCILED,TO_BE_RECONCILED,,False,78.175,False,False,
GEO_0988,46.44162491669914,13.69094685880548,860310.1804325487,5153817.404892821,5,1,305378312,path,,,NON_MOTOR_VEHICLE,NON_MOTOR_VEHICLE,highway=path,VERY_LOW,TO_BE_RECONCILED,RESTRICTED_NOT_MODELLABLE,TO_BE_RECONCILED,TO_BE_RECONCILED,,False,69.17,False,False,
GEO_0989,46.46630658680424,13.693590610398216,860350.0432472202,5156571.534681475,1,1,173809505,path,,,NON_MOTOR_VEHICLE,NON_MOTOR_VEHICLE,highway=path,VERY_LOW,TO_BE_RECONCILED,RESTRICTED_NOT_MODELLABLE,TO_BE_RECONCILED,TO_BE_RECONCILED,,False,0.0,False,False,
GEO_0990,45.80012036624817,13.637408325345355,860365.2863854744,5082306.396659198,3,1,321146884,path,,,NON_MOTOR_VEHICLE,NON_MOTOR_VEHICLE,highway=path,VERY_LOW,TO_BE_RECONCILED,RESTRICTED_NOT_MODELLABLE,TO_BE_RECONCILED,TO_BE_RECONCILED,,False,13.795,False,False,
GEO_0991,46.4431882480303,13.69236741861311,860408.9497479931,5153997.574320126,2,1,305378312,path,,,NON_MOTOR_VEHICLE,NON_MOTOR_VEHICLE,highway=path,VERY_LOW,TO_BE_RECONCILED,RESTRICTED_NOT_MODELLABLE,TO_BE_RECONCILED,TO_BE_RECONCILED,,False,14.428,False,False,
GEO_0992,46.44754416294133,13.693745121443202,860485.960154789,5154487.796603308,1,1,305378312,path,,,NON_MOTOR_VEHICLE,NON_MOTOR_VEHICLE,highway=path,VERY_LOW,TO_BE_RECONCILED,RESTRICTED_NOT_MODELLABLE,TO_BE_RECONCILED,TO_BE_RECONCILED,,False,0.0,False,False,
GEO_0993,46.44457232036197,13.69389002479256,860516.7342692405,5154158.296962022,3,1,305378312,path,,,NON_MOTOR_VEHICLE,NON_MOTOR_VEHICLE,highway=path,VERY_LOW,TO_BE_RECONCILED,RESTRICTED_NOT_MODELLABLE,TO_BE_RECONCILED,TO_BE_RECONCILED,,False,76.535,False,False,
GEO_0994,46.44952097700497,13.694408340998057,860523.8198795724,5154710.4449517075,3,1,305378312,path,,,NON_MOTOR_VEHICLE,NON_MOTOR_VEHICLE,highway=path,VERY_LOW,TO_BE_RECONCILED,RESTRICTED_NOT_MODELLABLE,TO_BE_RECONCILED,TO_BE_RECONCILED,,False,56.98,False,False,
GEO_0995,45.76621758305623,13.636976755442005,860550.6933449688,5078538.09681012,1,1,441692441,steps,,,NON_MOTOR_VEHICLE,NON_MOTOR_VEHICLE,highway=steps,VERY_LOW,TO_BE_RECONCILED,RESTRICTED_NOT_MODELLABLE,TO_BE_RECONCILED,TO_BE_RECONCILED,,False,0.0,False,False,
GEO_0996,45.79833418327619,13.64036741640573,860606.764829749,5082121.3402382685,1,1,185370209,track,,,AGRICULTURAL_TRACK,AGRICULTURAL_TRACK,highway=track; bicycle=yes; foot=yes; tracktype=grade2; surface=gravel,VERY_LOW,TO_BE_RECONCILED,RESTRICTED_NOT_MODELLABLE,TO_BE_RECONCILED,TO_BE_RECONCILED,,False,0.0,False,False,
GEO_0997,46.52261879375927,13.701977452513454,860620.6469492575,5162866.003181543,1,1,30358463,track,,,AGRICULTURAL_TRACK,AGRICULTURAL_TRACK,highway=track; tracktype=grade5,VERY_LOW,TO_BE_RECONCILED,RESTRICTED_NOT_MODELLABLE,TO_BE_RECONCILED,TO_BE_RECONCILED,,False,0.0,False,False,
GEO_0998,46.46027292333147,13.697036048635152,860654.4622743321,5155916.963279971,1,1,178494796,path,,,NON_MOTOR_VEHICLE,NON_MOTOR_VEHICLE,highway=path,VERY_LOW,TO_BE_RECONCILED,RESTRICTED_NOT_MODELLABLE,TO_BE_RECONCILED,TO_BE_RECONCILED,,False,0.0,False,False,
GEO_0999,46.45416360008993,13.697290438120195,860714.4174378319,5155239.400989256,8,1,305378312,path,,,NON_MOTOR_VEHICLE,NON_MOTOR_VEHICLE,highway=path,VERY_LOW,TO_BE_RECONCILED,RESTRICTED_NOT_MODELLABLE,TO_BE_RECONCILED,TO_BE_RECONCILED,,False,278.193,False,False,
GEO_1000,46.52199655578167,13.703366255393414,860731.2762512029,5162803.231894897,2,1,297001223,track,,,AGRICULTURAL_TRACK,AGRICULTURAL_TRACK,highway=track; tracktype=grade4,VERY_LOW,TO_BE_RECONCILED,RESTRICTED_NOT_MODELLABLE,TO_BE_RECONCILED,TO_BE_RECONCILED,,False,47.699,False,False,
GEO_1001,46.45892912749554,13.697997792486616,860737.193276386,5155772.070198059,1,1,62264050,path,,,NON_MOTOR_VEHICLE,NON_MOTOR_VEHICLE,highway=path,VERY_LOW,TO_BE_RECONCILED,RESTRICTED_NOT_MODELLABLE,TO_BE_RECONCILED,TO_BE_RECONCILED,,False,0.0,False,False,
GEO_1002,46.45729951193251,13.698513490337453,860787.5729490699,5155593.384061199,3,1,178494798,path,,Via normale Ponza di Mezzo,NON_MOTOR_VEHICLE,NON_MOTOR_VEHICLE,highway=path; name=Via normale Ponza di Mezzo,VERY_LOW,TO_BE_RECONCILED,RESTRICTED_NOT_MODELLABLE,TO_BE_RECONCILED,TO_BE_RECONCILED,,False,119.618,False,False,
GEO_1003,46.52176119499619,13.703914320393482,860774.8670106704,5162779.593356841,1,1,30358463,track,,,AGRICULTURAL_TRACK,AGRICULTURAL_TRACK,highway=track; tracktype=grade5,VERY_LOW,TO_BE_RECONCILED,RESTRICTED_NOT_MODELLABLE,TO_BE_RECONCILED,TO_BE_RECONCILED,,False,0.0,False,False,
GEO_1004,46.45667194056649,13.698737823554733,860808.950734101,5155524.689093379,1,1,1162994911,path,,Via degli Alpini,NON_MOTOR_VEHICLE,NON_MOTOR_VEHICLE,highway=path; name=Via degli Alpini,VERY_LOW,TO_BE_RECONCILED,RESTRICTED_NOT_MODELLABLE,TO_BE_RECONCILED,TO_BE_RECONCILED,,False,0.0,False,False,
GEO_1005,46.456453460609865,13.698723470639488,860809.2948250758,5155500.351036505,1,1,440316548,path,,,NON_MOTOR_VEHICLE,NON_MOTOR_VEHICLE,highway=path,VERY_LOW,TO_BE_RECONCILED,RESTRICTED_NOT_MODELLABLE,TO_BE_RECONCILED,TO_BE_RECONCILED,,False,0.0,False,False,
GEO_1006,45.759465390635604,13.639936118483284,860824.4045374917,5077801.354897088,1,1,658503235,path,,,NON_MOTOR_VEHICLE,NON_MOTOR_VEHICLE,highway=path; access=permissive; motor_vehicle=no; bicycle=yes; foot=yes; surface=pebblestone,VERY_LOW,TO_BE_RECONCILED,RESTRICTED_NOT_MODELLABLE,TO_BE_RECONCILED,TO_BE_RECONCILED,,False,0.0,False,False,
GEO_1007,46.521260702705916,13.705508606768518,860900.4499773053,5162731.291533441,2,1,241541183,track,,,AGRICULTURAL_TRACK,AGRICULTURAL_TRACK,highway=track; tracktype=grade4,VERY_LOW,TO_BE_RECONCILED,RESTRICTED_NOT_MODELLABLE,TO_BE_RECONCILED,TO_BE_RECONCILED,,False,62.139,False,False,
GEO_1008,46.49593180739827,13.703079822773445,860882.1422900625,5159906.205320795,1,1,461332360,cycleway,,Ciclovia Alpe Adria,NON_MOTOR_VEHICLE,NON_MOTOR_VEHICLE,highway=cycleway; name=Ciclovia Alpe Adria; bicycle=designated; foot=designated; smoothness=excellent; surface=asphalt,VERY_LOW,TO_BE_RECONCILED,RESTRICTED_NOT_MODELLABLE,TO_BE_RECONCILED,TO_BE_RECONCILED,,False,0.0,False,False,
GEO_1009,46.49615212600856,13.703132579408786,860884.7293876603,5159930.923575498,1,1,425248821,track,,,AGRICULTURAL_TRACK,AGRICULTURAL_TRACK,highway=track; tracktype=grade2; surface=pebblestone,VERY_LOW,TO_BE_RECONCILED,RESTRICTED_NOT_MODELLABLE,TO_BE_RECONCILED,TO_BE_RECONCILED,,False,0.0,False,False,
GEO_1010,46.49691021343892,13.703362820410726,860897.3682994831,5160016.198900632,1,1,40229349,track,,,AGRICULTURAL_TRACK,AGRICULTURAL_TRACK,highway=track,VERY_LOW,TO_BE_RECONCILED,RESTRICTED_NOT_MODELLABLE,TO_BE_RECONCILED,TO_BE_RECONCILED,,False,0.0,False,False,
GEO_1011,46.497256277677366,13.703499323583628,860905.5467290747,5160055.270569738,2,2,225102917|225102918,primary,SS54,,OPEN_ORDINARY,OPEN_ORDINARY,highway=primary; ref=SS54; surface=asphalt,HIGH,TO_BE_RECONCILED,CORE_CANDIDATE,TO_BE_RECONCILED,TO_BE_RECONCILED,,False,8.364,False,False,
GEO_1012,46.50170160960077,13.703978905500325,860912.8638977538,5160551.329257504,1,1,291947426,track,,,AGRICULTURAL_TRACK,AGRICULTURAL_TRACK,highway=track,VERY_LOW,TO_BE_RECONCILED,RESTRICTED_NOT_MODELLABLE,TO_BE_RECONCILED,TO_BE_RECONCILED,,False,0.0,False,False,
GEO_1013,45.7578866466925,13.641634102713036,860966.64184181,5077633.646962947,1,1,658503235,path,,,NON_MOTOR_VEHICLE,NON_MOTOR_VEHICLE,highway=path; access=permissive; motor_vehicle=no; bicycle=yes; foot=yes; surface=pebblestone,VERY_LOW,TO_BE_RECONCILED,RESTRICTED_NOT_MODELLABLE,TO_BE_RECONCILED,TO_BE_RECONCILED,,False,0.0,False,False,
GEO_1014,46.52104919677741,13.707752273194476,861073.9167489831,5162718.07328818,1,1,366860415,path,,,NON_MOTOR_VEHICLE,NON_MOTOR_VEHICLE,highway=path,VERY_LOW,TO_BE_RECONCILED,RESTRICTED_NOT_MODELLABLE,TO_BE_RECONCILED,TO_BE_RECONCILED,,False,0.0,False,False,
GEO_1015,46.52128563761968,13.709728739902237,861223.9183354176,5162753.401076905,5,1,366860414,path,,,NON_MOTOR_VEHICLE,NON_MOTOR_VEHICLE,highway=path,VERY_LOW,TO_BE_RECONCILED,RESTRICTED_NOT_MODELLABLE,TO_BE_RECONCILED,TO_BE_RECONCILED,,False,220.074,False,False,
GEO_1016,45.75579582374093,13.645458550539338,861277.5618218856,5077418.677610186,1,1,658503236,path,,,NON_MOTOR_VEHICLE,NON_MOTOR_VEHICLE,highway=path; access=permissive; motor_vehicle=no; bicycle=yes; foot=yes; surface=pebblestone,VERY_LOW,TO_BE_RECONCILED,RESTRICTED_NOT_MODELLABLE,TO_BE_RECONCILED,TO_BE_RECONCILED,,False,0.0,False,False,
GEO_1017,46.504478123559956,13.709923275949219,861350.4556265648,5160887.02873516,1,1,857491560,track,,,AGRICULTURAL_TRACK,AGRICULTURAL_TRACK,highway=track; tracktype=grade4,VERY_LOW,TO_BE_RECONCILED,RESTRICTED_NOT_MODELLABLE,TO_BE_RECONCILED,TO_BE_RECONCILED,,False,0.0,False,False,
GEO_1018,45.75461315906188,13.64816040394845,861495.3251518868,5077299.526816709,1,1,293578628,path,,,NON_MOTOR_VEHICLE,NON_MOTOR_VEHICLE,highway=path; access=permissive; motor_vehicle=no; bicycle=yes; foot=yes; surface=dirt,VERY_LOW,TO_BE_RECONCILED,RESTRICTED_NOT_MODELLABLE,TO_BE_RECONCILED,TO_BE_RECONCILED,,False,0.0,False,False,
GEO_1019,46.52290643163424,13.713415706325577,861495.891735967,5162950.3757643,1,1,234911357,path,,,NON_MOTOR_VEHICLE,NON_MOTOR_VEHICLE,highway=path,VERY_LOW,TO_BE_RECONCILED,RESTRICTED_NOT_MODELLABLE,TO_BE_RECONCILED,TO_BE_RECONCILED,,False,0.0,False,False,
GEO_1020,46.52302294330491,13.713794674298509,861524.1786784751,5162965.05870747,2,1,220891709,track,,Seltschach,AGRICULTURAL_TRACK,AGRICULTURAL_TRACK,highway=track; name=Seltschach; tracktype=grade4; surface=ground; node_barrier=gate,VERY_LOW,TO_BE_RECONCILED,RESTRICTED_NOT_MODELLABLE,TO_BE_RECONCILED,TO_BE_RECONCILED,,False,12.01,False,False,
GEO_1021,46.52268186220815,13.713977038912253,861540.4308712599,5162928.002428098,1,1,366860417,path,,,NON_MOTOR_VEHICLE,NON_MOTOR_VEHICLE,highway=path; surface=ground,VERY_LOW,TO_BE_RECONCILED,RESTRICTED_NOT_MODELLABLE,TO_BE_RECONCILED,TO_BE_RECONCILED,,False,0.0,False,False,
GEO_1022,46.516277841091025,13.716197658182683,861753.3120873005,5162226.72747902,1,1,127811191,path,,,NON_MOTOR_VEHICLE,NON_MOTOR_VEHICLE,highway=path,VERY_LOW,TO_BE_RECONCILED,RESTRICTED_NOT_MODELLABLE,TO_BE_RECONCILED,TO_BE_RECONCILED,,False,0.0,False,False,
GEO_1023,46.51080324199404,13.716203857861538,861790.1933811025,5161618.54490759,1,1,1249494246,path,,,NON_MOTOR_VEHICLE,NON_MOTOR_VEHICLE,highway=path,VERY_LOW,TO_BE_RECONCILED,RESTRICTED_NOT_MODELLABLE,TO_BE_RECONCILED,TO_BE_RECONCILED,,False,0.0,False,False,
GEO_1024,45.80020806106386,13.66121334400296,862214.4498287789,5082423.983937097,1,1,415515673,track,,,AGRICULTURAL_TRACK,AGRICULTURAL_TRACK,highway=track; foot=yes; tracktype=grade4; surface=grass,VERY_LOW,TO_BE_RECONCILED,RESTRICTED_NOT_MODELLABLE,TO_BE_RECONCILED,TO_BE_RECONCILED,,False,0.0,False,False,
GEO_1025,45.80004735789518,13.6635328846572,862395.7299156559,5082416.668973631,1,1,804883318,path,,,NON_MOTOR_VEHICLE,NON_MOTOR_VEHICLE,highway=path,VERY_LOW,TO_BE_RECONCILED,RESTRICTED_NOT_MODELLABLE,TO_BE_RECONCILED,TO_BE_RECONCILED,,False,0.0,False,False,
GEO_1026,45.74674925080483,13.659952719325732,862463.3883766929,5076479.387494268,1,1,160548387,path,,,NON_MOTOR_VEHICLE,NON_MOTOR_VEHICLE,highway=path; motor_vehicle=no; bicycle=no; foot=yes; surface=gravel,VERY_LOW,TO_BE_RECONCILED,RESTRICTED_NOT_MODELLABLE,TO_BE_RECONCILED,TO_BE_RECONCILED,,False,0.0,False,False,
GEO_1027,45.79964977361621,13.669209569870798,862839.4146275457,5082398.312433365,1,1,205799955,path,,,NON_MOTOR_VEHICLE,NON_MOTOR_VEHICLE,highway=path; surface=grass,VERY_LOW,TO_BE_RECONCILED,RESTRICTED_NOT_MODELLABLE,TO_BE_RECONCILED,TO_BE_RECONCILED,,False,0.0,False,False,
GEO_1028,45.74245918944373,13.66670977685294,863016.8052476491,5076033.501772793,6,1,346573162,path,,,NON_MOTOR_VEHICLE,NON_MOTOR_VEHICLE,highway=path; surface=rocky,VERY_LOW,TO_BE_RECONCILED,RESTRICTED_NOT_MODELLABLE,TO_BE_RECONCILED,TO_BE_RECONCILED,,False,341.995,False,False,
GEO_1029,45.791704621431954,13.675886334419406,863409.9789513802,5081546.065149492,1,1,41747647,track,,,AGRICULTURAL_TRACK,AGRICULTURAL_TRACK,highway=track; bicycle=yes; tracktype=grade2; surface=ground,VERY_LOW,TO_BE_RECONCILED,RESTRICTED_NOT_MODELLABLE,TO_BE_RECONCILED,TO_BE_RECONCILED,,False,0.0,False,False,
GEO_1030,45.793468528119966,13.678206799605421,863578.8195617762,5081752.597568738,1,1,51707250,track,,,AGRICULTURAL_TRACK,AGRICULTURAL_TRACK,highway=track; tracktype=grade3; surface=gravel,VERY_LOW,TO_BE_RECONCILED,RESTRICTED_NOT_MODELLABLE,TO_BE_RECONCILED,TO_BE_RECONCILED,,False,0.0,False,False,
GEO_1031,45.79407945634641,13.679127461932474,863646.384606606,5081824.664542621,2,1,41747647,track,,,AGRICULTURAL_TRACK,AGRICULTURAL_TRACK,highway=track; bicycle=yes; tracktype=grade2; surface=ground,VERY_LOW,TO_BE_RECONCILED,RESTRICTED_NOT_MODELLABLE,TO_BE_RECONCILED,TO_BE_RECONCILED,,False,45.905,False,False,
GEO_1032,45.78580061992382,13.69278757354301,864762.0536578528,5080967.323976097,4,1,452982960,path,,,NON_MOTOR_VEHICLE,NON_MOTOR_VEHICLE,highway=path; surface=ground,VERY_LOW,TO_BE_RECONCILED,RESTRICTED_NOT_MODELLABLE,TO_BE_RECONCILED,TO_BE_RECONCILED,,False,157.949,False,False,
GEO_1033,45.78193006896569,13.697729563319164,865171.4862823444,5080559.946601793,1,1,194136775,path,,,NON_MOTOR_VEHICLE,NON_MOTOR_VEHICLE,highway=path; smoothness=impassable,VERY_LOW,TO_BE_RECONCILED,RESTRICTED_NOT_MODELLABLE,TO_BE_RECONCILED,TO_BE_RECONCILED,,False,0.0,False,False,
GEO_1034,45.779730539716205,13.700598968455903,865408.9211511186,5080328.7353992,1,1,471296369,tertiary,617,,OPEN_ORDINARY,OPEN_ORDINARY,highway=tertiary; ref=617; surface=asphalt; maxheight=3.7,MEDIUM,TO_BE_RECONCILED,SECONDARY_BUT_POSSIBLY_MATERIAL,TO_BE_RECONCILED,TO_BE_RECONCILED,,False,0.0,False,False,
GEO_1035,45.77580766227148,13.707053676055262,865936.3731547138,5079922.521022007,1,1,54268044,track,,,AGRICULTURAL_TRACK,AGRICULTURAL_TRACK,highway=track; tracktype=grade2; surface=gravel,VERY_LOW,TO_BE_RECONCILED,RESTRICTED_NOT_MODELLABLE,TO_BE_RECONCILED,TO_BE_RECONCILED,,False,0.0,False,False,
GEO_1036,45.70533825800299,13.71102935200572,866707.4805598797,5072112.175865997,1,1,91432547,service,,,OPEN_LOCAL,OPEN_LOCAL,highway=service; service=parking_aisle; surface=paved,VERY_LOW,TO_BE_RECONCILED,MINOR_LIKELY_EXCLUDABLE,TO_BE_RECONCILED,TO_BE_RECONCILED,,False,0.0,False,False,
GEO_1037,45.77103602196696,13.717560236231833,866784.4721588846,5079440.676253232,1,1,622442659,path,,,NON_MOTOR_VEHICLE,NON_MOTOR_VEHICLE,highway=path,VERY_LOW,TO_BE_RECONCILED,RESTRICTED_NOT_MODELLABLE,TO_BE_RECONCILED,TO_BE_RECONCILED,,False,0.0,False,False,
GEO_1038,45.70685167256143,13.713439164756595,866885.1279412657,5072291.370523097,2,1,1182747108,footway,,,NON_MOTOR_VEHICLE,NON_MOTOR_VEHICLE,highway=footway,VERY_LOW,TO_BE_RECONCILED,RESTRICTED_NOT_MODELLABLE,TO_BE_RECONCILED,TO_BE_RECONCILED,,False,4.573,False,False,
GEO_1039,45.707882097317146,13.713675409725667,866896.7595552304,5072406.927495981,2,1,1492713964,pedestrian,,,NON_MOTOR_VEHICLE,NON_MOTOR_VEHICLE,highway=pedestrian,VERY_LOW,TO_BE_RECONCILED,RESTRICTED_NOT_MODELLABLE,TO_BE_RECONCILED,TO_BE_RECONCILED,,False,2.142,False,False,
GEO_1040,45.77032036296804,13.719361179082796,866929.1876929991,5079369.453149073,1,1,194134651,path,,,NON_MOTOR_VEHICLE,NON_MOTOR_VEHICLE,highway=path; surface=grass_paver,VERY_LOW,TO_BE_RECONCILED,RESTRICTED_NOT_MODELLABLE,TO_BE_RECONCILED,TO_BE_RECONCILED,,False,0.0,False,False,
GEO_1041,45.76937241145431,13.720970101354492,867060.5050055587,5079271.5439236285,1,1,53061062,path,,,NON_MOTOR_VEHICLE,NON_MOTOR_VEHICLE,highway=path; surface=ground,VERY_LOW,TO_BE_RECONCILED,RESTRICTED_NOT_MODELLABLE,TO_BE_RECONCILED,TO_BE_RECONCILED,,False,0.0,False,False,
GEO_1042,45.769143508289076,13.721508699616244,867103.8839530796,5079248.592603408,1,1,721225732,path,,,NON_MOTOR_VEHICLE,NON_MOTOR_VEHICLE,highway=path,VERY_LOW,TO_BE_RECONCILED,RESTRICTED_NOT_MODELLABLE,TO_BE_RECONCILED,TO_BE_RECONCILED,,False,0.0,False,False,
GEO_1043,45.768739213966185,13.72274475597688,867202.6421653958,5079209.367002299,2,1,622442657,path,,,NON_MOTOR_VEHICLE,NON_MOTOR_VEHICLE,highway=path,VERY_LOW,TO_BE_RECONCILED,RESTRICTED_NOT_MODELLABLE,TO_BE_RECONCILED,TO_BE_RECONCILED,,False,137.009,False,False,
GEO_1044,45.76817222225218,13.724250821130441,867323.4639871572,5079153.310938355,1,1,622442660,path,,,NON_MOTOR_VEHICLE,NON_MOTOR_VEHICLE,highway=path; tracktype=grade5; surface=ground,VERY_LOW,TO_BE_RECONCILED,RESTRICTED_NOT_MODELLABLE,TO_BE_RECONCILED,TO_BE_RECONCILED,,False,0.0,False,False,
GEO_1045,45.60230263517346,13.72014696654886,868093.0448864319,5060707.701265169,2,1,973881570,secondary,,Strada per Lazzaretto,OPEN_ORDINARY,OPEN_ORDINARY,highway=secondary; name=Strada per Lazzaretto; surface=asphalt,MEDIUM,TO_BE_RECONCILED,SECONDARY_BUT_POSSIBLY_MATERIAL,TO_BE_RECONCILED,TO_BE_RECONCILED,,False,97.675,False,False,
GEO_1046,45.764180822927074,13.733665819967758,868081.7688459358,5078753.286544231,1,1,721228705,path,,,NON_MOTOR_VEHICLE,NON_MOTOR_VEHICLE,highway=path,VERY_LOW,TO_BE_RECONCILED,RESTRICTED_NOT_MODELLABLE,TO_BE_RECONCILED,TO_BE_RECONCILED,,False,0.0,False,False,
GEO_1047,45.761289393438524,13.733937916630417,868121.9833920263,5078433.326947608,3,1,665302181,track,,,AGRICULTURAL_TRACK,AGRICULTURAL_TRACK,highway=track; tracktype=grade5; surface=grass,VERY_LOW,TO_BE_RECONCILED,RESTRICTED_NOT_MODELLABLE,TO_BE_RECONCILED,TO_BE_RECONCILED,,False,65.197,False,False,
GEO_1048,45.69742591297522,13.730137502288203,868246.8338040602,5071321.087517106,1,1,1207160689,steps,,,NON_MOTOR_VEHICLE,NON_MOTOR_VEHICLE,highway=steps; surface=metal,VERY_LOW,TO_BE_RECONCILED,RESTRICTED_NOT_MODELLABLE,TO_BE_RECONCILED,TO_BE_RECONCILED,,False,0.0,False,False,
GEO_1049,45.594706362018485,13.723052526823306,868369.4323139803,5059877.194170409,1,1,902417456,footway,,,NON_MOTOR_VEHICLE,NON_MOTOR_VEHICLE,highway=footway,VERY_LOW,TO_BE_RECONCILED,RESTRICTED_NOT_MODELLABLE,TO_BE_RECONCILED,TO_BE_RECONCILED,,False,0.0,False,False,
GEO_1050,45.5956332309092,13.72355209623747,868402.3154950059,5059982.460845516,4,2,736792177|736792208,footway|service,,,OPEN_LOCAL,NON_MOTOR_VEHICLE|OPEN_LOCAL,highway=footway; surface=ground || highway=service; access=permissive; service=driveway,VERY_LOW,TO_BE_RECONCILED,MINOR_LIKELY_EXCLUDABLE,TO_BE_RECONCILED,TO_BE_RECONCILED,,False,63.858,True,True,
GEO_1051,45.594693947679005,13.724068711317644,868448.7661437087,5059880.493432997,1,1,948281427,secondary,406,,OPEN_ORDINARY,OPEN_ORDINARY,highway=secondary; ref=406; surface=asphalt,MEDIUM,TO_BE_RECONCILED,SECONDARY_BUT_POSSIBLY_MATERIAL,TO_BE_RECONCILED,TO_BE_RECONCILED,,False,0.0,False,False,
GEO_1052,45.69481018619834,13.735494070146729,868681.052403549,5071055.209465592,1,1,235536907,steps,,,NON_MOTOR_VEHICLE,NON_MOTOR_VEHICLE,highway=steps; surface=metal,VERY_LOW,TO_BE_RECONCILED,RESTRICTED_NOT_MODELLABLE,TO_BE_RECONCILED,TO_BE_RECONCILED,,False,0.0,False,False,
GEO_1053,45.75725831750581,13.74189753406971,868767.5166101682,5078022.258085218,1,1,185370258,path,,,NON_MOTOR_VEHICLE,NON_MOTOR_VEHICLE,highway=path; surface=ground,VERY_LOW,TO_BE_RECONCILED,RESTRICTED_NOT_MODELLABLE,TO_BE_RECONCILED,TO_BE_RECONCILED,,False,0.0,False,False,
GEO_1054,45.693460818633376,13.736690944300548,868783.1183707314,5070910.8304988695,1,1,808056571,footway,,,NON_MOTOR_VEHICLE,NON_MOTOR_VEHICLE,highway=footway; surface=paving_stones,VERY_LOW,TO_BE_RECONCILED,RESTRICTED_NOT_MODELLABLE,TO_BE_RECONCILED,TO_BE_RECONCILED,,False,0.0,False,False,
GEO_1055,45.59615694206847,13.73198590718001,869056.6182752626,5060079.503373294,1,1,150349669,track,,,AGRICULTURAL_TRACK,AGRICULTURAL_TRACK,highway=track; tracktype=grade2,VERY_LOW,TO_BE_RECONCILED,RESTRICTED_NOT_MODELLABLE,TO_BE_RECONCILED,TO_BE_RECONCILED,,False,0.0,False,False,
GEO_1056,45.59537615271981,13.733549627943436,869183.7012170763,5059999.97794194,2,1,134528211,unclassified,,Lazaret / Lazzaretto,OPEN_LOCAL,OPEN_LOCAL,highway=unclassified; name=Lazaret / Lazzaretto; surface=asphalt,LOW,TO_BE_RECONCILED,MINOR_LIKELY_EXCLUDABLE,TO_BE_RECONCILED,TO_BE_RECONCILED,,False,0.239,False,False,
GEO_1057,45.59638173760231,13.735381165925434,869319.930228794,5060120.141109585,1,1,134528168,track,,,AGRICULTURAL_TRACK,AGRICULTURAL_TRACK,highway=track; tracktype=grade2,VERY_LOW,TO_BE_RECONCILED,RESTRICTED_NOT_MODELLABLE,TO_BE_RECONCILED,TO_BE_RECONCILED,,False,0.0,False,False,
GEO_1058,45.68846663840513,13.743874231728592,869375.3007422648,5070389.204902069,1,1,828099144,steps,,,NON_MOTOR_VEHICLE,NON_MOTOR_VEHICLE,highway=steps; node_barrier=gate,VERY_LOW,TO_BE_RECONCILED,RESTRICTED_NOT_MODELLABLE,TO_BE_RECONCILED,TO_BE_RECONCILED,,False,0.0,False,False,
GEO_1059,45.68836443151591,13.744025090668666,869387.720765994,5070378.548070661,1,1,828099145,steps,,,NON_MOTOR_VEHICLE,NON_MOTOR_VEHICLE,highway=steps; node_barrier=gate,VERY_LOW,TO_BE_RECONCILED,RESTRICTED_NOT_MODELLABLE,TO_BE_RECONCILED,TO_BE_RECONCILED,,False,0.0,False,False,
GEO_1060,45.59655641027279,13.73663478076487,869416.548205087,5060145.332427051,1,1,134528109,track,,,AGRICULTURAL_TRACK,AGRICULTURAL_TRACK,highway=track; tracktype=grade2,VERY_LOW,TO_BE_RECONCILED,RESTRICTED_NOT_MODELLABLE,TO_BE_RECONCILED,TO_BE_RECONCILED,,False,0.0,False,False,
GEO_1061,45.68769787543656,13.745065114471704,869473.0946118545,5070309.30844775,2,1,870665830,pedestrian,,Ex Cedas,NON_MOTOR_VEHICLE,NON_MOTOR_VEHICLE,highway=pedestrian; name=Ex Cedas; surface=sett,VERY_LOW,TO_BE_RECONCILED,RESTRICTED_NOT_MODELLABLE,TO_BE_RECONCILED,TO_BE_RECONCILED,,False,21.181,False,False,
GEO_1062,45.75537638239224,13.750801551439249,869472.3681220246,5077854.375927789,1,1,185370258,path,,,NON_MOTOR_VEHICLE,NON_MOTOR_VEHICLE,highway=path; surface=ground,VERY_LOW,TO_BE_RECONCILED,RESTRICTED_NOT_MODELLABLE,TO_BE_RECONCILED,TO_BE_RECONCILED,,False,0.0,False,False,
GEO_1063,45.68736497814672,13.745402092002857,869501.5285120193,5070273.8847966185,1,1,870665835,steps,,,NON_MOTOR_VEHICLE,NON_MOTOR_VEHICLE,highway=steps,VERY_LOW,TO_BE_RECONCILED,RESTRICTED_NOT_MODELLABLE,TO_BE_RECONCILED,TO_BE_RECONCILED,,False,0.0,False,False,
GEO_1064,45.75545591385871,13.75482747212309,869784.9203258237,5077881.858708245,1,1,799419328,path,,,NON_MOTOR_VEHICLE,NON_MOTOR_VEHICLE,highway=path,VERY_LOW,TO_BE_RECONCILED,RESTRICTED_NOT_MODELLABLE,TO_BE_RECONCILED,TO_BE_RECONCILED,,False,0.0,False,False,
GEO_1065,45.755520814777114,13.756048418157809,869879.4382114157,5077894.727054626,1,1,92725010,track,,,AGRICULTURAL_TRACK,AGRICULTURAL_TRACK,highway=track; access=forestry; tracktype=grade2; smoothness=intermediate; surface=fine_gravel,VERY_LOW,TO_BE_RECONCILED,RESTRICTED_NOT_MODELLABLE,TO_BE_RECONCILED,TO_BE_RECONCILED,,False,0.0,False,False,
GEO_1066,45.59748719040243,13.743787451372386,869968.2370715968,5060281.780253336,1,1,858451473,tertiary,,Località Chiampore,OPEN_ORDINARY,OPEN_ORDINARY,highway=tertiary; name=Località Chiampore; surface=asphalt,MEDIUM,TO_BE_RECONCILED,SECONDARY_BUT_POSSIBLY_MATERIAL,TO_BE_RECONCILED,TO_BE_RECONCILED,,False,0.0,False,False,
GEO_1067,45.68175753617469,13.751405860251168,870006.0342310832,5069678.730062398,9,3,1525465546|1525465548|1525465549,pedestrian,,Piazzale 11 Settembre 2001,NON_MOTOR_VEHICLE,NON_MOTOR_VEHICLE,highway=pedestrian || highway=pedestrian; name=Piazzale 11 Settembre 2001,VERY_LOW,TO_BE_RECONCILED,RESTRICTED_NOT_MODELLABLE,TO_BE_RECONCILED,TO_BE_RECONCILED,,False,41.004,False,False,
GEO_1068,45.641434323255986,13.7482140128464,870023.6147274442,5065184.392943339,1,1,993294576,service,,Punto Franco Nuovo,RESTRICTED,RESTRICTED,highway=service; name=Punto Franco Nuovo; access=destination,VERY_LOW,TO_BE_RECONCILED,RESTRICTED_NOT_MODELLABLE,TO_BE_RECONCILED,TO_BE_RECONCILED,,False,0.0,False,False,
GEO_1069,45.59801649978876,13.747155197375502,870227.3861941154,5060356.15864321,2,1,134528167,track,,,AGRICULTURAL_TRACK,AGRICULTURAL_TRACK,highway=track; tracktype=grade1; surface=compacted,VERY_LOW,TO_BE_RECONCILED,RESTRICTED_NOT_MODELLABLE,TO_BE_RECONCILED,TO_BE_RECONCILED,,False,16.341,False,False,
GEO_1070,45.59667434682872,13.749614348792285,870428.0151663012,5060218.438909565,1,1,902417458,residential,,,OPEN_LOCAL,OPEN_LOCAL,highway=residential; tracktype=grade1; surface=gravel,LOW,TO_BE_RECONCILED,MINOR_LIKELY_EXCLUDABLE,TO_BE_RECONCILED,TO_BE_RECONCILED,,False,0.0,False,False,
GEO_1071,45.64634381174169,13.75776894999001,870735.725866844,5065774.058750052,16,2,993960784|993960785,footway|pedestrian,,,NON_MOTOR_VEHICLE,NON_MOTOR_VEHICLE,highway=footway || highway=pedestrian; surface=paving_stones || highway=pedestrian; surface=paving_stones; node_barrier=gate,VERY_LOW,TO_BE_RECONCILED,RESTRICTED_NOT_MODELLABLE,TO_BE_RECONCILED,TO_BE_RECONCILED,,False,348.06,False,False,
GEO_1072,45.75251784339034,13.765381539311047,870625.1555226804,5077604.423174872,1,1,318381417,path,,,NON_MOTOR_VEHICLE,NON_MOTOR_VEHICLE,highway=path; surface=grass,VERY_LOW,TO_BE_RECONCILED,RESTRICTED_NOT_MODELLABLE,TO_BE_RECONCILED,TO_BE_RECONCILED,,False,0.0,False,False,
GEO_1073,45.60710165760286,13.754393655731166,870731.9029703985,5061398.955538408,1,1,813174114,pedestrian,,,NON_MOTOR_VEHICLE,NON_MOTOR_VEHICLE,highway=pedestrian,VERY_LOW,TO_BE_RECONCILED,RESTRICTED_NOT_MODELLABLE,TO_BE_RECONCILED,TO_BE_RECONCILED,,False,0.0,False,False,
GEO_1074,45.607221552284216,13.754897163178091,870770.3711994631,5061414.608144968,1,1,813174116,pedestrian,,,NON_MOTOR_VEHICLE,NON_MOTOR_VEHICLE,highway=pedestrian,VERY_LOW,TO_BE_RECONCILED,RESTRICTED_NOT_MODELLABLE,TO_BE_RECONCILED,TO_BE_RECONCILED,,False,0.0,False,False,
GEO_1075,45.749890954760474,13.771803996551746,871142.0780481459,5077342.444617204,2,1,799419322,path,,,NON_MOTOR_VEHICLE,NON_MOTOR_VEHICLE,highway=path; smoothness=impassable; surface=ground,VERY_LOW,TO_BE_RECONCILED,RESTRICTED_NOT_MODELLABLE,TO_BE_RECONCILED,TO_BE_RECONCILED,,False,82.644,False,False,
GEO_1076,45.592921911724154,13.759544172185413,871227.2121227701,5059847.594541158,1,1,986967969,unclassified,,Via di Crevatini,OPEN_LOCAL,OPEN_LOCAL,highway=unclassified; name=Via di Crevatini; surface=asphalt,LOW,TO_BE_RECONCILED,MINOR_LIKELY_EXCLUDABLE,TO_BE_RECONCILED,TO_BE_RECONCILED,,False,0.0,False,False,
GEO_1077,45.65269380915851,13.765133629069352,871267.5163293438,5066513.664274176,3,1,875522378,pedestrian,,Molo Audace,NON_MOTOR_VEHICLE,NON_MOTOR_VEHICLE,highway=pedestrian; name=Molo Audace; surface=paving_stones,VERY_LOW,TO_BE_RECONCILED,RESTRICTED_NOT_MODELLABLE,TO_BE_RECONCILED,TO_BE_RECONCILED,,False,9.999,False,False,
GEO_1078,45.651509195772725,13.767686055966662,871474.2229025618,5066393.921659157,1,1,875522378,pedestrian,,Molo Audace,NON_MOTOR_VEHICLE,NON_MOTOR_VEHICLE,highway=pedestrian; name=Molo Audace; surface=paving_stones,VERY_LOW,TO_BE_RECONCILED,RESTRICTED_NOT_MODELLABLE,TO_BE_RECONCILED,TO_BE_RECONCILED,,False,0.0,False,False,
GEO_1079,45.63373351968797,13.766255549130175,871480.4964321553,5064412.554278054,1,1,87516559,unclassified,,,OPEN_LOCAL,OPEN_LOCAL,highway=unclassified; surface=asphalt,LOW,TO_BE_RECONCILED,MINOR_LIKELY_EXCLUDABLE,TO_BE_RECONCILED,TO_BE_RECONCILED,,False,0.0,False,False,
GEO_1080,45.59083183735165,13.764474815836879,871625.5907568391,5059638.292074816,4,3,88343060|148450577|902417460,residential|unclassified,,Via dei Mulini,OPEN_LOCAL,OPEN_LOCAL,highway=residential; name=Via dei Mulini; surface=concrete || highway=unclassified,LOW,TO_BE_RECONCILED,MINOR_LIKELY_EXCLUDABLE,TO_BE_RECONCILED,TO_BE_RECONCILED,,False,80.304,False,False,
GEO_1081,45.590421887564425,13.764854785297421,871657.9384055437,5059594.5149539905,1,1,858451472,service,,,OPEN_LOCAL,OPEN_LOCAL,highway=service,VERY_LOW,TO_BE_RECONCILED,MINOR_LIKELY_EXCLUDABLE,TO_BE_RECONCILED,TO_BE_RECONCILED,,False,0.0,False,False,
GEO_1082,45.62618441169061,13.772848364657012,872044.3667094902,5063604.564021484,1,1,1206998038,service,,,RESTRICTED,RESTRICTED,highway=service; access=destination,VERY_LOW,TO_BE_RECONCILED,RESTRICTED_NOT_MODELLABLE,TO_BE_RECONCILED,TO_BE_RECONCILED,,False,0.0,False,False,
GEO_1083,45.62613132823582,13.773212633923865,872073.1120717587,5063600.361572946,1,1,1206998039,service,,,RESTRICTED,RESTRICTED,highway=service; access=destination,VERY_LOW,TO_BE_RECONCILED,RESTRICTED_NOT_MODELLABLE,TO_BE_RECONCILED,TO_BE_RECONCILED,,False,0.0,False,False,
GEO_1084,45.62606029990013,13.773531130329648,872098.4086574139,5063593.952771186,1,1,1206998041,service,,,RESTRICTED,RESTRICTED,highway=service; access=destination,VERY_LOW,TO_BE_RECONCILED,RESTRICTED_NOT_MODELLABLE,TO_BE_RECONCILED,TO_BE_RECONCILED,,False,0.0,False,False,
GEO_1085,45.74809520489034,13.783972595503972,872100.4295975133,5077199.61363962,1,1,199090702,path,,,NON_MOTOR_VEHICLE,NON_MOTOR_VEHICLE,highway=path; surface=ground,VERY_LOW,TO_BE_RECONCILED,RESTRICTED_NOT_MODELLABLE,TO_BE_RECONCILED,TO_BE_RECONCILED,,False,0.0,False,False,
GEO_1086,45.6288759383852,13.773937358659298,872111.3997872461,5063908.63519202,1,1,1044257604,service,,,RESTRICTED,RESTRICTED,highway=service; access=destination,VERY_LOW,TO_BE_RECONCILED,RESTRICTED_NOT_MODELLABLE,TO_BE_RECONCILED,TO_BE_RECONCILED,,False,0.0,False,False,
GEO_1087,45.7479875973805,13.784261321371226,872123.6021545596,5077189.005531728,2,1,740113252,track,,,AGRICULTURAL_TRACK,AGRICULTURAL_TRACK,highway=track; tracktype=grade3,VERY_LOW,TO_BE_RECONCILED,RESTRICTED_NOT_MODELLABLE,TO_BE_RECONCILED,TO_BE_RECONCILED,,False,18.816,False,False,
GEO_1088,45.625902860433676,13.773972877765258,872133.8853453435,5063578.51807112,3,1,1206998040,service,,,RESTRICTED,RESTRICTED,highway=service; access=destination,VERY_LOW,TO_BE_RECONCILED,RESTRICTED_NOT_MODELLABLE,TO_BE_RECONCILED,TO_BE_RECONCILED,,False,32.255,False,False,
GEO_1089,45.628562093630016,13.774170047856865,872131.6176524281,5063874.852584939,1,1,1044257594,service,,,RESTRICTED,RESTRICTED,highway=service; access=destination,VERY_LOW,TO_BE_RECONCILED,RESTRICTED_NOT_MODELLABLE,TO_BE_RECONCILED,TO_BE_RECONCILED,,False,0.0,False,False,
GEO_1090,45.628045464630176,13.774322360183252,872146.9158327574,5063818.168480437,1,1,1044257605,service,,,RESTRICTED,RESTRICTED,highway=service; access=destination,VERY_LOW,TO_BE_RECONCILED,RESTRICTED_NOT_MODELLABLE,TO_BE_RECONCILED,TO_BE_RECONCILED,,False,0.0,False,False,
GEO_1091,45.62771728280418,13.774554874542432,872167.2155727217,5063782.79242969,1,1,1044257606,service,,,RESTRICTED,RESTRICTED,highway=service; access=destination,VERY_LOW,TO_BE_RECONCILED,RESTRICTED_NOT_MODELLABLE,TO_BE_RECONCILED,TO_BE_RECONCILED,,False,0.0,False,False,
GEO_1092,45.62764240320438,13.774983395480614,872201.1129073262,5063776.468261771,1,1,1044257607,service,,,RESTRICTED,RESTRICTED,highway=service; access=destination,VERY_LOW,TO_BE_RECONCILED,RESTRICTED_NOT_MODELLABLE,TO_BE_RECONCILED,TO_BE_RECONCILED,,False,0.0,False,False,
GEO_1093,45.627527752574515,13.775387165646132,872233.3449871258,5063765.61086535,1,1,1044257604,service,,,RESTRICTED,RESTRICTED,highway=service; access=destination,VERY_LOW,TO_BE_RECONCILED,RESTRICTED_NOT_MODELLABLE,TO_BE_RECONCILED,TO_BE_RECONCILED,,False,0.0,False,False,
GEO_1094,45.74639985339149,13.788522688660267,872465.617690651,5077032.4985537045,1,1,117402898,path,,,NON_MOTOR_VEHICLE,NON_MOTOR_VEHICLE,highway=path; surface=grass,VERY_LOW,TO_BE_RECONCILED,RESTRICTED_NOT_MODELLABLE,TO_BE_RECONCILED,TO_BE_RECONCILED,,False,0.0,False,False,
GEO_1095,45.585731230006644,13.77692233405664,872630.2655523922,5059129.542761574,2,2,49276996|134630526,track|unclassified,,,OPEN_LOCAL,AGRICULTURAL_TRACK|OPEN_LOCAL,highway=track; tracktype=grade2 || highway=unclassified,LOW,TO_BE_RECONCILED,MINOR_LIKELY_EXCLUDABLE,TO_BE_RECONCILED,TO_BE_RECONCILED,,False,7.805,True,True,
GEO_1096,45.584359699116746,13.780522972772541,872920.2263251815,5058993.94977051,2,2,509850948|509850952,footway,,,NON_MOTOR_VEHICLE,NON_MOTOR_VEHICLE,highway=footway; surface=wood,VERY_LOW,TO_BE_RECONCILED,RESTRICTED_NOT_MODELLABLE,TO_BE_RECONCILED,TO_BE_RECONCILED,,False,11.708,False,False,
GEO_1097,45.58414613285938,13.780986683839355,872957.8152427452,5058972.385375575,1,1,88297708,path,,,NON_MOTOR_VEHICLE,NON_MOTOR_VEHICLE,highway=path,VERY_LOW,TO_BE_RECONCILED,RESTRICTED_NOT_MODELLABLE,TO_BE_RECONCILED,TO_BE_RECONCILED,,False,0.0,False,False,
GEO_1098,45.61361545460005,13.783759687652612,872978.3788342946,5062259.084038807,2,2,224515793|225126693,footway,,,NON_MOTOR_VEHICLE,NON_MOTOR_VEHICLE,highway=footway; access=destination,VERY_LOW,TO_BE_RECONCILED,RESTRICTED_NOT_MODELLABLE,TO_BE_RECONCILED,TO_BE_RECONCILED,,False,2.36,False,False,
GEO_1099,45.5840135300168,13.781452504224553,872995.0315855697,5058959.825314,1,1,88297691,track,,,OPEN_LOCAL,OPEN_LOCAL,highway=track; motor_vehicle=yes; bicycle=yes; foot=yes; tracktype=grade2; smoothness=bad; surface=compacted,VERY_LOW,TO_BE_RECONCILED,MINOR_LIKELY_EXCLUDABLE,TO_BE_RECONCILED,TO_BE_RECONCILED,,False,0.0,False,False,
GEO_1100,45.583852825708284,13.78208464603418,873045.4085660777,5058944.918897336,1,1,902417465,path,,,NON_MOTOR_VEHICLE,NON_MOTOR_VEHICLE,highway=path,VERY_LOW,TO_BE_RECONCILED,RESTRICTED_NOT_MODELLABLE,TO_BE_RECONCILED,TO_BE_RECONCILED,,False,0.0,False,False,
GEO_1101,45.58327958228959,13.78613251973399,873364.9721442119,5058900.112862498,1,1,166709189,path,,,NON_MOTOR_VEHICLE,NON_MOTOR_VEHICLE,highway=path,VERY_LOW,TO_BE_RECONCILED,RESTRICTED_NOT_MODELLABLE,TO_BE_RECONCILED,TO_BE_RECONCILED,,False,0.0,False,False,
GEO_1102,45.73565501016914,13.80168113141187,873560.8703901736,5075900.329670494,1,1,495907635,track,,,AGRICULTURAL_TRACK,AGRICULTURAL_TRACK,highway=track; tracktype=grade2; surface=grass,VERY_LOW,TO_BE_RECONCILED,RESTRICTED_NOT_MODELLABLE,TO_BE_RECONCILED,TO_BE_RECONCILED,,False,0.0,False,False,
GEO_1103,45.60121650320409,13.790666999150728,873599.3869669384,5060913.903899641,1,1,454835872,unclassified,,,OPEN_LOCAL,OPEN_LOCAL,highway=unclassified,LOW,TO_BE_RECONCILED,MINOR_LIKELY_EXCLUDABLE,TO_BE_RECONCILED,TO_BE_RECONCILED,,False,0.0,False,False,
GEO_1104,45.728990518018456,13.805625894824129,873912.3184497892,5075178.429124561,4,2,64095125|145911537,track,,,AGRICULTURAL_TRACK,AGRICULTURAL_TRACK,highway=track; tracktype=grade3 || highway=track; tracktype=grade3; surface=ground,VERY_LOW,TO_BE_RECONCILED,RESTRICTED_NOT_MODELLABLE,TO_BE_RECONCILED,TO_BE_RECONCILED,,False,100.381,False,False,
GEO_1105,45.582729021787316,13.793628663094623,873953.3794468874,5058873.949041757,3,2,62084110|902417467,path,,,NON_MOTOR_VEHICLE,NON_MOTOR_VEHICLE,highway=path,VERY_LOW,TO_BE_RECONCILED,RESTRICTED_NOT_MODELLABLE,TO_BE_RECONCILED,TO_BE_RECONCILED,,False,26.956,False,False,
GEO_1106,45.727570680389,13.806644023187502,874001.0285307213,5075025.466248838,1,1,64095125,track,,,AGRICULTURAL_TRACK,AGRICULTURAL_TRACK,highway=track; tracktype=grade3; surface=ground,VERY_LOW,TO_BE_RECONCILED,RESTRICTED_NOT_MODELLABLE,TO_BE_RECONCILED,TO_BE_RECONCILED,,False,0.0,False,False,
GEO_1107,45.58257620240464,13.794434211736295,874017.234699826,5058860.736475049,2,2,44024846|445399361,cycleway|path,,,NON_MOTOR_VEHICLE,NON_MOTOR_VEHICLE,highway=cycleway; foot=yes; smoothness=good; surface=asphalt || highway=path; access=private; surface=unpaved,VERY_LOW,TO_BE_RECONCILED,RESTRICTED_NOT_MODELLABLE,TO_BE_RECONCILED,TO_BE_RECONCILED,,False,7.133,False,False,
GEO_1108,45.582209673858834,13.79597970427778,874140.2339452762,5058827.24228539,1,1,134630543,path,,,NON_MOTOR_VEHICLE,NON_MOTOR_VEHICLE,highway=path; foot=yes; surface=unpaved,VERY_LOW,TO_BE_RECONCILED,RESTRICTED_NOT_MODELLABLE,TO_BE_RECONCILED,TO_BE_RECONCILED,,False,0.0,False,False,
GEO_1109,45.5824400349807,13.797370164583043,874247.166108042,5058859.334388398,5,5,148319235|748557462|832928883|951435039|1198927283,tertiary_link|trunk|trunk_link,A,Via Flavia di Stramare,OPEN_ORDINARY,OPEN_ORDINARY,highway=tertiary_link; surface=asphalt || highway=trunk; ref=A; motor_vehicle=yes; hgv=yes; bicycle=no; foot=no; surface=asphalt; toll=no || highway=trunk_link; name=Via Flavia di Stramare; bicycle=yes || highway=trunk_link; surface=asphalt,VERY_HIGH,TO_BE_RECONCILED,CORE_CANDIDATE,TO_BE_RECONCILED,TO_BE_RECONCILED,,False,42.82,False,False,
GEO_1110,45.72329772703954,13.810802554170634,874353.1859227298,5074570.267307729,1,1,391706626,track,,Sentiero di San Giacomo / Jakobova pot,AGRICULTURAL_TRACK,AGRICULTURAL_TRACK,highway=track; name=Sentiero di San Giacomo / Jakobova pot; tracktype=grade4,VERY_LOW,TO_BE_RECONCILED,RESTRICTED_NOT_MODELLABLE,TO_BE_RECONCILED,TO_BE_RECONCILED,,False,0.0,False,False,
GEO_1111,45.72254604364073,13.811939662548703,874446.6978944325,5074492.093958331,1,1,378662792,track,,,AGRICULTURAL_TRACK,AGRICULTURAL_TRACK,highway=track; tracktype=grade3,VERY_LOW,TO_BE_RECONCILED,RESTRICTED_NOT_MODELLABLE,TO_BE_RECONCILED,TO_BE_RECONCILED,,False,0.0,False,False,
GEO_1112,45.721382787128334,13.814185659276962,874629.2545908417,5074373.402025445,1,1,26727993,secondary,SP9,,OPEN_ORDINARY,OPEN_ORDINARY,highway=secondary; ref=SP9; surface=asphalt,MEDIUM,TO_BE_RECONCILED,SECONDARY_BUT_POSSIBLY_MATERIAL,TO_BE_RECONCILED,TO_BE_RECONCILED,,False,0.0,False,False,
GEO_1113,45.58164905067657,13.803133640687802,874702.0318876922,5058798.430703925,1,1,129835516,unclassified,,,OPEN_LOCAL,OPEN_LOCAL,highway=unclassified; surface=asphalt,LOW,TO_BE_RECONCILED,MINOR_LIKELY_EXCLUDABLE,TO_BE_RECONCILED,TO_BE_RECONCILED,,False,0.0,False,False,
GEO_1114,45.60702444499369,13.806072356571725,874761.9483889017,5061631.165126903,1,1,346257369,service,,,PRIVATE,PRIVATE,highway=service; access=private; service=driveway,VERY_LOW,TO_BE_RECONCILED,RESTRICTED_NOT_MODELLABLE,TO_BE_RECONCILED,TO_BE_RECONCILED,,False,0.0,False,False,
GEO_1115,45.60704161999704,13.806323230777686,874781.3951108411,5061634.248391467,1,1,797393055,service,,,PRIVATE,PRIVATE,highway=service; access=private; service=driveway; surface=asphalt; node_barrier=gate,VERY_LOW,TO_BE_RECONCILED,RESTRICTED_NOT_MODELLABLE,TO_BE_RECONCILED,TO_BE_RECONCILED,,False,0.0,False,False,
GEO_1116,45.72016616585534,13.816264421510912,874799.1627467105,5074248.0016605975,1,1,256330507,track,,,AGRICULTURAL_TRACK,AGRICULTURAL_TRACK,highway=track; tracktype=grade3; surface=ground,VERY_LOW,TO_BE_RECONCILED,RESTRICTED_NOT_MODELLABLE,TO_BE_RECONCILED,TO_BE_RECONCILED,,False,0.0,False,False,
GEO_1117,45.71925841116636,13.817818180080346,874926.1533562557,5074154.452616505,1,1,159003588,track,,,AGRICULTURAL_TRACK,AGRICULTURAL_TRACK,highway=track; tracktype=grade2,VERY_LOW,TO_BE_RECONCILED,RESTRICTED_NOT_MODELLABLE,TO_BE_RECONCILED,TO_BE_RECONCILED,,False,0.0,False,False,
GEO_1118,45.581314183057,13.807656817654061,875057.1114638714,5058782.416792713,1,1,134630508,track,,,AGRICULTURAL_TRACK,AGRICULTURAL_TRACK,highway=track; tracktype=grade2,VERY_LOW,TO_BE_RECONCILED,RESTRICTED_NOT_MODELLABLE,TO_BE_RECONCILED,TO_BE_RECONCILED,,False,0.0,False,False,
GEO_1119,45.71612815460863,13.823806309150983,875413.1352939677,5073834.843786854,1,1,83377598,track,,,AGRICULTURAL_TRACK,AGRICULTURAL_TRACK,highway=track; tracktype=grade5; surface=grass,VERY_LOW,TO_BE_RECONCILED,RESTRICTED_NOT_MODELLABLE,TO_BE_RECONCILED,TO_BE_RECONCILED,,False,0.0,False,False,
GEO_1120,45.714807830097115,13.82619218146052,875607.6705725214,5073699.387165524,1,1,202490186,track,,,AGRICULTURAL_TRACK,AGRICULTURAL_TRACK,highway=track; tracktype=grade5,VERY_LOW,TO_BE_RECONCILED,RESTRICTED_NOT_MODELLABLE,TO_BE_RECONCILED,TO_BE_RECONCILED,,False,0.0,False,False,
GEO_1121,45.714656474861165,13.826407347719817,875625.4316503273,5073683.5850430215,1,1,771738269,track,,,AGRICULTURAL_TRACK,AGRICULTURAL_TRACK,highway=track; tracktype=grade5,VERY_LOW,TO_BE_RECONCILED,RESTRICTED_NOT_MODELLABLE,TO_BE_RECONCILED,TO_BE_RECONCILED,,False,0.0,False,False,
GEO_1122,45.714506411519366,13.826620677425325,875643.0412167516,5073667.917845554,2,1,114469882,path,,,NON_MOTOR_VEHICLE,NON_MOTOR_VEHICLE,highway=path,VERY_LOW,TO_BE_RECONCILED,RESTRICTED_NOT_MODELLABLE,TO_BE_RECONCILED,TO_BE_RECONCILED,,False,8.282,False,False,
GEO_1123,45.71338166131801,13.827900893196459,875750.2260137531,5073548.991134884,1,1,669805411,path,,,NON_MOTOR_VEHICLE,NON_MOTOR_VEHICLE,highway=path,VERY_LOW,TO_BE_RECONCILED,RESTRICTED_NOT_MODELLABLE,TO_BE_RECONCILED,TO_BE_RECONCILED,,False,0.0,False,False,
GEO_1124,45.712243552396565,13.828935870544242,875838.4185649247,5073427.427750305,1,1,143771090,path,,,NON_MOTOR_VEHICLE,NON_MOTOR_VEHICLE,highway=path; tracktype=grade5; surface=grass,VERY_LOW,TO_BE_RECONCILED,RESTRICTED_NOT_MODELLABLE,TO_BE_RECONCILED,TO_BE_RECONCILED,,False,0.0,False,False,
GEO_1125,45.695717456666536,13.832348609844631,876215.1085537951,5071607.590665277,1,1,322001662,track,,,AGRICULTURAL_TRACK,AGRICULTURAL_TRACK,highway=track; tracktype=grade2; surface=gravel,VERY_LOW,TO_BE_RECONCILED,RESTRICTED_NOT_MODELLABLE,TO_BE_RECONCILED,TO_BE_RECONCILED,,False,0.0,False,False,
GEO_1126,45.70668354538145,13.833972532578594,876267.7920565287,5072833.477155831,1,1,683888935,path,,,NON_MOTOR_VEHICLE,NON_MOTOR_VEHICLE,highway=path; surface=ground,VERY_LOW,TO_BE_RECONCILED,RESTRICTED_NOT_MODELLABLE,TO_BE_RECONCILED,TO_BE_RECONCILED,,False,0.0,False,False,
GEO_1127,45.687884919271724,13.833565742256678,876362.5147856156,5070743.198063624,1,1,235790757,track,,,AGRICULTURAL_TRACK,AGRICULTURAL_TRACK,highway=track; tracktype=grade3; surface=ground,VERY_LOW,TO_BE_RECONCILED,RESTRICTED_NOT_MODELLABLE,TO_BE_RECONCILED,TO_BE_RECONCILED,,False,0.0,False,False,
GEO_1128,45.68719479301508,13.833731799246895,876380.0831141488,5070667.313467479,1,1,94571135,unclassified,,,OPEN_LOCAL,OPEN_LOCAL,highway=unclassified; motor_vehicle=permissive; bicycle=yes; foot=yes; tracktype=grade1; surface=asphalt,LOW,TO_BE_RECONCILED,MINOR_LIKELY_EXCLUDABLE,TO_BE_RECONCILED,TO_BE_RECONCILED,,False,0.0,False,False,
GEO_1129,45.70005630991508,13.835403303989768,876423.7311535862,5072103.991332943,1,1,1279226266,primary,SS58,Strada Statale 58 della Carniola,OPEN_ORDINARY,OPEN_ORDINARY,highway=primary; ref=SS58; name=Strada Statale 58 della Carniola; surface=asphalt; toll=no,HIGH,TO_BE_RECONCILED,CORE_CANDIDATE,TO_BE_RECONCILED,TO_BE_RECONCILED,,False,0.0,False,False,
GEO_1130,45.69972437104153,13.835522251922548,876435.2230528342,5072067.676435033,1,1,46930256,motorway,A3,,OPEN_ORDINARY,OPEN_ORDINARY,highway=motorway; ref=A3; surface=asphalt; toll=no,VERY_HIGH,TO_BE_RECONCILED,CORE_CANDIDATE,TO_BE_RECONCILED,TO_BE_RECONCILED,,False,0.0,False,False,
GEO_1131,45.69952728560753,13.835550765706369,876438.7682799795,5072045.916358031,2,2,54038040|54038043,unclassified,,,OPEN_LOCAL,OPEN_LOCAL,highway=unclassified; access=permissive; surface=asphalt,LOW,TO_BE_RECONCILED,MINOR_LIKELY_EXCLUDABLE,TO_BE_RECONCILED,TO_BE_RECONCILED,,False,10.364,False,False,
GEO_1132,45.69868501778782,13.835693832450767,876455.5704490474,5071953.022087775,3,1,297509791,track,,,AGRICULTURAL_TRACK,AGRICULTURAL_TRACK,highway=track,VERY_LOW,TO_BE_RECONCILED,RESTRICTED_NOT_MODELLABLE,TO_BE_RECONCILED,TO_BE_RECONCILED,,False,88.722,False,False,
GEO_1133,45.68422897119817,13.83884082270123,876797.8330047702,5070361.920223203,1,1,807911123,path,,,NON_MOTOR_VEHICLE,NON_MOTOR_VEHICLE,highway=path,VERY_LOW,TO_BE_RECONCILED,RESTRICTED_NOT_MODELLABLE,TO_BE_RECONCILED,TO_BE_RECONCILED,,False,0.0,False,False,
GEO_1134,45.58212665708963,13.830445013428845,876829.3389369989,5058979.720661938,1,1,466387314,footway,,,NON_MOTOR_VEHICLE,NON_MOTOR_VEHICLE,highway=footway,VERY_LOW,TO_BE_RECONCILED,RESTRICTED_NOT_MODELLABLE,TO_BE_RECONCILED,TO_BE_RECONCILED,,False,0.0,False,False,
GEO_1135,45.58215892778044,13.831309295090412,876896.5429126993,5058987.375529603,1,1,466387311,footway,,,NON_MOTOR_VEHICLE,NON_MOTOR_VEHICLE,highway=footway,VERY_LOW,TO_BE_RECONCILED,RESTRICTED_NOT_MODELLABLE,TO_BE_RECONCILED,TO_BE_RECONCILED,,False,0.0,False,False,
GEO_1136,45.58227353557285,13.833172984003461,877041.1554969267,5059008.885966051,1,1,466387298,footway,,,NON_MOTOR_VEHICLE,NON_MOTOR_VEHICLE,highway=footway,VERY_LOW,TO_BE_RECONCILED,RESTRICTED_NOT_MODELLABLE,TO_BE_RECONCILED,TO_BE_RECONCILED,,False,0.0,False,False,
GEO_1137,45.58231672775556,13.835671266364947,877235.7496495188,5059025.457279878,1,1,166709190,track,,,AGRICULTURAL_TRACK,AGRICULTURAL_TRACK,highway=track; tracktype=grade3; surface=ground,VERY_LOW,TO_BE_RECONCILED,RESTRICTED_NOT_MODELLABLE,TO_BE_RECONCILED,TO_BE_RECONCILED,,False,0.0,False,False,
GEO_1138,45.58234184886412,13.836409634864207,877293.1790257085,5059031.728706227,2,2,902417471|1253798462,path|track,,,AGRICULTURAL_TRACK,AGRICULTURAL_TRACK|NON_MOTOR_VEHICLE,highway=path; surface=dirt || highway=track; tracktype=grade3; surface=gravel,VERY_LOW,TO_BE_RECONCILED,RESTRICTED_NOT_MODELLABLE,TO_BE_RECONCILED,TO_BE_RECONCILED,,False,9.881,False,False,
GEO_1139,45.58239084338221,13.83687532892473,877329.1775112344,5059039.367112906,1,1,166817955,path,,,NON_MOTOR_VEHICLE,NON_MOTOR_VEHICLE,highway=path,VERY_LOW,TO_BE_RECONCILED,RESTRICTED_NOT_MODELLABLE,TO_BE_RECONCILED,TO_BE_RECONCILED,,False,0.0,False,False,
GEO_1140,45.58245539643501,13.837488916516737,877376.6081803779,5059049.431516709,1,1,60692520,track,,,AGRICULTURAL_TRACK,AGRICULTURAL_TRACK,highway=track; tracktype=grade3; surface=ground,VERY_LOW,TO_BE_RECONCILED,RESTRICTED_NOT_MODELLABLE,TO_BE_RECONCILED,TO_BE_RECONCILED,,False,0.0,False,False,
GEO_1141,45.58248632128781,13.838700107338187,877470.881782226,5059058.579026037,1,1,118756177,secondary,,,OPEN_ORDINARY,OPEN_ORDINARY,highway=secondary; surface=asphalt,MEDIUM,TO_BE_RECONCILED,SECONDARY_BUT_POSSIBLY_MATERIAL,TO_BE_RECONCILED,TO_BE_RECONCILED,,False,0.0,False,False,
GEO_1142,45.67806486404284,13.847129962567958,877484.8131876694,5069716.271322363,1,1,218254005,track,,,AGRICULTURAL_TRACK,AGRICULTURAL_TRACK,highway=track; bicycle=yes; foot=yes; tracktype=grade4; surface=ground,VERY_LOW,TO_BE_RECONCILED,RESTRICTED_NOT_MODELLABLE,TO_BE_RECONCILED,TO_BE_RECONCILED,,False,0.0,False,False,
GEO_1143,45.6759140663915,13.848891945051994,877636.5259344564,5069485.663006813,1,1,1109638584,path,,,NON_MOTOR_VEHICLE,NON_MOTOR_VEHICLE,highway=path; motorcar=no; tracktype=grade2; surface=dirt,VERY_LOW,TO_BE_RECONCILED,RESTRICTED_NOT_MODELLABLE,TO_BE_RECONCILED,TO_BE_RECONCILED,,False,0.0,False,False,
GEO_1144,45.67439133507513,13.850420475236621,877765.8319270818,5069323.726590097,1,1,132998676,path,,,NON_MOTOR_VEHICLE,NON_MOTOR_VEHICLE,highway=path; tracktype=grade4; surface=ground,VERY_LOW,TO_BE_RECONCILED,RESTRICTED_NOT_MODELLABLE,TO_BE_RECONCILED,TO_BE_RECONCILED,,False,0.0,False,False,
GEO_1145,45.67323168829603,13.851484395920481,877856.5108928317,5069199.930766386,1,1,848742857,path,,,NON_MOTOR_VEHICLE,NON_MOTOR_VEHICLE,highway=path; surface=ground,VERY_LOW,TO_BE_RECONCILED,RESTRICTED_NOT_MODELLABLE,TO_BE_RECONCILED,TO_BE_RECONCILED,,False,0.0,False,False,
GEO_1146,45.67159522195452,13.853102174903078,877993.5461301986,5069025.785597771,2,1,333030070,track,,,AGRICULTURAL_TRACK,AGRICULTURAL_TRACK,highway=track; tracktype=grade4; surface=gravel,VERY_LOW,TO_BE_RECONCILED,RESTRICTED_NOT_MODELLABLE,TO_BE_RECONCILED,TO_BE_RECONCILED,,False,91.97,False,False,
GEO_1147,45.67110813689657,13.85368068546976,878041.8887720671,5068974.411514554,1,1,1040474576,path,,Trail del Spago,NON_MOTOR_VEHICLE,NON_MOTOR_VEHICLE,highway=path; name=Trail del Spago; surface=ground,VERY_LOW,TO_BE_RECONCILED,RESTRICTED_NOT_MODELLABLE,TO_BE_RECONCILED,TO_BE_RECONCILED,,False,0.0,False,False,
GEO_1148,45.66961092959303,13.855116853486297,878163.8484016526,5068814.880757709,1,1,333052071,track,,,AGRICULTURAL_TRACK,AGRICULTURAL_TRACK,highway=track; tracktype=grade4,VERY_LOW,TO_BE_RECONCILED,RESTRICTED_NOT_MODELLABLE,TO_BE_RECONCILED,TO_BE_RECONCILED,,False,0.0,False,False,
GEO_1149,45.5847874850562,13.850299715990067,878360.2367011731,5059368.994233767,5,2,30881491|134630509,track,,,AGRICULTURAL_TRACK,AGRICULTURAL_TRACK,highway=track; tracktype=grade2 || highway=track; tracktype=grade2; surface=gravel,VERY_LOW,TO_BE_RECONCILED,RESTRICTED_NOT_MODELLABLE,TO_BE_RECONCILED,TO_BE_RECONCILED,,False,190.708,False,False,
GEO_1150,45.6675938755492,13.85644437562763,878280.8614563105,5068597.087469396,1,1,1305053369,path,,,NON_MOTOR_VEHICLE,NON_MOTOR_VEHICLE,highway=path,VERY_LOW,TO_BE_RECONCILED,RESTRICTED_NOT_MODELLABLE,TO_BE_RECONCILED,TO_BE_RECONCILED,,False,0.0,False,False,
GEO_1151,45.587892988454314,13.850504535312169,878355.3012200419,5059714.954209893,1,1,902417477,path,,,NON_MOTOR_VEHICLE,NON_MOTOR_VEHICLE,highway=path; surface=dirt,VERY_LOW,TO_BE_RECONCILED,RESTRICTED_NOT_MODELLABLE,TO_BE_RECONCILED,TO_BE_RECONCILED,,False,0.0,False,False,
GEO_1152,45.58490472541418,13.8507925163669,878397.887589677,5059384.348123203,1,1,541677801,track,,,AGRICULTURAL_TRACK,AGRICULTURAL_TRACK,highway=track; tracktype=grade5; surface=gravel,VERY_LOW,TO_BE_RECONCILED,RESTRICTED_NOT_MODELLABLE,TO_BE_RECONCILED,TO_BE_RECONCILED,,False,0.0,False,False,
GEO_1153,45.58645619394889,13.850958483415454,878400.3852284714,5059557.48638145,1,1,125218817,track,,,AGRICULTURAL_TRACK,AGRICULTURAL_TRACK,highway=track; tracktype=grade2,VERY_LOW,TO_BE_RECONCILED,RESTRICTED_NOT_MODELLABLE,TO_BE_RECONCILED,TO_BE_RECONCILED,,False,0.0,False,False,
GEO_1154,45.66598515124885,13.857842633871686,878400.6336149841,5068424.992630906,1,1,51049482,track,,,AGRICULTURAL_TRACK,AGRICULTURAL_TRACK,highway=track; tracktype=grade2; surface=gravel,VERY_LOW,TO_BE_RECONCILED,RESTRICTED_NOT_MODELLABLE,TO_BE_RECONCILED,TO_BE_RECONCILED,,False,0.0,False,False,
GEO_1155,45.58944972711416,13.851259369938184,878403.6927740361,5059891.462450611,1,1,966149404,path,,,NON_MOTOR_VEHICLE,NON_MOTOR_VEHICLE,highway=path,VERY_LOW,TO_BE_RECONCILED,RESTRICTED_NOT_MODELLABLE,TO_BE_RECONCILED,TO_BE_RECONCILED,,False,0.0,False,False,
GEO_1156,45.58529320095828,13.85124548180336,878430.6041675799,5059429.646019928,1,1,227846393,track,,,AGRICULTURAL_TRACK,AGRICULTURAL_TRACK,highway=track; bicycle=yes; foot=yes; surface=ground,VERY_LOW,TO_BE_RECONCILED,RESTRICTED_NOT_MODELLABLE,TO_BE_RECONCILED,TO_BE_RECONCILED,,False,0.0,False,False,
GEO_1157,45.590763617059366,13.852596129672992,878499.104187856,5060043.745529009,1,1,166817932,secondary,SP11,SP11,OPEN_ORDINARY,OPEN_ORDINARY,highway=secondary; ref=SP11; name=SP11; motor_vehicle=yes; bicycle=yes; surface=concrete,MEDIUM,TO_BE_RECONCILED,SECONDARY_BUT_POSSIBLY_MATERIAL,TO_BE_RECONCILED,TO_BE_RECONCILED,,False,0.0,False,False,
GEO_1158,45.664758108996175,13.859237669607927,878517.5824142736,5068295.285894966,1,1,625718856,path,,,NON_MOTOR_VEHICLE,NON_MOTOR_VEHICLE,highway=path,VERY_LOW,TO_BE_RECONCILED,RESTRICTED_NOT_MODELLABLE,TO_BE_RECONCILED,TO_BE_RECONCILED,,False,0.0,False,False,
GEO_1159,45.66384777201018,13.860608132656031,878630.48178313,5068200.647749804,1,1,51050132,path,,,NON_MOTOR_VEHICLE,NON_MOTOR_VEHICLE,highway=path; surface=ground,VERY_LOW,TO_BE_RECONCILED,RESTRICTED_NOT_MODELLABLE,TO_BE_RECONCILED,TO_BE_RECONCILED,,False,0.0,False,False,
GEO_1160,45.59304502126259,13.855311429113288,878695.505267499,5060310.03559427,1,1,966148210,path,,,NON_MOTOR_VEHICLE,NON_MOTOR_VEHICLE,highway=path; bicycle=designated; surface=ground,VERY_LOW,TO_BE_RECONCILED,RESTRICTED_NOT_MODELLABLE,TO_BE_RECONCILED,TO_BE_RECONCILED,,False,0.0,False,False,
GEO_1161,45.594411813338105,13.858447128519352,878930.8449881729,5060476.718994108,1,1,392995933,path,,,NON_MOTOR_VEHICLE,NON_MOTOR_VEHICLE,highway=path; bicycle=designated; surface=dirt,VERY_LOW,TO_BE_RECONCILED,RESTRICTED_NOT_MODELLABLE,TO_BE_RECONCILED,TO_BE_RECONCILED,,False,0.0,False,False,
GEO_1162,45.595468844941756,13.860641574409508,879094.8563475152,5060604.540358709,1,1,255796694,path,,,NON_MOTOR_VEHICLE,NON_MOTOR_VEHICLE,highway=path; surface=ground,VERY_LOW,TO_BE_RECONCILED,RESTRICTED_NOT_MODELLABLE,TO_BE_RECONCILED,TO_BE_RECONCILED,,False,0.0,False,False,
GEO_1163,45.65915897982426,13.867679848681147,879213.0483396349,5067713.294446038,1,1,471310327,track,,Bazoviška cesta,OPEN_LOCAL,OPEN_LOCAL,highway=track; name=Bazoviška cesta; access=yes; tracktype=grade1; surface=gravel,VERY_LOW,TO_BE_RECONCILED,MINOR_LIKELY_EXCLUDABLE,TO_BE_RECONCILED,TO_BE_RECONCILED,,False,0.0,False,False,
GEO_1164,45.65580214611628,13.8731274931759,879660.1587017834,5067366.243927167,6,1,186449076,track,,,RESTRICTED,RESTRICTED,highway=track; motor_vehicle=no; bicycle=yes; foot=yes; tracktype=grade2; surface=gravel,VERY_LOW,TO_BE_RECONCILED,RESTRICTED_NOT_MODELLABLE,TO_BE_RECONCILED,TO_BE_RECONCILED,,False,389.431,False,True,
GEO_1165,45.6084246044149,13.868531957510479,879622.6246010433,5062081.218821481,8,1,196720696,path,,,NON_MOTOR_VEHICLE,NON_MOTOR_VEHICLE,highway=path,VERY_LOW,TO_BE_RECONCILED,RESTRICTED_NOT_MODELLABLE,TO_BE_RECONCILED,TO_BE_RECONCILED,,False,271.85,False,False,
GEO_1166,45.60647759079042,13.868475987913207,879631.4254931349,5061864.658286481,1,1,141198543,path,,,NON_MOTOR_VEHICLE,NON_MOTOR_VEHICLE,highway=path; foot=yes; surface=gravel,VERY_LOW,TO_BE_RECONCILED,RESTRICTED_NOT_MODELLABLE,TO_BE_RECONCILED,TO_BE_RECONCILED,,False,0.0,False,False,
GEO_1167,45.6093860140079,13.869242365828173,879671.5141009687,5062191.394044593,1,1,902417481,track,,,AGRICULTURAL_TRACK,AGRICULTURAL_TRACK,highway=track; tracktype=grade3; surface=gravel,VERY_LOW,TO_BE_RECONCILED,RESTRICTED_NOT_MODELLABLE,TO_BE_RECONCILED,TO_BE_RECONCILED,,False,0.0,False,False,
GEO_1168,45.65415595818142,13.8758169693145,879880.8362003354,5067196.145520755,1,1,838997010,path,,,NON_MOTOR_VEHICLE,NON_MOTOR_VEHICLE,highway=path; surface=dirt,VERY_LOW,TO_BE_RECONCILED,RESTRICTED_NOT_MODELLABLE,TO_BE_RECONCILED,TO_BE_RECONCILED,,False,0.0,False,False,
GEO_1169,45.610718114297434,13.875422866953112,880144.383252114,5062368.732065541,1,1,63121273,track,,,AGRICULTURAL_TRACK,AGRICULTURAL_TRACK,highway=track; tracktype=grade2; surface=gravel,VERY_LOW,TO_BE_RECONCILED,RESTRICTED_NOT_MODELLABLE,TO_BE_RECONCILED,TO_BE_RECONCILED,,False,0.0,False,False,
GEO_1170,45.6520018271337,13.879236680296469,880161.8637729093,5066973.1000583265,2,2,508142855|1037171590,secondary|service,SP10,,OPEN_ORDINARY,OPEN_LOCAL|OPEN_ORDINARY,highway=secondary; ref=SP10; surface=asphalt || highway=service; service=parking_aisle; surface=asphalt,MEDIUM,TO_BE_RECONCILED,SECONDARY_BUT_POSSIBLY_MATERIAL,TO_BE_RECONCILED,TO_BE_RECONCILED,,False,11.869,False,False,
GEO_1171,45.61274809659273,13.881133140259257,880575.8361074985,5062621.398053124,1,1,166231852,path,,,NON_MOTOR_VEHICLE,NON_MOTOR_VEHICLE,highway=path; surface=ground,VERY_LOW,TO_BE_RECONCILED,RESTRICTED_NOT_MODELLABLE,TO_BE_RECONCILED,TO_BE_RECONCILED,,False,0.0,False,False,
GEO_1172,45.64926781837889,13.884975767572632,880627.5574486437,5066696.688646136,1,1,902417821,track,,,AGRICULTURAL_TRACK,AGRICULTURAL_TRACK,highway=track; tracktype=grade3; surface=gravel,VERY_LOW,TO_BE_RECONCILED,RESTRICTED_NOT_MODELLABLE,TO_BE_RECONCILED,TO_BE_RECONCILED,,False,0.0,False,False,
GEO_1173,45.61428733848723,13.883468953686782,880747.5060344995,5062803.510002621,1,1,1381206900,path,,,NON_MOTOR_VEHICLE,NON_MOTOR_VEHICLE,highway=path,VERY_LOW,TO_BE_RECONCILED,RESTRICTED_NOT_MODELLABLE,TO_BE_RECONCILED,TO_BE_RECONCILED,,False,0.0,False,False,
GEO_1174,45.614443498589495,13.883757787592588,880768.9649045409,5062822.232916638,1,1,166231181,track,,,PRIVATE,PRIVATE,highway=track; motor_vehicle=private; tracktype=grade3; surface=ground,VERY_LOW,TO_BE_RECONCILED,RESTRICTED_NOT_MODELLABLE,TO_BE_RECONCILED,TO_BE_RECONCILED,,False,0.0,False,False,
GEO_1175,45.61458799768804,13.88426470876744,880807.5052779635,5062840.698808834,1,1,222709109,track,,,AGRICULTURAL_TRACK,AGRICULTURAL_TRACK,highway=track; bicycle=no; foot=yes; tracktype=grade5; surface=ground,VERY_LOW,TO_BE_RECONCILED,RESTRICTED_NOT_MODELLABLE,TO_BE_RECONCILED,TO_BE_RECONCILED,,False,0.0,False,False,
GEO_1176,45.61512209670884,13.88556599671026,880905.3318239563,5062906.228634848,1,1,498832898,path,,,NON_MOTOR_VEHICLE,NON_MOTOR_VEHICLE,highway=path; bicycle=no; surface=ground,VERY_LOW,TO_BE_RECONCILED,RESTRICTED_NOT_MODELLABLE,TO_BE_RECONCILED,TO_BE_RECONCILED,,False,0.0,False,False,
GEO_1177,45.64730846586604,13.888424120409942,880909.5429641972,5066495.448632005,1,1,543308352,track,,,AGRICULTURAL_TRACK,AGRICULTURAL_TRACK,highway=track; tracktype=grade3; surface=gravel,VERY_LOW,TO_BE_RECONCILED,RESTRICTED_NOT_MODELLABLE,TO_BE_RECONCILED,TO_BE_RECONCILED,,False,0.0,False,False,
GEO_1178,45.615709589086435,13.886690319589919,880988.997678349,5062976.8486203,1,1,902417488,path,,,NON_MOTOR_VEHICLE,NON_MOTOR_VEHICLE,highway=path; foot=yes; smoothness=horrible; surface=gravel,VERY_LOW,TO_BE_RECONCILED,RESTRICTED_NOT_MODELLABLE,TO_BE_RECONCILED,TO_BE_RECONCILED,,False,0.0,False,False,
GEO_1179,45.64675012637757,13.889482159746944,880995.7756333842,5066438.464505686,1,1,316817819,track,,,AGRICULTURAL_TRACK,AGRICULTURAL_TRACK,highway=track; tracktype=grade5; surface=grass,VERY_LOW,TO_BE_RECONCILED,RESTRICTED_NOT_MODELLABLE,TO_BE_RECONCILED,TO_BE_RECONCILED,,False,0.0,False,False,
GEO_1180,45.64612378462928,13.89075717192683,881099.3781928474,5066374.961433559,1,1,312113973,path,,,NON_MOTOR_VEHICLE,NON_MOTOR_VEHICLE,highway=path; surface=grass,VERY_LOW,TO_BE_RECONCILED,RESTRICTED_NOT_MODELLABLE,TO_BE_RECONCILED,TO_BE_RECONCILED,,False,0.0,False,False,
GEO_1181,45.616142818676316,13.8887453949471,881146.2703199838,5063034.767812933,1,1,405869506,path,,,NON_MOTOR_VEHICLE,NON_MOTOR_VEHICLE,highway=path; foot=yes; smoothness=bad; surface=gravel,VERY_LOW,TO_BE_RECONCILED,RESTRICTED_NOT_MODELLABLE,TO_BE_RECONCILED,TO_BE_RECONCILED,,False,0.0,False,False,
GEO_1182,45.64558005278251,13.892095133164322,881207.3261977839,5066320.9373375485,1,1,316812134,track,,,AGRICULTURAL_TRACK,AGRICULTURAL_TRACK,highway=track; tracktype=grade3; surface=ground,VERY_LOW,TO_BE_RECONCILED,RESTRICTED_NOT_MODELLABLE,TO_BE_RECONCILED,TO_BE_RECONCILED,,False,0.0,False,False,
GEO_1183,45.64499991977394,13.893959687664957,881356.5558617504,5066265.383409681,5,3,52917436|166817961|902417817,path|track,,Via Alpina,AGRICULTURAL_TRACK,AGRICULTURAL_TRACK|NON_MOTOR_VEHICLE,highway=path; name=Via Alpina || highway=track; tracktype=grade3; surface=gravel,VERY_LOW,TO_BE_RECONCILED,RESTRICTED_NOT_MODELLABLE,TO_BE_RECONCILED,TO_BE_RECONCILED,,False,177.365,False,False,
GEO_1184,45.61676540928708,13.890750318858261,881298.3442289652,5063113.48825842,1,1,1311090841,path,,,NON_MOTOR_VEHICLE,NON_MOTOR_VEHICLE,highway=path,VERY_LOW,TO_BE_RECONCILED,RESTRICTED_NOT_MODELLABLE,TO_BE_RECONCILED,TO_BE_RECONCILED,,False,0.0,False,False,
GEO_1185,45.64416811663571,13.895696004807235,881497.5081635464,5066181.262273143,2,1,397940959,path,,Via Alpina,NON_MOTOR_VEHICLE,NON_MOTOR_VEHICLE,highway=path; name=Via Alpina,VERY_LOW,TO_BE_RECONCILED,RESTRICTED_NOT_MODELLABLE,TO_BE_RECONCILED,TO_BE_RECONCILED,,False,68.36,False,False,
GEO_1186,45.61948454992058,13.893238531410963,881473.8399868244,5063427.42467682,1,1,809065597,path,,,NON_MOTOR_VEHICLE,NON_MOTOR_VEHICLE,highway=path,VERY_LOW,TO_BE_RECONCILED,RESTRICTED_NOT_MODELLABLE,TO_BE_RECONCILED,TO_BE_RECONCILED,,False,0.0,False,False,
GEO_1187,45.620045811134524,13.894201224408882,881545.0709736634,5063494.367925813,1,1,864363801,track,,,AGRICULTURAL_TRACK,AGRICULTURAL_TRACK,highway=track; tracktype=grade3; surface=gravel,VERY_LOW,TO_BE_RECONCILED,RESTRICTED_NOT_MODELLABLE,TO_BE_RECONCILED,TO_BE_RECONCILED,,False,0.0,False,False,
GEO_1188,45.6435697739147,13.89708700917895,881609.9681975055,5066121.431064725,1,1,1389853928,path,,,NON_MOTOR_VEHICLE,NON_MOTOR_VEHICLE,highway=path,VERY_LOW,TO_BE_RECONCILED,RESTRICTED_NOT_MODELLABLE,TO_BE_RECONCILED,TO_BE_RECONCILED,,False,0.0,False,False,
GEO_1189,45.643430317483435,13.898923147597193,881753.9923413852,5066114.705395937,2,2,763962179|1037171588,path|track,,,AGRICULTURAL_TRACK,AGRICULTURAL_TRACK|NON_MOTOR_VEHICLE,highway=path; surface=gravel || highway=track; tracktype=grade2; surface=gravel,VERY_LOW,TO_BE_RECONCILED,RESTRICTED_NOT_MODELLABLE,TO_BE_RECONCILED,TO_BE_RECONCILED,,False,2.885,False,False,
GEO_1190,45.62109674964154,13.897718878386828,881812.137099587,5063627.905577089,1,1,1311056288,cycleway,,,NON_MOTOR_VEHICLE,NON_MOTOR_VEHICLE,highway=cycleway; bicycle=yes; foot=yes; tracktype=grade1; surface=gravel,VERY_LOW,TO_BE_RECONCILED,RESTRICTED_NOT_MODELLABLE,TO_BE_RECONCILED,TO_BE_RECONCILED,,False,0.0,False,False,
GEO_1191,45.62304661542987,13.902640285017664,882182.4947482082,5063868.025382724,2,2,72122234|72122236,primary,SS14,,OPEN_ORDINARY,OPEN_ORDINARY,highway=primary; ref=SS14; surface=asphalt,HIGH,TO_BE_RECONCILED,CORE_CANDIDATE,TO_BE_RECONCILED,TO_BE_RECONCILED,,False,1.061,False,False,
GEO_1192,45.62462786370222,13.90516205944292,882368.291943315,5064055.742076711,1,1,902417492,track,,,AGRICULTURAL_TRACK,AGRICULTURAL_TRACK,highway=track; tracktype=grade3; surface=ground,VERY_LOW,TO_BE_RECONCILED,RESTRICTED_NOT_MODELLABLE,TO_BE_RECONCILED,TO_BE_RECONCILED,,False,0.0,False,False,
GEO_1193,45.63959205031892,13.908331521510853,882513.2898841841,5065733.282006375,1,1,45743884,track,,,AGRICULTURAL_TRACK,AGRICULTURAL_TRACK,highway=track; tracktype=grade2; surface=grass; node_barrier=lift_gate; node_access=yes,VERY_LOW,TO_BE_RECONCILED,RESTRICTED_NOT_MODELLABLE,TO_BE_RECONCILED,TO_BE_RECONCILED,,False,0.0,False,False,
GEO_1194,45.63554037695195,13.915632966016496,883109.9459534442,5065318.140125673,2,2,155643609|992259032,track,,,RESTRICTED,AGRICULTURAL_TRACK|RESTRICTED,highway=track; access=forestry; motor_vehicle=no; motorcar=no; tracktype=grade3; surface=gravel || highway=track; tracktype=grade4,VERY_LOW,TO_BE_RECONCILED,RESTRICTED_NOT_MODELLABLE,TO_BE_RECONCILED,TO_BE_RECONCILED,,False,11.651,False,False,
GEO_1195,45.634631364230515,13.916984559336518,883221.4899694581,5065223.634857552,1,1,1039016720,path,,,NON_MOTOR_VEHICLE,NON_MOTOR_VEHICLE,highway=path; tracktype=grade4; surface=earth,VERY_LOW,TO_BE_RECONCILED,RESTRICTED_NOT_MODELLABLE,TO_BE_RECONCILED,TO_BE_RECONCILED,,False,0.0,False,False,
GEO_1196,45.63350688474765,13.918831533930264,883373.117633322,5065107.570278599,1,1,31136331,path,,,NON_MOTOR_VEHICLE,NON_MOTOR_VEHICLE,highway=path; smoothness=bad; surface=rocks,VERY_LOW,TO_BE_RECONCILED,RESTRICTED_NOT_MODELLABLE,TO_BE_RECONCILED,TO_BE_RECONCILED,,False,0.0,False,False,
